[2024-10-17 13:11:15] local.ERROR: SQLSTATE[HY000] [1045] Access denied for user 'u411614341_invoice'@'127.0.0.1' (using password: YES) (Connection: mysql, SQL: select * from `users` where `email` = admin@gmail.com limit 1) {"exception":"[object] (Illuminate\\Database\\QueryException(code: 1045): SQLSTATE[HY000] [1045] Access denied for user 'u411614341_invoice'@'127.0.0.1' (using password: YES) (Connection: mysql, SQL: select * from `users` where `email` = admin@gmail.com limit 1) at /home/u411614341/domains/cms.oraclemachinetech.com/public_html/vendor/laravel/framework/src/Illuminate/Database/Connection.php:801)
[stacktrace]
#0 /home/u411614341/domains/cms.oraclemachinetech.com/public_html/vendor/laravel/framework/src/Illuminate/Database/Connection.php(755): Illuminate\\Database\\Connection->runQueryCallback()
#1 /home/u411614341/domains/cms.oraclemachinetech.com/public_html/vendor/laravel/framework/src/Illuminate/Database/Connection.php(424): Illuminate\\Database\\Connection->run()
#2 /home/u411614341/domains/cms.oraclemachinetech.com/public_html/vendor/laravel/framework/src/Illuminate/Database/Query/Builder.php(2752): Illuminate\\Database\\Connection->select()
#3 /home/u411614341/domains/cms.oraclemachinetech.com/public_html/vendor/laravel/framework/src/Illuminate/Database/Query/Builder.php(2740): Illuminate\\Database\\Query\\Builder->runSelect()
#4 /home/u411614341/domains/cms.oraclemachinetech.com/public_html/vendor/laravel/framework/src/Illuminate/Database/Query/Builder.php(3294): Illuminate\\Database\\Query\\Builder->Illuminate\\Database\\Query\\{closure}()
#5 /home/u411614341/domains/cms.oraclemachinetech.com/public_html/vendor/laravel/framework/src/Illuminate/Database/Query/Builder.php(2741): Illuminate\\Database\\Query\\Builder->onceWithColumns()
#6 /home/u411614341/domains/cms.oraclemachinetech.com/public_html/vendor/laravel/framework/src/Illuminate/Database/Eloquent/Builder.php(737): Illuminate\\Database\\Query\\Builder->get()
#7 /home/u411614341/domains/cms.oraclemachinetech.com/public_html/vendor/laravel/framework/src/Illuminate/Database/Eloquent/Builder.php(721): Illuminate\\Database\\Eloquent\\Builder->getModels()
#8 /home/u411614341/domains/cms.oraclemachinetech.com/public_html/vendor/laravel/framework/src/Illuminate/Database/Concerns/BuildsQueries.php(296): Illuminate\\Database\\Eloquent\\Builder->get()
#9 /home/u411614341/domains/cms.oraclemachinetech.com/public_html/vendor/laravel/framework/src/Illuminate/Auth/EloquentUserProvider.php(139): Illuminate\\Database\\Eloquent\\Builder->first()
#10 /home/u411614341/domains/cms.oraclemachinetech.com/public_html/vendor/laravel/framework/src/Illuminate/Auth/SessionGuard.php(381): Illuminate\\Auth\\EloquentUserProvider->retrieveByCredentials()
#11 /home/u411614341/domains/cms.oraclemachinetech.com/public_html/vendor/laravel/ui/auth-backend/AuthenticatesUsers.php(87): Illuminate\\Auth\\SessionGuard->attempt()
#12 /home/u411614341/domains/cms.oraclemachinetech.com/public_html/vendor/laravel/ui/auth-backend/AuthenticatesUsers.php(46): App\\Http\\Controllers\\Auth\\LoginController->attemptLogin()
#13 /home/u411614341/domains/cms.oraclemachinetech.com/public_html/vendor/laravel/framework/src/Illuminate/Routing/Controller.php(54): App\\Http\\Controllers\\Auth\\LoginController->login()
#14 /home/u411614341/domains/cms.oraclemachinetech.com/public_html/vendor/laravel/framework/src/Illuminate/Routing/ControllerDispatcher.php(43): Illuminate\\Routing\\Controller->callAction()
#15 /home/u411614341/domains/cms.oraclemachinetech.com/public_html/vendor/laravel/framework/src/Illuminate/Routing/Route.php(260): Illuminate\\Routing\\ControllerDispatcher->dispatch()
#16 /home/u411614341/domains/cms.oraclemachinetech.com/public_html/vendor/laravel/framework/src/Illuminate/Routing/Route.php(205): Illuminate\\Routing\\Route->runController()
#17 /home/u411614341/domains/cms.oraclemachinetech.com/public_html/vendor/laravel/framework/src/Illuminate/Routing/Router.php(799): Illuminate\\Routing\\Route->run()
#18 /home/u411614341/domains/cms.oraclemachinetech.com/public_html/vendor/laravel/framework/src/Illuminate/Pipeline/Pipeline.php(141): Illuminate\\Routing\\Router->Illuminate\\Routing\\{closure}()
#19 /home/u411614341/domains/cms.oraclemachinetech.com/public_html/app/Http/Middleware/RedirectIfAuthenticated.php(30): Illuminate\\Pipeline\\Pipeline->Illuminate\\Pipeline\\{closure}()
#20 /home/u411614341/domains/cms.oraclemachinetech.com/public_html/vendor/laravel/framework/src/Illuminate/Pipeline/Pipeline.php(180): App\\Http\\Middleware\\RedirectIfAuthenticated->handle()
#21 /home/u411614341/domains/cms.oraclemachinetech.com/public_html/vendor/laravel/framework/src/Illuminate/Routing/Middleware/SubstituteBindings.php(50): Illuminate\\Pipeline\\Pipeline->Illuminate\\Pipeline\\{closure}()
#22 /home/u411614341/domains/cms.oraclemachinetech.com/public_html/vendor/laravel/framework/src/Illuminate/Pipeline/Pipeline.php(180): Illuminate\\Routing\\Middleware\\SubstituteBindings->handle()
#23 /home/u411614341/domains/cms.oraclemachinetech.com/public_html/app/Http/Middleware/Localization.php(24): Illuminate\\Pipeline\\Pipeline->Illuminate\\Pipeline\\{closure}()
#24 /home/u411614341/domains/cms.oraclemachinetech.com/public_html/vendor/laravel/framework/src/Illuminate/Pipeline/Pipeline.php(180): App\\Http\\Middleware\\Localization->handle()
#25 /home/u411614341/domains/cms.oraclemachinetech.com/public_html/vendor/laravel/framework/src/Illuminate/Foundation/Http/Middleware/VerifyCsrfToken.php(78): Illuminate\\Pipeline\\Pipeline->Illuminate\\Pipeline\\{closure}()
#26 /home/u411614341/domains/cms.oraclemachinetech.com/public_html/vendor/laravel/framework/src/Illuminate/Pipeline/Pipeline.php(180): Illuminate\\Foundation\\Http\\Middleware\\VerifyCsrfToken->handle()
#27 /home/u411614341/domains/cms.oraclemachinetech.com/public_html/vendor/laravel/framework/src/Illuminate/View/Middleware/ShareErrorsFromSession.php(49): Illuminate\\Pipeline\\Pipeline->Illuminate\\Pipeline\\{closure}()
#28 /home/u411614341/domains/cms.oraclemachinetech.com/public_html/vendor/laravel/framework/src/Illuminate/Pipeline/Pipeline.php(180): Illuminate\\View\\Middleware\\ShareErrorsFromSession->handle()
#29 /home/u411614341/domains/cms.oraclemachinetech.com/public_html/vendor/laravel/framework/src/Illuminate/Session/Middleware/StartSession.php(121): Illuminate\\Pipeline\\Pipeline->Illuminate\\Pipeline\\{closure}()
#30 /home/u411614341/domains/cms.oraclemachinetech.com/public_html/vendor/laravel/framework/src/Illuminate/Session/Middleware/StartSession.php(64): Illuminate\\Session\\Middleware\\StartSession->handleStatefulRequest()
#31 /home/u411614341/domains/cms.oraclemachinetech.com/public_html/vendor/laravel/framework/src/Illuminate/Pipeline/Pipeline.php(180): Illuminate\\Session\\Middleware\\StartSession->handle()
#32 /home/u411614341/domains/cms.oraclemachinetech.com/public_html/vendor/laravel/framework/src/Illuminate/Cookie/Middleware/AddQueuedCookiesToResponse.php(37): Illuminate\\Pipeline\\Pipeline->Illuminate\\Pipeline\\{closure}()
#33 /home/u411614341/domains/cms.oraclemachinetech.com/public_html/vendor/laravel/framework/src/Illuminate/Pipeline/Pipeline.php(180): Illuminate\\Cookie\\Middleware\\AddQueuedCookiesToResponse->handle()
#34 /home/u411614341/domains/cms.oraclemachinetech.com/public_html/vendor/laravel/framework/src/Illuminate/Cookie/Middleware/EncryptCookies.php(67): Illuminate\\Pipeline\\Pipeline->Illuminate\\Pipeline\\{closure}()
#35 /home/u411614341/domains/cms.oraclemachinetech.com/public_html/vendor/laravel/framework/src/Illuminate/Pipeline/Pipeline.php(180): Illuminate\\Cookie\\Middleware\\EncryptCookies->handle()
#36 /home/u411614341/domains/cms.oraclemachinetech.com/public_html/vendor/laravel/framework/src/Illuminate/Pipeline/Pipeline.php(116): Illuminate\\Pipeline\\Pipeline->Illuminate\\Pipeline\\{closure}()
#37 /home/u411614341/domains/cms.oraclemachinetech.com/public_html/vendor/laravel/framework/src/Illuminate/Routing/Router.php(800): Illuminate\\Pipeline\\Pipeline->then()
#38 /home/u411614341/domains/cms.oraclemachinetech.com/public_html/vendor/laravel/framework/src/Illuminate/Routing/Router.php(777): Illuminate\\Routing\\Router->runRouteWithinStack()
#39 /home/u411614341/domains/cms.oraclemachinetech.com/public_html/vendor/laravel/framework/src/Illuminate/Routing/Router.php(741): Illuminate\\Routing\\Router->runRoute()
#40 /home/u411614341/domains/cms.oraclemachinetech.com/public_html/vendor/laravel/framework/src/Illuminate/Routing/Router.php(730): Illuminate\\Routing\\Router->dispatchToRoute()
#41 /home/u411614341/domains/cms.oraclemachinetech.com/public_html/vendor/laravel/framework/src/Illuminate/Foundation/Http/Kernel.php(200): Illuminate\\Routing\\Router->dispatch()
#42 /home/u411614341/domains/cms.oraclemachinetech.com/public_html/vendor/laravel/framework/src/Illuminate/Pipeline/Pipeline.php(141): Illuminate\\Foundation\\Http\\Kernel->Illuminate\\Foundation\\Http\\{closure}()
#43 /home/u411614341/domains/cms.oraclemachinetech.com/public_html/vendor/laravel/framework/src/Illuminate/Foundation/Http/Middleware/TransformsRequest.php(21): Illuminate\\Pipeline\\Pipeline->Illuminate\\Pipeline\\{closure}()
#44 /home/u411614341/domains/cms.oraclemachinetech.com/public_html/vendor/laravel/framework/src/Illuminate/Foundation/Http/Middleware/ConvertEmptyStringsToNull.php(31): Illuminate\\Foundation\\Http\\Middleware\\TransformsRequest->handle()
#45 /home/u411614341/domains/cms.oraclemachinetech.com/public_html/vendor/laravel/framework/src/Illuminate/Pipeline/Pipeline.php(180): Illuminate\\Foundation\\Http\\Middleware\\ConvertEmptyStringsToNull->handle()
#46 /home/u411614341/domains/cms.oraclemachinetech.com/public_html/vendor/laravel/framework/src/Illuminate/Foundation/Http/Middleware/TransformsRequest.php(21): Illuminate\\Pipeline\\Pipeline->Illuminate\\Pipeline\\{closure}()
#47 /home/u411614341/domains/cms.oraclemachinetech.com/public_html/vendor/laravel/framework/src/Illuminate/Foundation/Http/Middleware/TrimStrings.php(40): Illuminate\\Foundation\\Http\\Middleware\\TransformsRequest->handle()
#48 /home/u411614341/domains/cms.oraclemachinetech.com/public_html/vendor/laravel/framework/src/Illuminate/Pipeline/Pipeline.php(180): Illuminate\\Foundation\\Http\\Middleware\\TrimStrings->handle()
#49 /home/u411614341/domains/cms.oraclemachinetech.com/public_html/vendor/laravel/framework/src/Illuminate/Foundation/Http/Middleware/ValidatePostSize.php(27): Illuminate\\Pipeline\\Pipeline->Illuminate\\Pipeline\\{closure}()
#50 /home/u411614341/domains/cms.oraclemachinetech.com/public_html/vendor/laravel/framework/src/Illuminate/Pipeline/Pipeline.php(180): Illuminate\\Foundation\\Http\\Middleware\\ValidatePostSize->handle()
#51 /home/u411614341/domains/cms.oraclemachinetech.com/public_html/vendor/laravel/framework/src/Illuminate/Foundation/Http/Middleware/PreventRequestsDuringMaintenance.php(89): Illuminate\\Pipeline\\Pipeline->Illuminate\\Pipeline\\{closure}()
#52 /home/u411614341/domains/cms.oraclemachinetech.com/public_html/vendor/laravel/framework/src/Illuminate/Pipeline/Pipeline.php(180): Illuminate\\Foundation\\Http\\Middleware\\PreventRequestsDuringMaintenance->handle()
#53 /home/u411614341/domains/cms.oraclemachinetech.com/public_html/vendor/laravel/framework/src/Illuminate/Http/Middleware/HandleCors.php(49): Illuminate\\Pipeline\\Pipeline->Illuminate\\Pipeline\\{closure}()
#54 /home/u411614341/domains/cms.oraclemachinetech.com/public_html/vendor/laravel/framework/src/Illuminate/Pipeline/Pipeline.php(180): Illuminate\\Http\\Middleware\\HandleCors->handle()
#55 /home/u411614341/domains/cms.oraclemachinetech.com/public_html/vendor/laravel/framework/src/Illuminate/Http/Middleware/TrustProxies.php(39): Illuminate\\Pipeline\\Pipeline->Illuminate\\Pipeline\\{closure}()
#56 /home/u411614341/domains/cms.oraclemachinetech.com/public_html/vendor/laravel/framework/src/Illuminate/Pipeline/Pipeline.php(180): Illuminate\\Http\\Middleware\\TrustProxies->handle()
#57 /home/u411614341/domains/cms.oraclemachinetech.com/public_html/vendor/laravel/framework/src/Illuminate/Pipeline/Pipeline.php(116): Illuminate\\Pipeline\\Pipeline->Illuminate\\Pipeline\\{closure}()
#58 /home/u411614341/domains/cms.oraclemachinetech.com/public_html/vendor/laravel/framework/src/Illuminate/Foundation/Http/Kernel.php(175): Illuminate\\Pipeline\\Pipeline->then()
#59 /home/u411614341/domains/cms.oraclemachinetech.com/public_html/vendor/laravel/framework/src/Illuminate/Foundation/Http/Kernel.php(144): Illuminate\\Foundation\\Http\\Kernel->sendRequestThroughRouter()
#60 /home/u411614341/domains/cms.oraclemachinetech.com/public_html/index.php(52): Illuminate\\Foundation\\Http\\Kernel->handle()
#61 {main}

[previous exception] [object] (PDOException(code: 1045): SQLSTATE[HY000] [1045] Access denied for user 'u411614341_invoice'@'127.0.0.1' (using password: YES) at /home/u411614341/domains/cms.oraclemachinetech.com/public_html/vendor/laravel/framework/src/Illuminate/Database/Connectors/Connector.php:65)
[stacktrace]
#0 /home/u411614341/domains/cms.oraclemachinetech.com/public_html/vendor/laravel/framework/src/Illuminate/Database/Connectors/Connector.php(65): PDO->__construct()
#1 /home/u411614341/domains/cms.oraclemachinetech.com/public_html/vendor/laravel/framework/src/Illuminate/Database/Connectors/Connector.php(45): Illuminate\\Database\\Connectors\\Connector->createPdoConnection()
#2 /home/u411614341/domains/cms.oraclemachinetech.com/public_html/vendor/laravel/framework/src/Illuminate/Database/Connectors/MySqlConnector.php(24): Illuminate\\Database\\Connectors\\Connector->createConnection()
#3 /home/u411614341/domains/cms.oraclemachinetech.com/public_html/vendor/laravel/framework/src/Illuminate/Database/Connectors/ConnectionFactory.php(184): Illuminate\\Database\\Connectors\\MySqlConnector->connect()
#4 [internal function]: Illuminate\\Database\\Connectors\\ConnectionFactory->Illuminate\\Database\\Connectors\\{closure}()
#5 /home/u411614341/domains/cms.oraclemachinetech.com/public_html/vendor/laravel/framework/src/Illuminate/Database/Connection.php(1292): call_user_func()
#6 /home/u411614341/domains/cms.oraclemachinetech.com/public_html/vendor/laravel/framework/src/Illuminate/Database/Connection.php(1328): Illuminate\\Database\\Connection->getPdo()
#7 /home/u411614341/domains/cms.oraclemachinetech.com/public_html/vendor/laravel/framework/src/Illuminate/Database/Connection.php(521): Illuminate\\Database\\Connection->getReadPdo()
#8 /home/u411614341/domains/cms.oraclemachinetech.com/public_html/vendor/laravel/framework/src/Illuminate/Database/Connection.php(416): Illuminate\\Database\\Connection->getPdoForSelect()
#9 /home/u411614341/domains/cms.oraclemachinetech.com/public_html/vendor/laravel/framework/src/Illuminate/Database/Connection.php(788): Illuminate\\Database\\Connection->Illuminate\\Database\\{closure}()
#10 /home/u411614341/domains/cms.oraclemachinetech.com/public_html/vendor/laravel/framework/src/Illuminate/Database/Connection.php(755): Illuminate\\Database\\Connection->runQueryCallback()
#11 /home/u411614341/domains/cms.oraclemachinetech.com/public_html/vendor/laravel/framework/src/Illuminate/Database/Connection.php(424): Illuminate\\Database\\Connection->run()
#12 /home/u411614341/domains/cms.oraclemachinetech.com/public_html/vendor/laravel/framework/src/Illuminate/Database/Query/Builder.php(2752): Illuminate\\Database\\Connection->select()
#13 /home/u411614341/domains/cms.oraclemachinetech.com/public_html/vendor/laravel/framework/src/Illuminate/Database/Query/Builder.php(2740): Illuminate\\Database\\Query\\Builder->runSelect()
#14 /home/u411614341/domains/cms.oraclemachinetech.com/public_html/vendor/laravel/framework/src/Illuminate/Database/Query/Builder.php(3294): Illuminate\\Database\\Query\\Builder->Illuminate\\Database\\Query\\{closure}()
#15 /home/u411614341/domains/cms.oraclemachinetech.com/public_html/vendor/laravel/framework/src/Illuminate/Database/Query/Builder.php(2741): Illuminate\\Database\\Query\\Builder->onceWithColumns()
#16 /home/u411614341/domains/cms.oraclemachinetech.com/public_html/vendor/laravel/framework/src/Illuminate/Database/Eloquent/Builder.php(737): Illuminate\\Database\\Query\\Builder->get()
#17 /home/u411614341/domains/cms.oraclemachinetech.com/public_html/vendor/laravel/framework/src/Illuminate/Database/Eloquent/Builder.php(721): Illuminate\\Database\\Eloquent\\Builder->getModels()
#18 /home/u411614341/domains/cms.oraclemachinetech.com/public_html/vendor/laravel/framework/src/Illuminate/Database/Concerns/BuildsQueries.php(296): Illuminate\\Database\\Eloquent\\Builder->get()
#19 /home/u411614341/domains/cms.oraclemachinetech.com/public_html/vendor/laravel/framework/src/Illuminate/Auth/EloquentUserProvider.php(139): Illuminate\\Database\\Eloquent\\Builder->first()
#20 /home/u411614341/domains/cms.oraclemachinetech.com/public_html/vendor/laravel/framework/src/Illuminate/Auth/SessionGuard.php(381): Illuminate\\Auth\\EloquentUserProvider->retrieveByCredentials()
#21 /home/u411614341/domains/cms.oraclemachinetech.com/public_html/vendor/laravel/ui/auth-backend/AuthenticatesUsers.php(87): Illuminate\\Auth\\SessionGuard->attempt()
#22 /home/u411614341/domains/cms.oraclemachinetech.com/public_html/vendor/laravel/ui/auth-backend/AuthenticatesUsers.php(46): App\\Http\\Controllers\\Auth\\LoginController->attemptLogin()
#23 /home/u411614341/domains/cms.oraclemachinetech.com/public_html/vendor/laravel/framework/src/Illuminate/Routing/Controller.php(54): App\\Http\\Controllers\\Auth\\LoginController->login()
#24 /home/u411614341/domains/cms.oraclemachinetech.com/public_html/vendor/laravel/framework/src/Illuminate/Routing/ControllerDispatcher.php(43): Illuminate\\Routing\\Controller->callAction()
#25 /home/u411614341/domains/cms.oraclemachinetech.com/public_html/vendor/laravel/framework/src/Illuminate/Routing/Route.php(260): Illuminate\\Routing\\ControllerDispatcher->dispatch()
#26 /home/u411614341/domains/cms.oraclemachinetech.com/public_html/vendor/laravel/framework/src/Illuminate/Routing/Route.php(205): Illuminate\\Routing\\Route->runController()
#27 /home/u411614341/domains/cms.oraclemachinetech.com/public_html/vendor/laravel/framework/src/Illuminate/Routing/Router.php(799): Illuminate\\Routing\\Route->run()
#28 /home/u411614341/domains/cms.oraclemachinetech.com/public_html/vendor/laravel/framework/src/Illuminate/Pipeline/Pipeline.php(141): Illuminate\\Routing\\Router->Illuminate\\Routing\\{closure}()
#29 /home/u411614341/domains/cms.oraclemachinetech.com/public_html/app/Http/Middleware/RedirectIfAuthenticated.php(30): Illuminate\\Pipeline\\Pipeline->Illuminate\\Pipeline\\{closure}()
#30 /home/u411614341/domains/cms.oraclemachinetech.com/public_html/vendor/laravel/framework/src/Illuminate/Pipeline/Pipeline.php(180): App\\Http\\Middleware\\RedirectIfAuthenticated->handle()
#31 /home/u411614341/domains/cms.oraclemachinetech.com/public_html/vendor/laravel/framework/src/Illuminate/Routing/Middleware/SubstituteBindings.php(50): Illuminate\\Pipeline\\Pipeline->Illuminate\\Pipeline\\{closure}()
#32 /home/u411614341/domains/cms.oraclemachinetech.com/public_html/vendor/laravel/framework/src/Illuminate/Pipeline/Pipeline.php(180): Illuminate\\Routing\\Middleware\\SubstituteBindings->handle()
#33 /home/u411614341/domains/cms.oraclemachinetech.com/public_html/app/Http/Middleware/Localization.php(24): Illuminate\\Pipeline\\Pipeline->Illuminate\\Pipeline\\{closure}()
#34 /home/u411614341/domains/cms.oraclemachinetech.com/public_html/vendor/laravel/framework/src/Illuminate/Pipeline/Pipeline.php(180): App\\Http\\Middleware\\Localization->handle()
#35 /home/u411614341/domains/cms.oraclemachinetech.com/public_html/vendor/laravel/framework/src/Illuminate/Foundation/Http/Middleware/VerifyCsrfToken.php(78): Illuminate\\Pipeline\\Pipeline->Illuminate\\Pipeline\\{closure}()
#36 /home/u411614341/domains/cms.oraclemachinetech.com/public_html/vendor/laravel/framework/src/Illuminate/Pipeline/Pipeline.php(180): Illuminate\\Foundation\\Http\\Middleware\\VerifyCsrfToken->handle()
#37 /home/u411614341/domains/cms.oraclemachinetech.com/public_html/vendor/laravel/framework/src/Illuminate/View/Middleware/ShareErrorsFromSession.php(49): Illuminate\\Pipeline\\Pipeline->Illuminate\\Pipeline\\{closure}()
#38 /home/u411614341/domains/cms.oraclemachinetech.com/public_html/vendor/laravel/framework/src/Illuminate/Pipeline/Pipeline.php(180): Illuminate\\View\\Middleware\\ShareErrorsFromSession->handle()
#39 /home/u411614341/domains/cms.oraclemachinetech.com/public_html/vendor/laravel/framework/src/Illuminate/Session/Middleware/StartSession.php(121): Illuminate\\Pipeline\\Pipeline->Illuminate\\Pipeline\\{closure}()
#40 /home/u411614341/domains/cms.oraclemachinetech.com/public_html/vendor/laravel/framework/src/Illuminate/Session/Middleware/StartSession.php(64): Illuminate\\Session\\Middleware\\StartSession->handleStatefulRequest()
#41 /home/u411614341/domains/cms.oraclemachinetech.com/public_html/vendor/laravel/framework/src/Illuminate/Pipeline/Pipeline.php(180): Illuminate\\Session\\Middleware\\StartSession->handle()
#42 /home/u411614341/domains/cms.oraclemachinetech.com/public_html/vendor/laravel/framework/src/Illuminate/Cookie/Middleware/AddQueuedCookiesToResponse.php(37): Illuminate\\Pipeline\\Pipeline->Illuminate\\Pipeline\\{closure}()
#43 /home/u411614341/domains/cms.oraclemachinetech.com/public_html/vendor/laravel/framework/src/Illuminate/Pipeline/Pipeline.php(180): Illuminate\\Cookie\\Middleware\\AddQueuedCookiesToResponse->handle()
#44 /home/u411614341/domains/cms.oraclemachinetech.com/public_html/vendor/laravel/framework/src/Illuminate/Cookie/Middleware/EncryptCookies.php(67): Illuminate\\Pipeline\\Pipeline->Illuminate\\Pipeline\\{closure}()
#45 /home/u411614341/domains/cms.oraclemachinetech.com/public_html/vendor/laravel/framework/src/Illuminate/Pipeline/Pipeline.php(180): Illuminate\\Cookie\\Middleware\\EncryptCookies->handle()
#46 /home/u411614341/domains/cms.oraclemachinetech.com/public_html/vendor/laravel/framework/src/Illuminate/Pipeline/Pipeline.php(116): Illuminate\\Pipeline\\Pipeline->Illuminate\\Pipeline\\{closure}()
#47 /home/u411614341/domains/cms.oraclemachinetech.com/public_html/vendor/laravel/framework/src/Illuminate/Routing/Router.php(800): Illuminate\\Pipeline\\Pipeline->then()
#48 /home/u411614341/domains/cms.oraclemachinetech.com/public_html/vendor/laravel/framework/src/Illuminate/Routing/Router.php(777): Illuminate\\Routing\\Router->runRouteWithinStack()
#49 /home/u411614341/domains/cms.oraclemachinetech.com/public_html/vendor/laravel/framework/src/Illuminate/Routing/Router.php(741): Illuminate\\Routing\\Router->runRoute()
#50 /home/u411614341/domains/cms.oraclemachinetech.com/public_html/vendor/laravel/framework/src/Illuminate/Routing/Router.php(730): Illuminate\\Routing\\Router->dispatchToRoute()
#51 /home/u411614341/domains/cms.oraclemachinetech.com/public_html/vendor/laravel/framework/src/Illuminate/Foundation/Http/Kernel.php(200): Illuminate\\Routing\\Router->dispatch()
#52 /home/u411614341/domains/cms.oraclemachinetech.com/public_html/vendor/laravel/framework/src/Illuminate/Pipeline/Pipeline.php(141): Illuminate\\Foundation\\Http\\Kernel->Illuminate\\Foundation\\Http\\{closure}()
#53 /home/u411614341/domains/cms.oraclemachinetech.com/public_html/vendor/laravel/framework/src/Illuminate/Foundation/Http/Middleware/TransformsRequest.php(21): Illuminate\\Pipeline\\Pipeline->Illuminate\\Pipeline\\{closure}()
#54 /home/u411614341/domains/cms.oraclemachinetech.com/public_html/vendor/laravel/framework/src/Illuminate/Foundation/Http/Middleware/ConvertEmptyStringsToNull.php(31): Illuminate\\Foundation\\Http\\Middleware\\TransformsRequest->handle()
#55 /home/u411614341/domains/cms.oraclemachinetech.com/public_html/vendor/laravel/framework/src/Illuminate/Pipeline/Pipeline.php(180): Illuminate\\Foundation\\Http\\Middleware\\ConvertEmptyStringsToNull->handle()
#56 /home/u411614341/domains/cms.oraclemachinetech.com/public_html/vendor/laravel/framework/src/Illuminate/Foundation/Http/Middleware/TransformsRequest.php(21): Illuminate\\Pipeline\\Pipeline->Illuminate\\Pipeline\\{closure}()
#57 /home/u411614341/domains/cms.oraclemachinetech.com/public_html/vendor/laravel/framework/src/Illuminate/Foundation/Http/Middleware/TrimStrings.php(40): Illuminate\\Foundation\\Http\\Middleware\\TransformsRequest->handle()
#58 /home/u411614341/domains/cms.oraclemachinetech.com/public_html/vendor/laravel/framework/src/Illuminate/Pipeline/Pipeline.php(180): Illuminate\\Foundation\\Http\\Middleware\\TrimStrings->handle()
#59 /home/u411614341/domains/cms.oraclemachinetech.com/public_html/vendor/laravel/framework/src/Illuminate/Foundation/Http/Middleware/ValidatePostSize.php(27): Illuminate\\Pipeline\\Pipeline->Illuminate\\Pipeline\\{closure}()
#60 /home/u411614341/domains/cms.oraclemachinetech.com/public_html/vendor/laravel/framework/src/Illuminate/Pipeline/Pipeline.php(180): Illuminate\\Foundation\\Http\\Middleware\\ValidatePostSize->handle()
#61 /home/u411614341/domains/cms.oraclemachinetech.com/public_html/vendor/laravel/framework/src/Illuminate/Foundation/Http/Middleware/PreventRequestsDuringMaintenance.php(89): Illuminate\\Pipeline\\Pipeline->Illuminate\\Pipeline\\{closure}()
#62 /home/u411614341/domains/cms.oraclemachinetech.com/public_html/vendor/laravel/framework/src/Illuminate/Pipeline/Pipeline.php(180): Illuminate\\Foundation\\Http\\Middleware\\PreventRequestsDuringMaintenance->handle()
#63 /home/u411614341/domains/cms.oraclemachinetech.com/public_html/vendor/laravel/framework/src/Illuminate/Http/Middleware/HandleCors.php(49): Illuminate\\Pipeline\\Pipeline->Illuminate\\Pipeline\\{closure}()
#64 /home/u411614341/domains/cms.oraclemachinetech.com/public_html/vendor/laravel/framework/src/Illuminate/Pipeline/Pipeline.php(180): Illuminate\\Http\\Middleware\\HandleCors->handle()
#65 /home/u411614341/domains/cms.oraclemachinetech.com/public_html/vendor/laravel/framework/src/Illuminate/Http/Middleware/TrustProxies.php(39): Illuminate\\Pipeline\\Pipeline->Illuminate\\Pipeline\\{closure}()
#66 /home/u411614341/domains/cms.oraclemachinetech.com/public_html/vendor/laravel/framework/src/Illuminate/Pipeline/Pipeline.php(180): Illuminate\\Http\\Middleware\\TrustProxies->handle()
#67 /home/u411614341/domains/cms.oraclemachinetech.com/public_html/vendor/laravel/framework/src/Illuminate/Pipeline/Pipeline.php(116): Illuminate\\Pipeline\\Pipeline->Illuminate\\Pipeline\\{closure}()
#68 /home/u411614341/domains/cms.oraclemachinetech.com/public_html/vendor/laravel/framework/src/Illuminate/Foundation/Http/Kernel.php(175): Illuminate\\Pipeline\\Pipeline->then()
#69 /home/u411614341/domains/cms.oraclemachinetech.com/public_html/vendor/laravel/framework/src/Illuminate/Foundation/Http/Kernel.php(144): Illuminate\\Foundation\\Http\\Kernel->sendRequestThroughRouter()
#70 /home/u411614341/domains/cms.oraclemachinetech.com/public_html/index.php(52): Illuminate\\Foundation\\Http\\Kernel->handle()
#71 {main}
"} 
[2024-10-17 13:16:22] local.ERROR: SQLSTATE[HY000] [1045] Access denied for user 'u411614341_invoice'@'127.0.0.1' (using password: YES) (Connection: mysql, SQL: select * from `users` where `email` = admin@gmail.com limit 1) {"exception":"[object] (Illuminate\\Database\\QueryException(code: 1045): SQLSTATE[HY000] [1045] Access denied for user 'u411614341_invoice'@'127.0.0.1' (using password: YES) (Connection: mysql, SQL: select * from `users` where `email` = admin@gmail.com limit 1) at /home/u411614341/domains/cms.oraclemachinetech.com/public_html/vendor/laravel/framework/src/Illuminate/Database/Connection.php:801)
[stacktrace]
#0 /home/u411614341/domains/cms.oraclemachinetech.com/public_html/vendor/laravel/framework/src/Illuminate/Database/Connection.php(755): Illuminate\\Database\\Connection->runQueryCallback()
#1 /home/u411614341/domains/cms.oraclemachinetech.com/public_html/vendor/laravel/framework/src/Illuminate/Database/Connection.php(424): Illuminate\\Database\\Connection->run()
#2 /home/u411614341/domains/cms.oraclemachinetech.com/public_html/vendor/laravel/framework/src/Illuminate/Database/Query/Builder.php(2752): Illuminate\\Database\\Connection->select()
#3 /home/u411614341/domains/cms.oraclemachinetech.com/public_html/vendor/laravel/framework/src/Illuminate/Database/Query/Builder.php(2740): Illuminate\\Database\\Query\\Builder->runSelect()
#4 /home/u411614341/domains/cms.oraclemachinetech.com/public_html/vendor/laravel/framework/src/Illuminate/Database/Query/Builder.php(3294): Illuminate\\Database\\Query\\Builder->Illuminate\\Database\\Query\\{closure}()
#5 /home/u411614341/domains/cms.oraclemachinetech.com/public_html/vendor/laravel/framework/src/Illuminate/Database/Query/Builder.php(2741): Illuminate\\Database\\Query\\Builder->onceWithColumns()
#6 /home/u411614341/domains/cms.oraclemachinetech.com/public_html/vendor/laravel/framework/src/Illuminate/Database/Eloquent/Builder.php(737): Illuminate\\Database\\Query\\Builder->get()
#7 /home/u411614341/domains/cms.oraclemachinetech.com/public_html/vendor/laravel/framework/src/Illuminate/Database/Eloquent/Builder.php(721): Illuminate\\Database\\Eloquent\\Builder->getModels()
#8 /home/u411614341/domains/cms.oraclemachinetech.com/public_html/vendor/laravel/framework/src/Illuminate/Database/Concerns/BuildsQueries.php(296): Illuminate\\Database\\Eloquent\\Builder->get()
#9 /home/u411614341/domains/cms.oraclemachinetech.com/public_html/vendor/laravel/framework/src/Illuminate/Auth/EloquentUserProvider.php(139): Illuminate\\Database\\Eloquent\\Builder->first()
#10 /home/u411614341/domains/cms.oraclemachinetech.com/public_html/vendor/laravel/framework/src/Illuminate/Auth/SessionGuard.php(381): Illuminate\\Auth\\EloquentUserProvider->retrieveByCredentials()
#11 /home/u411614341/domains/cms.oraclemachinetech.com/public_html/vendor/laravel/ui/auth-backend/AuthenticatesUsers.php(87): Illuminate\\Auth\\SessionGuard->attempt()
#12 /home/u411614341/domains/cms.oraclemachinetech.com/public_html/vendor/laravel/ui/auth-backend/AuthenticatesUsers.php(46): App\\Http\\Controllers\\Auth\\LoginController->attemptLogin()
#13 /home/u411614341/domains/cms.oraclemachinetech.com/public_html/vendor/laravel/framework/src/Illuminate/Routing/Controller.php(54): App\\Http\\Controllers\\Auth\\LoginController->login()
#14 /home/u411614341/domains/cms.oraclemachinetech.com/public_html/vendor/laravel/framework/src/Illuminate/Routing/ControllerDispatcher.php(43): Illuminate\\Routing\\Controller->callAction()
#15 /home/u411614341/domains/cms.oraclemachinetech.com/public_html/vendor/laravel/framework/src/Illuminate/Routing/Route.php(260): Illuminate\\Routing\\ControllerDispatcher->dispatch()
#16 /home/u411614341/domains/cms.oraclemachinetech.com/public_html/vendor/laravel/framework/src/Illuminate/Routing/Route.php(205): Illuminate\\Routing\\Route->runController()
#17 /home/u411614341/domains/cms.oraclemachinetech.com/public_html/vendor/laravel/framework/src/Illuminate/Routing/Router.php(799): Illuminate\\Routing\\Route->run()
#18 /home/u411614341/domains/cms.oraclemachinetech.com/public_html/vendor/laravel/framework/src/Illuminate/Pipeline/Pipeline.php(141): Illuminate\\Routing\\Router->Illuminate\\Routing\\{closure}()
#19 /home/u411614341/domains/cms.oraclemachinetech.com/public_html/app/Http/Middleware/RedirectIfAuthenticated.php(30): Illuminate\\Pipeline\\Pipeline->Illuminate\\Pipeline\\{closure}()
#20 /home/u411614341/domains/cms.oraclemachinetech.com/public_html/vendor/laravel/framework/src/Illuminate/Pipeline/Pipeline.php(180): App\\Http\\Middleware\\RedirectIfAuthenticated->handle()
#21 /home/u411614341/domains/cms.oraclemachinetech.com/public_html/vendor/laravel/framework/src/Illuminate/Routing/Middleware/SubstituteBindings.php(50): Illuminate\\Pipeline\\Pipeline->Illuminate\\Pipeline\\{closure}()
#22 /home/u411614341/domains/cms.oraclemachinetech.com/public_html/vendor/laravel/framework/src/Illuminate/Pipeline/Pipeline.php(180): Illuminate\\Routing\\Middleware\\SubstituteBindings->handle()
#23 /home/u411614341/domains/cms.oraclemachinetech.com/public_html/app/Http/Middleware/Localization.php(24): Illuminate\\Pipeline\\Pipeline->Illuminate\\Pipeline\\{closure}()
#24 /home/u411614341/domains/cms.oraclemachinetech.com/public_html/vendor/laravel/framework/src/Illuminate/Pipeline/Pipeline.php(180): App\\Http\\Middleware\\Localization->handle()
#25 /home/u411614341/domains/cms.oraclemachinetech.com/public_html/vendor/laravel/framework/src/Illuminate/Foundation/Http/Middleware/VerifyCsrfToken.php(78): Illuminate\\Pipeline\\Pipeline->Illuminate\\Pipeline\\{closure}()
#26 /home/u411614341/domains/cms.oraclemachinetech.com/public_html/vendor/laravel/framework/src/Illuminate/Pipeline/Pipeline.php(180): Illuminate\\Foundation\\Http\\Middleware\\VerifyCsrfToken->handle()
#27 /home/u411614341/domains/cms.oraclemachinetech.com/public_html/vendor/laravel/framework/src/Illuminate/View/Middleware/ShareErrorsFromSession.php(49): Illuminate\\Pipeline\\Pipeline->Illuminate\\Pipeline\\{closure}()
#28 /home/u411614341/domains/cms.oraclemachinetech.com/public_html/vendor/laravel/framework/src/Illuminate/Pipeline/Pipeline.php(180): Illuminate\\View\\Middleware\\ShareErrorsFromSession->handle()
#29 /home/u411614341/domains/cms.oraclemachinetech.com/public_html/vendor/laravel/framework/src/Illuminate/Session/Middleware/StartSession.php(121): Illuminate\\Pipeline\\Pipeline->Illuminate\\Pipeline\\{closure}()
#30 /home/u411614341/domains/cms.oraclemachinetech.com/public_html/vendor/laravel/framework/src/Illuminate/Session/Middleware/StartSession.php(64): Illuminate\\Session\\Middleware\\StartSession->handleStatefulRequest()
#31 /home/u411614341/domains/cms.oraclemachinetech.com/public_html/vendor/laravel/framework/src/Illuminate/Pipeline/Pipeline.php(180): Illuminate\\Session\\Middleware\\StartSession->handle()
#32 /home/u411614341/domains/cms.oraclemachinetech.com/public_html/vendor/laravel/framework/src/Illuminate/Cookie/Middleware/AddQueuedCookiesToResponse.php(37): Illuminate\\Pipeline\\Pipeline->Illuminate\\Pipeline\\{closure}()
#33 /home/u411614341/domains/cms.oraclemachinetech.com/public_html/vendor/laravel/framework/src/Illuminate/Pipeline/Pipeline.php(180): Illuminate\\Cookie\\Middleware\\AddQueuedCookiesToResponse->handle()
#34 /home/u411614341/domains/cms.oraclemachinetech.com/public_html/vendor/laravel/framework/src/Illuminate/Cookie/Middleware/EncryptCookies.php(67): Illuminate\\Pipeline\\Pipeline->Illuminate\\Pipeline\\{closure}()
#35 /home/u411614341/domains/cms.oraclemachinetech.com/public_html/vendor/laravel/framework/src/Illuminate/Pipeline/Pipeline.php(180): Illuminate\\Cookie\\Middleware\\EncryptCookies->handle()
#36 /home/u411614341/domains/cms.oraclemachinetech.com/public_html/vendor/laravel/framework/src/Illuminate/Pipeline/Pipeline.php(116): Illuminate\\Pipeline\\Pipeline->Illuminate\\Pipeline\\{closure}()
#37 /home/u411614341/domains/cms.oraclemachinetech.com/public_html/vendor/laravel/framework/src/Illuminate/Routing/Router.php(800): Illuminate\\Pipeline\\Pipeline->then()
#38 /home/u411614341/domains/cms.oraclemachinetech.com/public_html/vendor/laravel/framework/src/Illuminate/Routing/Router.php(777): Illuminate\\Routing\\Router->runRouteWithinStack()
#39 /home/u411614341/domains/cms.oraclemachinetech.com/public_html/vendor/laravel/framework/src/Illuminate/Routing/Router.php(741): Illuminate\\Routing\\Router->runRoute()
#40 /home/u411614341/domains/cms.oraclemachinetech.com/public_html/vendor/laravel/framework/src/Illuminate/Routing/Router.php(730): Illuminate\\Routing\\Router->dispatchToRoute()
#41 /home/u411614341/domains/cms.oraclemachinetech.com/public_html/vendor/laravel/framework/src/Illuminate/Foundation/Http/Kernel.php(200): Illuminate\\Routing\\Router->dispatch()
#42 /home/u411614341/domains/cms.oraclemachinetech.com/public_html/vendor/laravel/framework/src/Illuminate/Pipeline/Pipeline.php(141): Illuminate\\Foundation\\Http\\Kernel->Illuminate\\Foundation\\Http\\{closure}()
#43 /home/u411614341/domains/cms.oraclemachinetech.com/public_html/vendor/laravel/framework/src/Illuminate/Foundation/Http/Middleware/TransformsRequest.php(21): Illuminate\\Pipeline\\Pipeline->Illuminate\\Pipeline\\{closure}()
#44 /home/u411614341/domains/cms.oraclemachinetech.com/public_html/vendor/laravel/framework/src/Illuminate/Foundation/Http/Middleware/ConvertEmptyStringsToNull.php(31): Illuminate\\Foundation\\Http\\Middleware\\TransformsRequest->handle()
#45 /home/u411614341/domains/cms.oraclemachinetech.com/public_html/vendor/laravel/framework/src/Illuminate/Pipeline/Pipeline.php(180): Illuminate\\Foundation\\Http\\Middleware\\ConvertEmptyStringsToNull->handle()
#46 /home/u411614341/domains/cms.oraclemachinetech.com/public_html/vendor/laravel/framework/src/Illuminate/Foundation/Http/Middleware/TransformsRequest.php(21): Illuminate\\Pipeline\\Pipeline->Illuminate\\Pipeline\\{closure}()
#47 /home/u411614341/domains/cms.oraclemachinetech.com/public_html/vendor/laravel/framework/src/Illuminate/Foundation/Http/Middleware/TrimStrings.php(40): Illuminate\\Foundation\\Http\\Middleware\\TransformsRequest->handle()
#48 /home/u411614341/domains/cms.oraclemachinetech.com/public_html/vendor/laravel/framework/src/Illuminate/Pipeline/Pipeline.php(180): Illuminate\\Foundation\\Http\\Middleware\\TrimStrings->handle()
#49 /home/u411614341/domains/cms.oraclemachinetech.com/public_html/vendor/laravel/framework/src/Illuminate/Foundation/Http/Middleware/ValidatePostSize.php(27): Illuminate\\Pipeline\\Pipeline->Illuminate\\Pipeline\\{closure}()
#50 /home/u411614341/domains/cms.oraclemachinetech.com/public_html/vendor/laravel/framework/src/Illuminate/Pipeline/Pipeline.php(180): Illuminate\\Foundation\\Http\\Middleware\\ValidatePostSize->handle()
#51 /home/u411614341/domains/cms.oraclemachinetech.com/public_html/vendor/laravel/framework/src/Illuminate/Foundation/Http/Middleware/PreventRequestsDuringMaintenance.php(89): Illuminate\\Pipeline\\Pipeline->Illuminate\\Pipeline\\{closure}()
#52 /home/u411614341/domains/cms.oraclemachinetech.com/public_html/vendor/laravel/framework/src/Illuminate/Pipeline/Pipeline.php(180): Illuminate\\Foundation\\Http\\Middleware\\PreventRequestsDuringMaintenance->handle()
#53 /home/u411614341/domains/cms.oraclemachinetech.com/public_html/vendor/laravel/framework/src/Illuminate/Http/Middleware/HandleCors.php(49): Illuminate\\Pipeline\\Pipeline->Illuminate\\Pipeline\\{closure}()
#54 /home/u411614341/domains/cms.oraclemachinetech.com/public_html/vendor/laravel/framework/src/Illuminate/Pipeline/Pipeline.php(180): Illuminate\\Http\\Middleware\\HandleCors->handle()
#55 /home/u411614341/domains/cms.oraclemachinetech.com/public_html/vendor/laravel/framework/src/Illuminate/Http/Middleware/TrustProxies.php(39): Illuminate\\Pipeline\\Pipeline->Illuminate\\Pipeline\\{closure}()
#56 /home/u411614341/domains/cms.oraclemachinetech.com/public_html/vendor/laravel/framework/src/Illuminate/Pipeline/Pipeline.php(180): Illuminate\\Http\\Middleware\\TrustProxies->handle()
#57 /home/u411614341/domains/cms.oraclemachinetech.com/public_html/vendor/laravel/framework/src/Illuminate/Pipeline/Pipeline.php(116): Illuminate\\Pipeline\\Pipeline->Illuminate\\Pipeline\\{closure}()
#58 /home/u411614341/domains/cms.oraclemachinetech.com/public_html/vendor/laravel/framework/src/Illuminate/Foundation/Http/Kernel.php(175): Illuminate\\Pipeline\\Pipeline->then()
#59 /home/u411614341/domains/cms.oraclemachinetech.com/public_html/vendor/laravel/framework/src/Illuminate/Foundation/Http/Kernel.php(144): Illuminate\\Foundation\\Http\\Kernel->sendRequestThroughRouter()
#60 /home/u411614341/domains/cms.oraclemachinetech.com/public_html/index.php(52): Illuminate\\Foundation\\Http\\Kernel->handle()
#61 {main}

[previous exception] [object] (PDOException(code: 1045): SQLSTATE[HY000] [1045] Access denied for user 'u411614341_invoice'@'127.0.0.1' (using password: YES) at /home/u411614341/domains/cms.oraclemachinetech.com/public_html/vendor/laravel/framework/src/Illuminate/Database/Connectors/Connector.php:65)
[stacktrace]
#0 /home/u411614341/domains/cms.oraclemachinetech.com/public_html/vendor/laravel/framework/src/Illuminate/Database/Connectors/Connector.php(65): PDO->__construct()
#1 /home/u411614341/domains/cms.oraclemachinetech.com/public_html/vendor/laravel/framework/src/Illuminate/Database/Connectors/Connector.php(45): Illuminate\\Database\\Connectors\\Connector->createPdoConnection()
#2 /home/u411614341/domains/cms.oraclemachinetech.com/public_html/vendor/laravel/framework/src/Illuminate/Database/Connectors/MySqlConnector.php(24): Illuminate\\Database\\Connectors\\Connector->createConnection()
#3 /home/u411614341/domains/cms.oraclemachinetech.com/public_html/vendor/laravel/framework/src/Illuminate/Database/Connectors/ConnectionFactory.php(184): Illuminate\\Database\\Connectors\\MySqlConnector->connect()
#4 [internal function]: Illuminate\\Database\\Connectors\\ConnectionFactory->Illuminate\\Database\\Connectors\\{closure}()
#5 /home/u411614341/domains/cms.oraclemachinetech.com/public_html/vendor/laravel/framework/src/Illuminate/Database/Connection.php(1292): call_user_func()
#6 /home/u411614341/domains/cms.oraclemachinetech.com/public_html/vendor/laravel/framework/src/Illuminate/Database/Connection.php(1328): Illuminate\\Database\\Connection->getPdo()
#7 /home/u411614341/domains/cms.oraclemachinetech.com/public_html/vendor/laravel/framework/src/Illuminate/Database/Connection.php(521): Illuminate\\Database\\Connection->getReadPdo()
#8 /home/u411614341/domains/cms.oraclemachinetech.com/public_html/vendor/laravel/framework/src/Illuminate/Database/Connection.php(416): Illuminate\\Database\\Connection->getPdoForSelect()
#9 /home/u411614341/domains/cms.oraclemachinetech.com/public_html/vendor/laravel/framework/src/Illuminate/Database/Connection.php(788): Illuminate\\Database\\Connection->Illuminate\\Database\\{closure}()
#10 /home/u411614341/domains/cms.oraclemachinetech.com/public_html/vendor/laravel/framework/src/Illuminate/Database/Connection.php(755): Illuminate\\Database\\Connection->runQueryCallback()
#11 /home/u411614341/domains/cms.oraclemachinetech.com/public_html/vendor/laravel/framework/src/Illuminate/Database/Connection.php(424): Illuminate\\Database\\Connection->run()
#12 /home/u411614341/domains/cms.oraclemachinetech.com/public_html/vendor/laravel/framework/src/Illuminate/Database/Query/Builder.php(2752): Illuminate\\Database\\Connection->select()
#13 /home/u411614341/domains/cms.oraclemachinetech.com/public_html/vendor/laravel/framework/src/Illuminate/Database/Query/Builder.php(2740): Illuminate\\Database\\Query\\Builder->runSelect()
#14 /home/u411614341/domains/cms.oraclemachinetech.com/public_html/vendor/laravel/framework/src/Illuminate/Database/Query/Builder.php(3294): Illuminate\\Database\\Query\\Builder->Illuminate\\Database\\Query\\{closure}()
#15 /home/u411614341/domains/cms.oraclemachinetech.com/public_html/vendor/laravel/framework/src/Illuminate/Database/Query/Builder.php(2741): Illuminate\\Database\\Query\\Builder->onceWithColumns()
#16 /home/u411614341/domains/cms.oraclemachinetech.com/public_html/vendor/laravel/framework/src/Illuminate/Database/Eloquent/Builder.php(737): Illuminate\\Database\\Query\\Builder->get()
#17 /home/u411614341/domains/cms.oraclemachinetech.com/public_html/vendor/laravel/framework/src/Illuminate/Database/Eloquent/Builder.php(721): Illuminate\\Database\\Eloquent\\Builder->getModels()
#18 /home/u411614341/domains/cms.oraclemachinetech.com/public_html/vendor/laravel/framework/src/Illuminate/Database/Concerns/BuildsQueries.php(296): Illuminate\\Database\\Eloquent\\Builder->get()
#19 /home/u411614341/domains/cms.oraclemachinetech.com/public_html/vendor/laravel/framework/src/Illuminate/Auth/EloquentUserProvider.php(139): Illuminate\\Database\\Eloquent\\Builder->first()
#20 /home/u411614341/domains/cms.oraclemachinetech.com/public_html/vendor/laravel/framework/src/Illuminate/Auth/SessionGuard.php(381): Illuminate\\Auth\\EloquentUserProvider->retrieveByCredentials()
#21 /home/u411614341/domains/cms.oraclemachinetech.com/public_html/vendor/laravel/ui/auth-backend/AuthenticatesUsers.php(87): Illuminate\\Auth\\SessionGuard->attempt()
#22 /home/u411614341/domains/cms.oraclemachinetech.com/public_html/vendor/laravel/ui/auth-backend/AuthenticatesUsers.php(46): App\\Http\\Controllers\\Auth\\LoginController->attemptLogin()
#23 /home/u411614341/domains/cms.oraclemachinetech.com/public_html/vendor/laravel/framework/src/Illuminate/Routing/Controller.php(54): App\\Http\\Controllers\\Auth\\LoginController->login()
#24 /home/u411614341/domains/cms.oraclemachinetech.com/public_html/vendor/laravel/framework/src/Illuminate/Routing/ControllerDispatcher.php(43): Illuminate\\Routing\\Controller->callAction()
#25 /home/u411614341/domains/cms.oraclemachinetech.com/public_html/vendor/laravel/framework/src/Illuminate/Routing/Route.php(260): Illuminate\\Routing\\ControllerDispatcher->dispatch()
#26 /home/u411614341/domains/cms.oraclemachinetech.com/public_html/vendor/laravel/framework/src/Illuminate/Routing/Route.php(205): Illuminate\\Routing\\Route->runController()
#27 /home/u411614341/domains/cms.oraclemachinetech.com/public_html/vendor/laravel/framework/src/Illuminate/Routing/Router.php(799): Illuminate\\Routing\\Route->run()
#28 /home/u411614341/domains/cms.oraclemachinetech.com/public_html/vendor/laravel/framework/src/Illuminate/Pipeline/Pipeline.php(141): Illuminate\\Routing\\Router->Illuminate\\Routing\\{closure}()
#29 /home/u411614341/domains/cms.oraclemachinetech.com/public_html/app/Http/Middleware/RedirectIfAuthenticated.php(30): Illuminate\\Pipeline\\Pipeline->Illuminate\\Pipeline\\{closure}()
#30 /home/u411614341/domains/cms.oraclemachinetech.com/public_html/vendor/laravel/framework/src/Illuminate/Pipeline/Pipeline.php(180): App\\Http\\Middleware\\RedirectIfAuthenticated->handle()
#31 /home/u411614341/domains/cms.oraclemachinetech.com/public_html/vendor/laravel/framework/src/Illuminate/Routing/Middleware/SubstituteBindings.php(50): Illuminate\\Pipeline\\Pipeline->Illuminate\\Pipeline\\{closure}()
#32 /home/u411614341/domains/cms.oraclemachinetech.com/public_html/vendor/laravel/framework/src/Illuminate/Pipeline/Pipeline.php(180): Illuminate\\Routing\\Middleware\\SubstituteBindings->handle()
#33 /home/u411614341/domains/cms.oraclemachinetech.com/public_html/app/Http/Middleware/Localization.php(24): Illuminate\\Pipeline\\Pipeline->Illuminate\\Pipeline\\{closure}()
#34 /home/u411614341/domains/cms.oraclemachinetech.com/public_html/vendor/laravel/framework/src/Illuminate/Pipeline/Pipeline.php(180): App\\Http\\Middleware\\Localization->handle()
#35 /home/u411614341/domains/cms.oraclemachinetech.com/public_html/vendor/laravel/framework/src/Illuminate/Foundation/Http/Middleware/VerifyCsrfToken.php(78): Illuminate\\Pipeline\\Pipeline->Illuminate\\Pipeline\\{closure}()
#36 /home/u411614341/domains/cms.oraclemachinetech.com/public_html/vendor/laravel/framework/src/Illuminate/Pipeline/Pipeline.php(180): Illuminate\\Foundation\\Http\\Middleware\\VerifyCsrfToken->handle()
#37 /home/u411614341/domains/cms.oraclemachinetech.com/public_html/vendor/laravel/framework/src/Illuminate/View/Middleware/ShareErrorsFromSession.php(49): Illuminate\\Pipeline\\Pipeline->Illuminate\\Pipeline\\{closure}()
#38 /home/u411614341/domains/cms.oraclemachinetech.com/public_html/vendor/laravel/framework/src/Illuminate/Pipeline/Pipeline.php(180): Illuminate\\View\\Middleware\\ShareErrorsFromSession->handle()
#39 /home/u411614341/domains/cms.oraclemachinetech.com/public_html/vendor/laravel/framework/src/Illuminate/Session/Middleware/StartSession.php(121): Illuminate\\Pipeline\\Pipeline->Illuminate\\Pipeline\\{closure}()
#40 /home/u411614341/domains/cms.oraclemachinetech.com/public_html/vendor/laravel/framework/src/Illuminate/Session/Middleware/StartSession.php(64): Illuminate\\Session\\Middleware\\StartSession->handleStatefulRequest()
#41 /home/u411614341/domains/cms.oraclemachinetech.com/public_html/vendor/laravel/framework/src/Illuminate/Pipeline/Pipeline.php(180): Illuminate\\Session\\Middleware\\StartSession->handle()
#42 /home/u411614341/domains/cms.oraclemachinetech.com/public_html/vendor/laravel/framework/src/Illuminate/Cookie/Middleware/AddQueuedCookiesToResponse.php(37): Illuminate\\Pipeline\\Pipeline->Illuminate\\Pipeline\\{closure}()
#43 /home/u411614341/domains/cms.oraclemachinetech.com/public_html/vendor/laravel/framework/src/Illuminate/Pipeline/Pipeline.php(180): Illuminate\\Cookie\\Middleware\\AddQueuedCookiesToResponse->handle()
#44 /home/u411614341/domains/cms.oraclemachinetech.com/public_html/vendor/laravel/framework/src/Illuminate/Cookie/Middleware/EncryptCookies.php(67): Illuminate\\Pipeline\\Pipeline->Illuminate\\Pipeline\\{closure}()
#45 /home/u411614341/domains/cms.oraclemachinetech.com/public_html/vendor/laravel/framework/src/Illuminate/Pipeline/Pipeline.php(180): Illuminate\\Cookie\\Middleware\\EncryptCookies->handle()
#46 /home/u411614341/domains/cms.oraclemachinetech.com/public_html/vendor/laravel/framework/src/Illuminate/Pipeline/Pipeline.php(116): Illuminate\\Pipeline\\Pipeline->Illuminate\\Pipeline\\{closure}()
#47 /home/u411614341/domains/cms.oraclemachinetech.com/public_html/vendor/laravel/framework/src/Illuminate/Routing/Router.php(800): Illuminate\\Pipeline\\Pipeline->then()
#48 /home/u411614341/domains/cms.oraclemachinetech.com/public_html/vendor/laravel/framework/src/Illuminate/Routing/Router.php(777): Illuminate\\Routing\\Router->runRouteWithinStack()
#49 /home/u411614341/domains/cms.oraclemachinetech.com/public_html/vendor/laravel/framework/src/Illuminate/Routing/Router.php(741): Illuminate\\Routing\\Router->runRoute()
#50 /home/u411614341/domains/cms.oraclemachinetech.com/public_html/vendor/laravel/framework/src/Illuminate/Routing/Router.php(730): Illuminate\\Routing\\Router->dispatchToRoute()
#51 /home/u411614341/domains/cms.oraclemachinetech.com/public_html/vendor/laravel/framework/src/Illuminate/Foundation/Http/Kernel.php(200): Illuminate\\Routing\\Router->dispatch()
#52 /home/u411614341/domains/cms.oraclemachinetech.com/public_html/vendor/laravel/framework/src/Illuminate/Pipeline/Pipeline.php(141): Illuminate\\Foundation\\Http\\Kernel->Illuminate\\Foundation\\Http\\{closure}()
#53 /home/u411614341/domains/cms.oraclemachinetech.com/public_html/vendor/laravel/framework/src/Illuminate/Foundation/Http/Middleware/TransformsRequest.php(21): Illuminate\\Pipeline\\Pipeline->Illuminate\\Pipeline\\{closure}()
#54 /home/u411614341/domains/cms.oraclemachinetech.com/public_html/vendor/laravel/framework/src/Illuminate/Foundation/Http/Middleware/ConvertEmptyStringsToNull.php(31): Illuminate\\Foundation\\Http\\Middleware\\TransformsRequest->handle()
#55 /home/u411614341/domains/cms.oraclemachinetech.com/public_html/vendor/laravel/framework/src/Illuminate/Pipeline/Pipeline.php(180): Illuminate\\Foundation\\Http\\Middleware\\ConvertEmptyStringsToNull->handle()
#56 /home/u411614341/domains/cms.oraclemachinetech.com/public_html/vendor/laravel/framework/src/Illuminate/Foundation/Http/Middleware/TransformsRequest.php(21): Illuminate\\Pipeline\\Pipeline->Illuminate\\Pipeline\\{closure}()
#57 /home/u411614341/domains/cms.oraclemachinetech.com/public_html/vendor/laravel/framework/src/Illuminate/Foundation/Http/Middleware/TrimStrings.php(40): Illuminate\\Foundation\\Http\\Middleware\\TransformsRequest->handle()
#58 /home/u411614341/domains/cms.oraclemachinetech.com/public_html/vendor/laravel/framework/src/Illuminate/Pipeline/Pipeline.php(180): Illuminate\\Foundation\\Http\\Middleware\\TrimStrings->handle()
#59 /home/u411614341/domains/cms.oraclemachinetech.com/public_html/vendor/laravel/framework/src/Illuminate/Foundation/Http/Middleware/ValidatePostSize.php(27): Illuminate\\Pipeline\\Pipeline->Illuminate\\Pipeline\\{closure}()
#60 /home/u411614341/domains/cms.oraclemachinetech.com/public_html/vendor/laravel/framework/src/Illuminate/Pipeline/Pipeline.php(180): Illuminate\\Foundation\\Http\\Middleware\\ValidatePostSize->handle()
#61 /home/u411614341/domains/cms.oraclemachinetech.com/public_html/vendor/laravel/framework/src/Illuminate/Foundation/Http/Middleware/PreventRequestsDuringMaintenance.php(89): Illuminate\\Pipeline\\Pipeline->Illuminate\\Pipeline\\{closure}()
#62 /home/u411614341/domains/cms.oraclemachinetech.com/public_html/vendor/laravel/framework/src/Illuminate/Pipeline/Pipeline.php(180): Illuminate\\Foundation\\Http\\Middleware\\PreventRequestsDuringMaintenance->handle()
#63 /home/u411614341/domains/cms.oraclemachinetech.com/public_html/vendor/laravel/framework/src/Illuminate/Http/Middleware/HandleCors.php(49): Illuminate\\Pipeline\\Pipeline->Illuminate\\Pipeline\\{closure}()
#64 /home/u411614341/domains/cms.oraclemachinetech.com/public_html/vendor/laravel/framework/src/Illuminate/Pipeline/Pipeline.php(180): Illuminate\\Http\\Middleware\\HandleCors->handle()
#65 /home/u411614341/domains/cms.oraclemachinetech.com/public_html/vendor/laravel/framework/src/Illuminate/Http/Middleware/TrustProxies.php(39): Illuminate\\Pipeline\\Pipeline->Illuminate\\Pipeline\\{closure}()
#66 /home/u411614341/domains/cms.oraclemachinetech.com/public_html/vendor/laravel/framework/src/Illuminate/Pipeline/Pipeline.php(180): Illuminate\\Http\\Middleware\\TrustProxies->handle()
#67 /home/u411614341/domains/cms.oraclemachinetech.com/public_html/vendor/laravel/framework/src/Illuminate/Pipeline/Pipeline.php(116): Illuminate\\Pipeline\\Pipeline->Illuminate\\Pipeline\\{closure}()
#68 /home/u411614341/domains/cms.oraclemachinetech.com/public_html/vendor/laravel/framework/src/Illuminate/Foundation/Http/Kernel.php(175): Illuminate\\Pipeline\\Pipeline->then()
#69 /home/u411614341/domains/cms.oraclemachinetech.com/public_html/vendor/laravel/framework/src/Illuminate/Foundation/Http/Kernel.php(144): Illuminate\\Foundation\\Http\\Kernel->sendRequestThroughRouter()
#70 /home/u411614341/domains/cms.oraclemachinetech.com/public_html/index.php(52): Illuminate\\Foundation\\Http\\Kernel->handle()
#71 {main}
"} 
[2024-10-17 13:16:36] local.ERROR: SQLSTATE[HY000] [1045] Access denied for user 'u411614341_invoice'@'127.0.0.1' (using password: NO) (Connection: mysql, SQL: select * from `users` where `email` = admin@gmail.com limit 1) {"exception":"[object] (Illuminate\\Database\\QueryException(code: 1045): SQLSTATE[HY000] [1045] Access denied for user 'u411614341_invoice'@'127.0.0.1' (using password: NO) (Connection: mysql, SQL: select * from `users` where `email` = admin@gmail.com limit 1) at /home/u411614341/domains/cms.oraclemachinetech.com/public_html/vendor/laravel/framework/src/Illuminate/Database/Connection.php:801)
[stacktrace]
#0 /home/u411614341/domains/cms.oraclemachinetech.com/public_html/vendor/laravel/framework/src/Illuminate/Database/Connection.php(755): Illuminate\\Database\\Connection->runQueryCallback()
#1 /home/u411614341/domains/cms.oraclemachinetech.com/public_html/vendor/laravel/framework/src/Illuminate/Database/Connection.php(424): Illuminate\\Database\\Connection->run()
#2 /home/u411614341/domains/cms.oraclemachinetech.com/public_html/vendor/laravel/framework/src/Illuminate/Database/Query/Builder.php(2752): Illuminate\\Database\\Connection->select()
#3 /home/u411614341/domains/cms.oraclemachinetech.com/public_html/vendor/laravel/framework/src/Illuminate/Database/Query/Builder.php(2740): Illuminate\\Database\\Query\\Builder->runSelect()
#4 /home/u411614341/domains/cms.oraclemachinetech.com/public_html/vendor/laravel/framework/src/Illuminate/Database/Query/Builder.php(3294): Illuminate\\Database\\Query\\Builder->Illuminate\\Database\\Query\\{closure}()
#5 /home/u411614341/domains/cms.oraclemachinetech.com/public_html/vendor/laravel/framework/src/Illuminate/Database/Query/Builder.php(2741): Illuminate\\Database\\Query\\Builder->onceWithColumns()
#6 /home/u411614341/domains/cms.oraclemachinetech.com/public_html/vendor/laravel/framework/src/Illuminate/Database/Eloquent/Builder.php(737): Illuminate\\Database\\Query\\Builder->get()
#7 /home/u411614341/domains/cms.oraclemachinetech.com/public_html/vendor/laravel/framework/src/Illuminate/Database/Eloquent/Builder.php(721): Illuminate\\Database\\Eloquent\\Builder->getModels()
#8 /home/u411614341/domains/cms.oraclemachinetech.com/public_html/vendor/laravel/framework/src/Illuminate/Database/Concerns/BuildsQueries.php(296): Illuminate\\Database\\Eloquent\\Builder->get()
#9 /home/u411614341/domains/cms.oraclemachinetech.com/public_html/vendor/laravel/framework/src/Illuminate/Auth/EloquentUserProvider.php(139): Illuminate\\Database\\Eloquent\\Builder->first()
#10 /home/u411614341/domains/cms.oraclemachinetech.com/public_html/vendor/laravel/framework/src/Illuminate/Auth/SessionGuard.php(381): Illuminate\\Auth\\EloquentUserProvider->retrieveByCredentials()
#11 /home/u411614341/domains/cms.oraclemachinetech.com/public_html/vendor/laravel/ui/auth-backend/AuthenticatesUsers.php(87): Illuminate\\Auth\\SessionGuard->attempt()
#12 /home/u411614341/domains/cms.oraclemachinetech.com/public_html/vendor/laravel/ui/auth-backend/AuthenticatesUsers.php(46): App\\Http\\Controllers\\Auth\\LoginController->attemptLogin()
#13 /home/u411614341/domains/cms.oraclemachinetech.com/public_html/vendor/laravel/framework/src/Illuminate/Routing/Controller.php(54): App\\Http\\Controllers\\Auth\\LoginController->login()
#14 /home/u411614341/domains/cms.oraclemachinetech.com/public_html/vendor/laravel/framework/src/Illuminate/Routing/ControllerDispatcher.php(43): Illuminate\\Routing\\Controller->callAction()
#15 /home/u411614341/domains/cms.oraclemachinetech.com/public_html/vendor/laravel/framework/src/Illuminate/Routing/Route.php(260): Illuminate\\Routing\\ControllerDispatcher->dispatch()
#16 /home/u411614341/domains/cms.oraclemachinetech.com/public_html/vendor/laravel/framework/src/Illuminate/Routing/Route.php(205): Illuminate\\Routing\\Route->runController()
#17 /home/u411614341/domains/cms.oraclemachinetech.com/public_html/vendor/laravel/framework/src/Illuminate/Routing/Router.php(799): Illuminate\\Routing\\Route->run()
#18 /home/u411614341/domains/cms.oraclemachinetech.com/public_html/vendor/laravel/framework/src/Illuminate/Pipeline/Pipeline.php(141): Illuminate\\Routing\\Router->Illuminate\\Routing\\{closure}()
#19 /home/u411614341/domains/cms.oraclemachinetech.com/public_html/app/Http/Middleware/RedirectIfAuthenticated.php(30): Illuminate\\Pipeline\\Pipeline->Illuminate\\Pipeline\\{closure}()
#20 /home/u411614341/domains/cms.oraclemachinetech.com/public_html/vendor/laravel/framework/src/Illuminate/Pipeline/Pipeline.php(180): App\\Http\\Middleware\\RedirectIfAuthenticated->handle()
#21 /home/u411614341/domains/cms.oraclemachinetech.com/public_html/vendor/laravel/framework/src/Illuminate/Routing/Middleware/SubstituteBindings.php(50): Illuminate\\Pipeline\\Pipeline->Illuminate\\Pipeline\\{closure}()
#22 /home/u411614341/domains/cms.oraclemachinetech.com/public_html/vendor/laravel/framework/src/Illuminate/Pipeline/Pipeline.php(180): Illuminate\\Routing\\Middleware\\SubstituteBindings->handle()
#23 /home/u411614341/domains/cms.oraclemachinetech.com/public_html/app/Http/Middleware/Localization.php(24): Illuminate\\Pipeline\\Pipeline->Illuminate\\Pipeline\\{closure}()
#24 /home/u411614341/domains/cms.oraclemachinetech.com/public_html/vendor/laravel/framework/src/Illuminate/Pipeline/Pipeline.php(180): App\\Http\\Middleware\\Localization->handle()
#25 /home/u411614341/domains/cms.oraclemachinetech.com/public_html/vendor/laravel/framework/src/Illuminate/Foundation/Http/Middleware/VerifyCsrfToken.php(78): Illuminate\\Pipeline\\Pipeline->Illuminate\\Pipeline\\{closure}()
#26 /home/u411614341/domains/cms.oraclemachinetech.com/public_html/vendor/laravel/framework/src/Illuminate/Pipeline/Pipeline.php(180): Illuminate\\Foundation\\Http\\Middleware\\VerifyCsrfToken->handle()
#27 /home/u411614341/domains/cms.oraclemachinetech.com/public_html/vendor/laravel/framework/src/Illuminate/View/Middleware/ShareErrorsFromSession.php(49): Illuminate\\Pipeline\\Pipeline->Illuminate\\Pipeline\\{closure}()
#28 /home/u411614341/domains/cms.oraclemachinetech.com/public_html/vendor/laravel/framework/src/Illuminate/Pipeline/Pipeline.php(180): Illuminate\\View\\Middleware\\ShareErrorsFromSession->handle()
#29 /home/u411614341/domains/cms.oraclemachinetech.com/public_html/vendor/laravel/framework/src/Illuminate/Session/Middleware/StartSession.php(121): Illuminate\\Pipeline\\Pipeline->Illuminate\\Pipeline\\{closure}()
#30 /home/u411614341/domains/cms.oraclemachinetech.com/public_html/vendor/laravel/framework/src/Illuminate/Session/Middleware/StartSession.php(64): Illuminate\\Session\\Middleware\\StartSession->handleStatefulRequest()
#31 /home/u411614341/domains/cms.oraclemachinetech.com/public_html/vendor/laravel/framework/src/Illuminate/Pipeline/Pipeline.php(180): Illuminate\\Session\\Middleware\\StartSession->handle()
#32 /home/u411614341/domains/cms.oraclemachinetech.com/public_html/vendor/laravel/framework/src/Illuminate/Cookie/Middleware/AddQueuedCookiesToResponse.php(37): Illuminate\\Pipeline\\Pipeline->Illuminate\\Pipeline\\{closure}()
#33 /home/u411614341/domains/cms.oraclemachinetech.com/public_html/vendor/laravel/framework/src/Illuminate/Pipeline/Pipeline.php(180): Illuminate\\Cookie\\Middleware\\AddQueuedCookiesToResponse->handle()
#34 /home/u411614341/domains/cms.oraclemachinetech.com/public_html/vendor/laravel/framework/src/Illuminate/Cookie/Middleware/EncryptCookies.php(67): Illuminate\\Pipeline\\Pipeline->Illuminate\\Pipeline\\{closure}()
#35 /home/u411614341/domains/cms.oraclemachinetech.com/public_html/vendor/laravel/framework/src/Illuminate/Pipeline/Pipeline.php(180): Illuminate\\Cookie\\Middleware\\EncryptCookies->handle()
#36 /home/u411614341/domains/cms.oraclemachinetech.com/public_html/vendor/laravel/framework/src/Illuminate/Pipeline/Pipeline.php(116): Illuminate\\Pipeline\\Pipeline->Illuminate\\Pipeline\\{closure}()
#37 /home/u411614341/domains/cms.oraclemachinetech.com/public_html/vendor/laravel/framework/src/Illuminate/Routing/Router.php(800): Illuminate\\Pipeline\\Pipeline->then()
#38 /home/u411614341/domains/cms.oraclemachinetech.com/public_html/vendor/laravel/framework/src/Illuminate/Routing/Router.php(777): Illuminate\\Routing\\Router->runRouteWithinStack()
#39 /home/u411614341/domains/cms.oraclemachinetech.com/public_html/vendor/laravel/framework/src/Illuminate/Routing/Router.php(741): Illuminate\\Routing\\Router->runRoute()
#40 /home/u411614341/domains/cms.oraclemachinetech.com/public_html/vendor/laravel/framework/src/Illuminate/Routing/Router.php(730): Illuminate\\Routing\\Router->dispatchToRoute()
#41 /home/u411614341/domains/cms.oraclemachinetech.com/public_html/vendor/laravel/framework/src/Illuminate/Foundation/Http/Kernel.php(200): Illuminate\\Routing\\Router->dispatch()
#42 /home/u411614341/domains/cms.oraclemachinetech.com/public_html/vendor/laravel/framework/src/Illuminate/Pipeline/Pipeline.php(141): Illuminate\\Foundation\\Http\\Kernel->Illuminate\\Foundation\\Http\\{closure}()
#43 /home/u411614341/domains/cms.oraclemachinetech.com/public_html/vendor/laravel/framework/src/Illuminate/Foundation/Http/Middleware/TransformsRequest.php(21): Illuminate\\Pipeline\\Pipeline->Illuminate\\Pipeline\\{closure}()
#44 /home/u411614341/domains/cms.oraclemachinetech.com/public_html/vendor/laravel/framework/src/Illuminate/Foundation/Http/Middleware/ConvertEmptyStringsToNull.php(31): Illuminate\\Foundation\\Http\\Middleware\\TransformsRequest->handle()
#45 /home/u411614341/domains/cms.oraclemachinetech.com/public_html/vendor/laravel/framework/src/Illuminate/Pipeline/Pipeline.php(180): Illuminate\\Foundation\\Http\\Middleware\\ConvertEmptyStringsToNull->handle()
#46 /home/u411614341/domains/cms.oraclemachinetech.com/public_html/vendor/laravel/framework/src/Illuminate/Foundation/Http/Middleware/TransformsRequest.php(21): Illuminate\\Pipeline\\Pipeline->Illuminate\\Pipeline\\{closure}()
#47 /home/u411614341/domains/cms.oraclemachinetech.com/public_html/vendor/laravel/framework/src/Illuminate/Foundation/Http/Middleware/TrimStrings.php(40): Illuminate\\Foundation\\Http\\Middleware\\TransformsRequest->handle()
#48 /home/u411614341/domains/cms.oraclemachinetech.com/public_html/vendor/laravel/framework/src/Illuminate/Pipeline/Pipeline.php(180): Illuminate\\Foundation\\Http\\Middleware\\TrimStrings->handle()
#49 /home/u411614341/domains/cms.oraclemachinetech.com/public_html/vendor/laravel/framework/src/Illuminate/Foundation/Http/Middleware/ValidatePostSize.php(27): Illuminate\\Pipeline\\Pipeline->Illuminate\\Pipeline\\{closure}()
#50 /home/u411614341/domains/cms.oraclemachinetech.com/public_html/vendor/laravel/framework/src/Illuminate/Pipeline/Pipeline.php(180): Illuminate\\Foundation\\Http\\Middleware\\ValidatePostSize->handle()
#51 /home/u411614341/domains/cms.oraclemachinetech.com/public_html/vendor/laravel/framework/src/Illuminate/Foundation/Http/Middleware/PreventRequestsDuringMaintenance.php(89): Illuminate\\Pipeline\\Pipeline->Illuminate\\Pipeline\\{closure}()
#52 /home/u411614341/domains/cms.oraclemachinetech.com/public_html/vendor/laravel/framework/src/Illuminate/Pipeline/Pipeline.php(180): Illuminate\\Foundation\\Http\\Middleware\\PreventRequestsDuringMaintenance->handle()
#53 /home/u411614341/domains/cms.oraclemachinetech.com/public_html/vendor/laravel/framework/src/Illuminate/Http/Middleware/HandleCors.php(49): Illuminate\\Pipeline\\Pipeline->Illuminate\\Pipeline\\{closure}()
#54 /home/u411614341/domains/cms.oraclemachinetech.com/public_html/vendor/laravel/framework/src/Illuminate/Pipeline/Pipeline.php(180): Illuminate\\Http\\Middleware\\HandleCors->handle()
#55 /home/u411614341/domains/cms.oraclemachinetech.com/public_html/vendor/laravel/framework/src/Illuminate/Http/Middleware/TrustProxies.php(39): Illuminate\\Pipeline\\Pipeline->Illuminate\\Pipeline\\{closure}()
#56 /home/u411614341/domains/cms.oraclemachinetech.com/public_html/vendor/laravel/framework/src/Illuminate/Pipeline/Pipeline.php(180): Illuminate\\Http\\Middleware\\TrustProxies->handle()
#57 /home/u411614341/domains/cms.oraclemachinetech.com/public_html/vendor/laravel/framework/src/Illuminate/Pipeline/Pipeline.php(116): Illuminate\\Pipeline\\Pipeline->Illuminate\\Pipeline\\{closure}()
#58 /home/u411614341/domains/cms.oraclemachinetech.com/public_html/vendor/laravel/framework/src/Illuminate/Foundation/Http/Kernel.php(175): Illuminate\\Pipeline\\Pipeline->then()
#59 /home/u411614341/domains/cms.oraclemachinetech.com/public_html/vendor/laravel/framework/src/Illuminate/Foundation/Http/Kernel.php(144): Illuminate\\Foundation\\Http\\Kernel->sendRequestThroughRouter()
#60 /home/u411614341/domains/cms.oraclemachinetech.com/public_html/index.php(52): Illuminate\\Foundation\\Http\\Kernel->handle()
#61 {main}

[previous exception] [object] (PDOException(code: 1045): SQLSTATE[HY000] [1045] Access denied for user 'u411614341_invoice'@'127.0.0.1' (using password: NO) at /home/u411614341/domains/cms.oraclemachinetech.com/public_html/vendor/laravel/framework/src/Illuminate/Database/Connectors/Connector.php:65)
[stacktrace]
#0 /home/u411614341/domains/cms.oraclemachinetech.com/public_html/vendor/laravel/framework/src/Illuminate/Database/Connectors/Connector.php(65): PDO->__construct()
#1 /home/u411614341/domains/cms.oraclemachinetech.com/public_html/vendor/laravel/framework/src/Illuminate/Database/Connectors/Connector.php(45): Illuminate\\Database\\Connectors\\Connector->createPdoConnection()
#2 /home/u411614341/domains/cms.oraclemachinetech.com/public_html/vendor/laravel/framework/src/Illuminate/Database/Connectors/MySqlConnector.php(24): Illuminate\\Database\\Connectors\\Connector->createConnection()
#3 /home/u411614341/domains/cms.oraclemachinetech.com/public_html/vendor/laravel/framework/src/Illuminate/Database/Connectors/ConnectionFactory.php(184): Illuminate\\Database\\Connectors\\MySqlConnector->connect()
#4 [internal function]: Illuminate\\Database\\Connectors\\ConnectionFactory->Illuminate\\Database\\Connectors\\{closure}()
#5 /home/u411614341/domains/cms.oraclemachinetech.com/public_html/vendor/laravel/framework/src/Illuminate/Database/Connection.php(1292): call_user_func()
#6 /home/u411614341/domains/cms.oraclemachinetech.com/public_html/vendor/laravel/framework/src/Illuminate/Database/Connection.php(1328): Illuminate\\Database\\Connection->getPdo()
#7 /home/u411614341/domains/cms.oraclemachinetech.com/public_html/vendor/laravel/framework/src/Illuminate/Database/Connection.php(521): Illuminate\\Database\\Connection->getReadPdo()
#8 /home/u411614341/domains/cms.oraclemachinetech.com/public_html/vendor/laravel/framework/src/Illuminate/Database/Connection.php(416): Illuminate\\Database\\Connection->getPdoForSelect()
#9 /home/u411614341/domains/cms.oraclemachinetech.com/public_html/vendor/laravel/framework/src/Illuminate/Database/Connection.php(788): Illuminate\\Database\\Connection->Illuminate\\Database\\{closure}()
#10 /home/u411614341/domains/cms.oraclemachinetech.com/public_html/vendor/laravel/framework/src/Illuminate/Database/Connection.php(755): Illuminate\\Database\\Connection->runQueryCallback()
#11 /home/u411614341/domains/cms.oraclemachinetech.com/public_html/vendor/laravel/framework/src/Illuminate/Database/Connection.php(424): Illuminate\\Database\\Connection->run()
#12 /home/u411614341/domains/cms.oraclemachinetech.com/public_html/vendor/laravel/framework/src/Illuminate/Database/Query/Builder.php(2752): Illuminate\\Database\\Connection->select()
#13 /home/u411614341/domains/cms.oraclemachinetech.com/public_html/vendor/laravel/framework/src/Illuminate/Database/Query/Builder.php(2740): Illuminate\\Database\\Query\\Builder->runSelect()
#14 /home/u411614341/domains/cms.oraclemachinetech.com/public_html/vendor/laravel/framework/src/Illuminate/Database/Query/Builder.php(3294): Illuminate\\Database\\Query\\Builder->Illuminate\\Database\\Query\\{closure}()
#15 /home/u411614341/domains/cms.oraclemachinetech.com/public_html/vendor/laravel/framework/src/Illuminate/Database/Query/Builder.php(2741): Illuminate\\Database\\Query\\Builder->onceWithColumns()
#16 /home/u411614341/domains/cms.oraclemachinetech.com/public_html/vendor/laravel/framework/src/Illuminate/Database/Eloquent/Builder.php(737): Illuminate\\Database\\Query\\Builder->get()
#17 /home/u411614341/domains/cms.oraclemachinetech.com/public_html/vendor/laravel/framework/src/Illuminate/Database/Eloquent/Builder.php(721): Illuminate\\Database\\Eloquent\\Builder->getModels()
#18 /home/u411614341/domains/cms.oraclemachinetech.com/public_html/vendor/laravel/framework/src/Illuminate/Database/Concerns/BuildsQueries.php(296): Illuminate\\Database\\Eloquent\\Builder->get()
#19 /home/u411614341/domains/cms.oraclemachinetech.com/public_html/vendor/laravel/framework/src/Illuminate/Auth/EloquentUserProvider.php(139): Illuminate\\Database\\Eloquent\\Builder->first()
#20 /home/u411614341/domains/cms.oraclemachinetech.com/public_html/vendor/laravel/framework/src/Illuminate/Auth/SessionGuard.php(381): Illuminate\\Auth\\EloquentUserProvider->retrieveByCredentials()
#21 /home/u411614341/domains/cms.oraclemachinetech.com/public_html/vendor/laravel/ui/auth-backend/AuthenticatesUsers.php(87): Illuminate\\Auth\\SessionGuard->attempt()
#22 /home/u411614341/domains/cms.oraclemachinetech.com/public_html/vendor/laravel/ui/auth-backend/AuthenticatesUsers.php(46): App\\Http\\Controllers\\Auth\\LoginController->attemptLogin()
#23 /home/u411614341/domains/cms.oraclemachinetech.com/public_html/vendor/laravel/framework/src/Illuminate/Routing/Controller.php(54): App\\Http\\Controllers\\Auth\\LoginController->login()
#24 /home/u411614341/domains/cms.oraclemachinetech.com/public_html/vendor/laravel/framework/src/Illuminate/Routing/ControllerDispatcher.php(43): Illuminate\\Routing\\Controller->callAction()
#25 /home/u411614341/domains/cms.oraclemachinetech.com/public_html/vendor/laravel/framework/src/Illuminate/Routing/Route.php(260): Illuminate\\Routing\\ControllerDispatcher->dispatch()
#26 /home/u411614341/domains/cms.oraclemachinetech.com/public_html/vendor/laravel/framework/src/Illuminate/Routing/Route.php(205): Illuminate\\Routing\\Route->runController()
#27 /home/u411614341/domains/cms.oraclemachinetech.com/public_html/vendor/laravel/framework/src/Illuminate/Routing/Router.php(799): Illuminate\\Routing\\Route->run()
#28 /home/u411614341/domains/cms.oraclemachinetech.com/public_html/vendor/laravel/framework/src/Illuminate/Pipeline/Pipeline.php(141): Illuminate\\Routing\\Router->Illuminate\\Routing\\{closure}()
#29 /home/u411614341/domains/cms.oraclemachinetech.com/public_html/app/Http/Middleware/RedirectIfAuthenticated.php(30): Illuminate\\Pipeline\\Pipeline->Illuminate\\Pipeline\\{closure}()
#30 /home/u411614341/domains/cms.oraclemachinetech.com/public_html/vendor/laravel/framework/src/Illuminate/Pipeline/Pipeline.php(180): App\\Http\\Middleware\\RedirectIfAuthenticated->handle()
#31 /home/u411614341/domains/cms.oraclemachinetech.com/public_html/vendor/laravel/framework/src/Illuminate/Routing/Middleware/SubstituteBindings.php(50): Illuminate\\Pipeline\\Pipeline->Illuminate\\Pipeline\\{closure}()
#32 /home/u411614341/domains/cms.oraclemachinetech.com/public_html/vendor/laravel/framework/src/Illuminate/Pipeline/Pipeline.php(180): Illuminate\\Routing\\Middleware\\SubstituteBindings->handle()
#33 /home/u411614341/domains/cms.oraclemachinetech.com/public_html/app/Http/Middleware/Localization.php(24): Illuminate\\Pipeline\\Pipeline->Illuminate\\Pipeline\\{closure}()
#34 /home/u411614341/domains/cms.oraclemachinetech.com/public_html/vendor/laravel/framework/src/Illuminate/Pipeline/Pipeline.php(180): App\\Http\\Middleware\\Localization->handle()
#35 /home/u411614341/domains/cms.oraclemachinetech.com/public_html/vendor/laravel/framework/src/Illuminate/Foundation/Http/Middleware/VerifyCsrfToken.php(78): Illuminate\\Pipeline\\Pipeline->Illuminate\\Pipeline\\{closure}()
#36 /home/u411614341/domains/cms.oraclemachinetech.com/public_html/vendor/laravel/framework/src/Illuminate/Pipeline/Pipeline.php(180): Illuminate\\Foundation\\Http\\Middleware\\VerifyCsrfToken->handle()
#37 /home/u411614341/domains/cms.oraclemachinetech.com/public_html/vendor/laravel/framework/src/Illuminate/View/Middleware/ShareErrorsFromSession.php(49): Illuminate\\Pipeline\\Pipeline->Illuminate\\Pipeline\\{closure}()
#38 /home/u411614341/domains/cms.oraclemachinetech.com/public_html/vendor/laravel/framework/src/Illuminate/Pipeline/Pipeline.php(180): Illuminate\\View\\Middleware\\ShareErrorsFromSession->handle()
#39 /home/u411614341/domains/cms.oraclemachinetech.com/public_html/vendor/laravel/framework/src/Illuminate/Session/Middleware/StartSession.php(121): Illuminate\\Pipeline\\Pipeline->Illuminate\\Pipeline\\{closure}()
#40 /home/u411614341/domains/cms.oraclemachinetech.com/public_html/vendor/laravel/framework/src/Illuminate/Session/Middleware/StartSession.php(64): Illuminate\\Session\\Middleware\\StartSession->handleStatefulRequest()
#41 /home/u411614341/domains/cms.oraclemachinetech.com/public_html/vendor/laravel/framework/src/Illuminate/Pipeline/Pipeline.php(180): Illuminate\\Session\\Middleware\\StartSession->handle()
#42 /home/u411614341/domains/cms.oraclemachinetech.com/public_html/vendor/laravel/framework/src/Illuminate/Cookie/Middleware/AddQueuedCookiesToResponse.php(37): Illuminate\\Pipeline\\Pipeline->Illuminate\\Pipeline\\{closure}()
#43 /home/u411614341/domains/cms.oraclemachinetech.com/public_html/vendor/laravel/framework/src/Illuminate/Pipeline/Pipeline.php(180): Illuminate\\Cookie\\Middleware\\AddQueuedCookiesToResponse->handle()
#44 /home/u411614341/domains/cms.oraclemachinetech.com/public_html/vendor/laravel/framework/src/Illuminate/Cookie/Middleware/EncryptCookies.php(67): Illuminate\\Pipeline\\Pipeline->Illuminate\\Pipeline\\{closure}()
#45 /home/u411614341/domains/cms.oraclemachinetech.com/public_html/vendor/laravel/framework/src/Illuminate/Pipeline/Pipeline.php(180): Illuminate\\Cookie\\Middleware\\EncryptCookies->handle()
#46 /home/u411614341/domains/cms.oraclemachinetech.com/public_html/vendor/laravel/framework/src/Illuminate/Pipeline/Pipeline.php(116): Illuminate\\Pipeline\\Pipeline->Illuminate\\Pipeline\\{closure}()
#47 /home/u411614341/domains/cms.oraclemachinetech.com/public_html/vendor/laravel/framework/src/Illuminate/Routing/Router.php(800): Illuminate\\Pipeline\\Pipeline->then()
#48 /home/u411614341/domains/cms.oraclemachinetech.com/public_html/vendor/laravel/framework/src/Illuminate/Routing/Router.php(777): Illuminate\\Routing\\Router->runRouteWithinStack()
#49 /home/u411614341/domains/cms.oraclemachinetech.com/public_html/vendor/laravel/framework/src/Illuminate/Routing/Router.php(741): Illuminate\\Routing\\Router->runRoute()
#50 /home/u411614341/domains/cms.oraclemachinetech.com/public_html/vendor/laravel/framework/src/Illuminate/Routing/Router.php(730): Illuminate\\Routing\\Router->dispatchToRoute()
#51 /home/u411614341/domains/cms.oraclemachinetech.com/public_html/vendor/laravel/framework/src/Illuminate/Foundation/Http/Kernel.php(200): Illuminate\\Routing\\Router->dispatch()
#52 /home/u411614341/domains/cms.oraclemachinetech.com/public_html/vendor/laravel/framework/src/Illuminate/Pipeline/Pipeline.php(141): Illuminate\\Foundation\\Http\\Kernel->Illuminate\\Foundation\\Http\\{closure}()
#53 /home/u411614341/domains/cms.oraclemachinetech.com/public_html/vendor/laravel/framework/src/Illuminate/Foundation/Http/Middleware/TransformsRequest.php(21): Illuminate\\Pipeline\\Pipeline->Illuminate\\Pipeline\\{closure}()
#54 /home/u411614341/domains/cms.oraclemachinetech.com/public_html/vendor/laravel/framework/src/Illuminate/Foundation/Http/Middleware/ConvertEmptyStringsToNull.php(31): Illuminate\\Foundation\\Http\\Middleware\\TransformsRequest->handle()
#55 /home/u411614341/domains/cms.oraclemachinetech.com/public_html/vendor/laravel/framework/src/Illuminate/Pipeline/Pipeline.php(180): Illuminate\\Foundation\\Http\\Middleware\\ConvertEmptyStringsToNull->handle()
#56 /home/u411614341/domains/cms.oraclemachinetech.com/public_html/vendor/laravel/framework/src/Illuminate/Foundation/Http/Middleware/TransformsRequest.php(21): Illuminate\\Pipeline\\Pipeline->Illuminate\\Pipeline\\{closure}()
#57 /home/u411614341/domains/cms.oraclemachinetech.com/public_html/vendor/laravel/framework/src/Illuminate/Foundation/Http/Middleware/TrimStrings.php(40): Illuminate\\Foundation\\Http\\Middleware\\TransformsRequest->handle()
#58 /home/u411614341/domains/cms.oraclemachinetech.com/public_html/vendor/laravel/framework/src/Illuminate/Pipeline/Pipeline.php(180): Illuminate\\Foundation\\Http\\Middleware\\TrimStrings->handle()
#59 /home/u411614341/domains/cms.oraclemachinetech.com/public_html/vendor/laravel/framework/src/Illuminate/Foundation/Http/Middleware/ValidatePostSize.php(27): Illuminate\\Pipeline\\Pipeline->Illuminate\\Pipeline\\{closure}()
#60 /home/u411614341/domains/cms.oraclemachinetech.com/public_html/vendor/laravel/framework/src/Illuminate/Pipeline/Pipeline.php(180): Illuminate\\Foundation\\Http\\Middleware\\ValidatePostSize->handle()
#61 /home/u411614341/domains/cms.oraclemachinetech.com/public_html/vendor/laravel/framework/src/Illuminate/Foundation/Http/Middleware/PreventRequestsDuringMaintenance.php(89): Illuminate\\Pipeline\\Pipeline->Illuminate\\Pipeline\\{closure}()
#62 /home/u411614341/domains/cms.oraclemachinetech.com/public_html/vendor/laravel/framework/src/Illuminate/Pipeline/Pipeline.php(180): Illuminate\\Foundation\\Http\\Middleware\\PreventRequestsDuringMaintenance->handle()
#63 /home/u411614341/domains/cms.oraclemachinetech.com/public_html/vendor/laravel/framework/src/Illuminate/Http/Middleware/HandleCors.php(49): Illuminate\\Pipeline\\Pipeline->Illuminate\\Pipeline\\{closure}()
#64 /home/u411614341/domains/cms.oraclemachinetech.com/public_html/vendor/laravel/framework/src/Illuminate/Pipeline/Pipeline.php(180): Illuminate\\Http\\Middleware\\HandleCors->handle()
#65 /home/u411614341/domains/cms.oraclemachinetech.com/public_html/vendor/laravel/framework/src/Illuminate/Http/Middleware/TrustProxies.php(39): Illuminate\\Pipeline\\Pipeline->Illuminate\\Pipeline\\{closure}()
#66 /home/u411614341/domains/cms.oraclemachinetech.com/public_html/vendor/laravel/framework/src/Illuminate/Pipeline/Pipeline.php(180): Illuminate\\Http\\Middleware\\TrustProxies->handle()
#67 /home/u411614341/domains/cms.oraclemachinetech.com/public_html/vendor/laravel/framework/src/Illuminate/Pipeline/Pipeline.php(116): Illuminate\\Pipeline\\Pipeline->Illuminate\\Pipeline\\{closure}()
#68 /home/u411614341/domains/cms.oraclemachinetech.com/public_html/vendor/laravel/framework/src/Illuminate/Foundation/Http/Kernel.php(175): Illuminate\\Pipeline\\Pipeline->then()
#69 /home/u411614341/domains/cms.oraclemachinetech.com/public_html/vendor/laravel/framework/src/Illuminate/Foundation/Http/Kernel.php(144): Illuminate\\Foundation\\Http\\Kernel->sendRequestThroughRouter()
#70 /home/u411614341/domains/cms.oraclemachinetech.com/public_html/index.php(52): Illuminate\\Foundation\\Http\\Kernel->handle()
#71 {main}
"} 
[2024-10-17 13:17:20] local.ERROR: SQLSTATE[HY000] [1045] Access denied for user 'u411614341_invoice'@'127.0.0.1' (using password: YES) (Connection: mysql, SQL: select * from `users` where `email` = admin@gmail.com limit 1) {"exception":"[object] (Illuminate\\Database\\QueryException(code: 1045): SQLSTATE[HY000] [1045] Access denied for user 'u411614341_invoice'@'127.0.0.1' (using password: YES) (Connection: mysql, SQL: select * from `users` where `email` = admin@gmail.com limit 1) at /home/u411614341/domains/cms.oraclemachinetech.com/public_html/vendor/laravel/framework/src/Illuminate/Database/Connection.php:801)
[stacktrace]
#0 /home/u411614341/domains/cms.oraclemachinetech.com/public_html/vendor/laravel/framework/src/Illuminate/Database/Connection.php(755): Illuminate\\Database\\Connection->runQueryCallback()
#1 /home/u411614341/domains/cms.oraclemachinetech.com/public_html/vendor/laravel/framework/src/Illuminate/Database/Connection.php(424): Illuminate\\Database\\Connection->run()
#2 /home/u411614341/domains/cms.oraclemachinetech.com/public_html/vendor/laravel/framework/src/Illuminate/Database/Query/Builder.php(2752): Illuminate\\Database\\Connection->select()
#3 /home/u411614341/domains/cms.oraclemachinetech.com/public_html/vendor/laravel/framework/src/Illuminate/Database/Query/Builder.php(2740): Illuminate\\Database\\Query\\Builder->runSelect()
#4 /home/u411614341/domains/cms.oraclemachinetech.com/public_html/vendor/laravel/framework/src/Illuminate/Database/Query/Builder.php(3294): Illuminate\\Database\\Query\\Builder->Illuminate\\Database\\Query\\{closure}()
#5 /home/u411614341/domains/cms.oraclemachinetech.com/public_html/vendor/laravel/framework/src/Illuminate/Database/Query/Builder.php(2741): Illuminate\\Database\\Query\\Builder->onceWithColumns()
#6 /home/u411614341/domains/cms.oraclemachinetech.com/public_html/vendor/laravel/framework/src/Illuminate/Database/Eloquent/Builder.php(737): Illuminate\\Database\\Query\\Builder->get()
#7 /home/u411614341/domains/cms.oraclemachinetech.com/public_html/vendor/laravel/framework/src/Illuminate/Database/Eloquent/Builder.php(721): Illuminate\\Database\\Eloquent\\Builder->getModels()
#8 /home/u411614341/domains/cms.oraclemachinetech.com/public_html/vendor/laravel/framework/src/Illuminate/Database/Concerns/BuildsQueries.php(296): Illuminate\\Database\\Eloquent\\Builder->get()
#9 /home/u411614341/domains/cms.oraclemachinetech.com/public_html/vendor/laravel/framework/src/Illuminate/Auth/EloquentUserProvider.php(139): Illuminate\\Database\\Eloquent\\Builder->first()
#10 /home/u411614341/domains/cms.oraclemachinetech.com/public_html/vendor/laravel/framework/src/Illuminate/Auth/SessionGuard.php(381): Illuminate\\Auth\\EloquentUserProvider->retrieveByCredentials()
#11 /home/u411614341/domains/cms.oraclemachinetech.com/public_html/vendor/laravel/ui/auth-backend/AuthenticatesUsers.php(87): Illuminate\\Auth\\SessionGuard->attempt()
#12 /home/u411614341/domains/cms.oraclemachinetech.com/public_html/vendor/laravel/ui/auth-backend/AuthenticatesUsers.php(46): App\\Http\\Controllers\\Auth\\LoginController->attemptLogin()
#13 /home/u411614341/domains/cms.oraclemachinetech.com/public_html/vendor/laravel/framework/src/Illuminate/Routing/Controller.php(54): App\\Http\\Controllers\\Auth\\LoginController->login()
#14 /home/u411614341/domains/cms.oraclemachinetech.com/public_html/vendor/laravel/framework/src/Illuminate/Routing/ControllerDispatcher.php(43): Illuminate\\Routing\\Controller->callAction()
#15 /home/u411614341/domains/cms.oraclemachinetech.com/public_html/vendor/laravel/framework/src/Illuminate/Routing/Route.php(260): Illuminate\\Routing\\ControllerDispatcher->dispatch()
#16 /home/u411614341/domains/cms.oraclemachinetech.com/public_html/vendor/laravel/framework/src/Illuminate/Routing/Route.php(205): Illuminate\\Routing\\Route->runController()
#17 /home/u411614341/domains/cms.oraclemachinetech.com/public_html/vendor/laravel/framework/src/Illuminate/Routing/Router.php(799): Illuminate\\Routing\\Route->run()
#18 /home/u411614341/domains/cms.oraclemachinetech.com/public_html/vendor/laravel/framework/src/Illuminate/Pipeline/Pipeline.php(141): Illuminate\\Routing\\Router->Illuminate\\Routing\\{closure}()
#19 /home/u411614341/domains/cms.oraclemachinetech.com/public_html/app/Http/Middleware/RedirectIfAuthenticated.php(30): Illuminate\\Pipeline\\Pipeline->Illuminate\\Pipeline\\{closure}()
#20 /home/u411614341/domains/cms.oraclemachinetech.com/public_html/vendor/laravel/framework/src/Illuminate/Pipeline/Pipeline.php(180): App\\Http\\Middleware\\RedirectIfAuthenticated->handle()
#21 /home/u411614341/domains/cms.oraclemachinetech.com/public_html/vendor/laravel/framework/src/Illuminate/Routing/Middleware/SubstituteBindings.php(50): Illuminate\\Pipeline\\Pipeline->Illuminate\\Pipeline\\{closure}()
#22 /home/u411614341/domains/cms.oraclemachinetech.com/public_html/vendor/laravel/framework/src/Illuminate/Pipeline/Pipeline.php(180): Illuminate\\Routing\\Middleware\\SubstituteBindings->handle()
#23 /home/u411614341/domains/cms.oraclemachinetech.com/public_html/app/Http/Middleware/Localization.php(24): Illuminate\\Pipeline\\Pipeline->Illuminate\\Pipeline\\{closure}()
#24 /home/u411614341/domains/cms.oraclemachinetech.com/public_html/vendor/laravel/framework/src/Illuminate/Pipeline/Pipeline.php(180): App\\Http\\Middleware\\Localization->handle()
#25 /home/u411614341/domains/cms.oraclemachinetech.com/public_html/vendor/laravel/framework/src/Illuminate/Foundation/Http/Middleware/VerifyCsrfToken.php(78): Illuminate\\Pipeline\\Pipeline->Illuminate\\Pipeline\\{closure}()
#26 /home/u411614341/domains/cms.oraclemachinetech.com/public_html/vendor/laravel/framework/src/Illuminate/Pipeline/Pipeline.php(180): Illuminate\\Foundation\\Http\\Middleware\\VerifyCsrfToken->handle()
#27 /home/u411614341/domains/cms.oraclemachinetech.com/public_html/vendor/laravel/framework/src/Illuminate/View/Middleware/ShareErrorsFromSession.php(49): Illuminate\\Pipeline\\Pipeline->Illuminate\\Pipeline\\{closure}()
#28 /home/u411614341/domains/cms.oraclemachinetech.com/public_html/vendor/laravel/framework/src/Illuminate/Pipeline/Pipeline.php(180): Illuminate\\View\\Middleware\\ShareErrorsFromSession->handle()
#29 /home/u411614341/domains/cms.oraclemachinetech.com/public_html/vendor/laravel/framework/src/Illuminate/Session/Middleware/StartSession.php(121): Illuminate\\Pipeline\\Pipeline->Illuminate\\Pipeline\\{closure}()
#30 /home/u411614341/domains/cms.oraclemachinetech.com/public_html/vendor/laravel/framework/src/Illuminate/Session/Middleware/StartSession.php(64): Illuminate\\Session\\Middleware\\StartSession->handleStatefulRequest()
#31 /home/u411614341/domains/cms.oraclemachinetech.com/public_html/vendor/laravel/framework/src/Illuminate/Pipeline/Pipeline.php(180): Illuminate\\Session\\Middleware\\StartSession->handle()
#32 /home/u411614341/domains/cms.oraclemachinetech.com/public_html/vendor/laravel/framework/src/Illuminate/Cookie/Middleware/AddQueuedCookiesToResponse.php(37): Illuminate\\Pipeline\\Pipeline->Illuminate\\Pipeline\\{closure}()
#33 /home/u411614341/domains/cms.oraclemachinetech.com/public_html/vendor/laravel/framework/src/Illuminate/Pipeline/Pipeline.php(180): Illuminate\\Cookie\\Middleware\\AddQueuedCookiesToResponse->handle()
#34 /home/u411614341/domains/cms.oraclemachinetech.com/public_html/vendor/laravel/framework/src/Illuminate/Cookie/Middleware/EncryptCookies.php(67): Illuminate\\Pipeline\\Pipeline->Illuminate\\Pipeline\\{closure}()
#35 /home/u411614341/domains/cms.oraclemachinetech.com/public_html/vendor/laravel/framework/src/Illuminate/Pipeline/Pipeline.php(180): Illuminate\\Cookie\\Middleware\\EncryptCookies->handle()
#36 /home/u411614341/domains/cms.oraclemachinetech.com/public_html/vendor/laravel/framework/src/Illuminate/Pipeline/Pipeline.php(116): Illuminate\\Pipeline\\Pipeline->Illuminate\\Pipeline\\{closure}()
#37 /home/u411614341/domains/cms.oraclemachinetech.com/public_html/vendor/laravel/framework/src/Illuminate/Routing/Router.php(800): Illuminate\\Pipeline\\Pipeline->then()
#38 /home/u411614341/domains/cms.oraclemachinetech.com/public_html/vendor/laravel/framework/src/Illuminate/Routing/Router.php(777): Illuminate\\Routing\\Router->runRouteWithinStack()
#39 /home/u411614341/domains/cms.oraclemachinetech.com/public_html/vendor/laravel/framework/src/Illuminate/Routing/Router.php(741): Illuminate\\Routing\\Router->runRoute()
#40 /home/u411614341/domains/cms.oraclemachinetech.com/public_html/vendor/laravel/framework/src/Illuminate/Routing/Router.php(730): Illuminate\\Routing\\Router->dispatchToRoute()
#41 /home/u411614341/domains/cms.oraclemachinetech.com/public_html/vendor/laravel/framework/src/Illuminate/Foundation/Http/Kernel.php(200): Illuminate\\Routing\\Router->dispatch()
#42 /home/u411614341/domains/cms.oraclemachinetech.com/public_html/vendor/laravel/framework/src/Illuminate/Pipeline/Pipeline.php(141): Illuminate\\Foundation\\Http\\Kernel->Illuminate\\Foundation\\Http\\{closure}()
#43 /home/u411614341/domains/cms.oraclemachinetech.com/public_html/vendor/laravel/framework/src/Illuminate/Foundation/Http/Middleware/TransformsRequest.php(21): Illuminate\\Pipeline\\Pipeline->Illuminate\\Pipeline\\{closure}()
#44 /home/u411614341/domains/cms.oraclemachinetech.com/public_html/vendor/laravel/framework/src/Illuminate/Foundation/Http/Middleware/ConvertEmptyStringsToNull.php(31): Illuminate\\Foundation\\Http\\Middleware\\TransformsRequest->handle()
#45 /home/u411614341/domains/cms.oraclemachinetech.com/public_html/vendor/laravel/framework/src/Illuminate/Pipeline/Pipeline.php(180): Illuminate\\Foundation\\Http\\Middleware\\ConvertEmptyStringsToNull->handle()
#46 /home/u411614341/domains/cms.oraclemachinetech.com/public_html/vendor/laravel/framework/src/Illuminate/Foundation/Http/Middleware/TransformsRequest.php(21): Illuminate\\Pipeline\\Pipeline->Illuminate\\Pipeline\\{closure}()
#47 /home/u411614341/domains/cms.oraclemachinetech.com/public_html/vendor/laravel/framework/src/Illuminate/Foundation/Http/Middleware/TrimStrings.php(40): Illuminate\\Foundation\\Http\\Middleware\\TransformsRequest->handle()
#48 /home/u411614341/domains/cms.oraclemachinetech.com/public_html/vendor/laravel/framework/src/Illuminate/Pipeline/Pipeline.php(180): Illuminate\\Foundation\\Http\\Middleware\\TrimStrings->handle()
#49 /home/u411614341/domains/cms.oraclemachinetech.com/public_html/vendor/laravel/framework/src/Illuminate/Foundation/Http/Middleware/ValidatePostSize.php(27): Illuminate\\Pipeline\\Pipeline->Illuminate\\Pipeline\\{closure}()
#50 /home/u411614341/domains/cms.oraclemachinetech.com/public_html/vendor/laravel/framework/src/Illuminate/Pipeline/Pipeline.php(180): Illuminate\\Foundation\\Http\\Middleware\\ValidatePostSize->handle()
#51 /home/u411614341/domains/cms.oraclemachinetech.com/public_html/vendor/laravel/framework/src/Illuminate/Foundation/Http/Middleware/PreventRequestsDuringMaintenance.php(89): Illuminate\\Pipeline\\Pipeline->Illuminate\\Pipeline\\{closure}()
#52 /home/u411614341/domains/cms.oraclemachinetech.com/public_html/vendor/laravel/framework/src/Illuminate/Pipeline/Pipeline.php(180): Illuminate\\Foundation\\Http\\Middleware\\PreventRequestsDuringMaintenance->handle()
#53 /home/u411614341/domains/cms.oraclemachinetech.com/public_html/vendor/laravel/framework/src/Illuminate/Http/Middleware/HandleCors.php(49): Illuminate\\Pipeline\\Pipeline->Illuminate\\Pipeline\\{closure}()
#54 /home/u411614341/domains/cms.oraclemachinetech.com/public_html/vendor/laravel/framework/src/Illuminate/Pipeline/Pipeline.php(180): Illuminate\\Http\\Middleware\\HandleCors->handle()
#55 /home/u411614341/domains/cms.oraclemachinetech.com/public_html/vendor/laravel/framework/src/Illuminate/Http/Middleware/TrustProxies.php(39): Illuminate\\Pipeline\\Pipeline->Illuminate\\Pipeline\\{closure}()
#56 /home/u411614341/domains/cms.oraclemachinetech.com/public_html/vendor/laravel/framework/src/Illuminate/Pipeline/Pipeline.php(180): Illuminate\\Http\\Middleware\\TrustProxies->handle()
#57 /home/u411614341/domains/cms.oraclemachinetech.com/public_html/vendor/laravel/framework/src/Illuminate/Pipeline/Pipeline.php(116): Illuminate\\Pipeline\\Pipeline->Illuminate\\Pipeline\\{closure}()
#58 /home/u411614341/domains/cms.oraclemachinetech.com/public_html/vendor/laravel/framework/src/Illuminate/Foundation/Http/Kernel.php(175): Illuminate\\Pipeline\\Pipeline->then()
#59 /home/u411614341/domains/cms.oraclemachinetech.com/public_html/vendor/laravel/framework/src/Illuminate/Foundation/Http/Kernel.php(144): Illuminate\\Foundation\\Http\\Kernel->sendRequestThroughRouter()
#60 /home/u411614341/domains/cms.oraclemachinetech.com/public_html/index.php(52): Illuminate\\Foundation\\Http\\Kernel->handle()
#61 {main}

[previous exception] [object] (PDOException(code: 1045): SQLSTATE[HY000] [1045] Access denied for user 'u411614341_invoice'@'127.0.0.1' (using password: YES) at /home/u411614341/domains/cms.oraclemachinetech.com/public_html/vendor/laravel/framework/src/Illuminate/Database/Connectors/Connector.php:65)
[stacktrace]
#0 /home/u411614341/domains/cms.oraclemachinetech.com/public_html/vendor/laravel/framework/src/Illuminate/Database/Connectors/Connector.php(65): PDO->__construct()
#1 /home/u411614341/domains/cms.oraclemachinetech.com/public_html/vendor/laravel/framework/src/Illuminate/Database/Connectors/Connector.php(45): Illuminate\\Database\\Connectors\\Connector->createPdoConnection()
#2 /home/u411614341/domains/cms.oraclemachinetech.com/public_html/vendor/laravel/framework/src/Illuminate/Database/Connectors/MySqlConnector.php(24): Illuminate\\Database\\Connectors\\Connector->createConnection()
#3 /home/u411614341/domains/cms.oraclemachinetech.com/public_html/vendor/laravel/framework/src/Illuminate/Database/Connectors/ConnectionFactory.php(184): Illuminate\\Database\\Connectors\\MySqlConnector->connect()
#4 [internal function]: Illuminate\\Database\\Connectors\\ConnectionFactory->Illuminate\\Database\\Connectors\\{closure}()
#5 /home/u411614341/domains/cms.oraclemachinetech.com/public_html/vendor/laravel/framework/src/Illuminate/Database/Connection.php(1292): call_user_func()
#6 /home/u411614341/domains/cms.oraclemachinetech.com/public_html/vendor/laravel/framework/src/Illuminate/Database/Connection.php(1328): Illuminate\\Database\\Connection->getPdo()
#7 /home/u411614341/domains/cms.oraclemachinetech.com/public_html/vendor/laravel/framework/src/Illuminate/Database/Connection.php(521): Illuminate\\Database\\Connection->getReadPdo()
#8 /home/u411614341/domains/cms.oraclemachinetech.com/public_html/vendor/laravel/framework/src/Illuminate/Database/Connection.php(416): Illuminate\\Database\\Connection->getPdoForSelect()
#9 /home/u411614341/domains/cms.oraclemachinetech.com/public_html/vendor/laravel/framework/src/Illuminate/Database/Connection.php(788): Illuminate\\Database\\Connection->Illuminate\\Database\\{closure}()
#10 /home/u411614341/domains/cms.oraclemachinetech.com/public_html/vendor/laravel/framework/src/Illuminate/Database/Connection.php(755): Illuminate\\Database\\Connection->runQueryCallback()
#11 /home/u411614341/domains/cms.oraclemachinetech.com/public_html/vendor/laravel/framework/src/Illuminate/Database/Connection.php(424): Illuminate\\Database\\Connection->run()
#12 /home/u411614341/domains/cms.oraclemachinetech.com/public_html/vendor/laravel/framework/src/Illuminate/Database/Query/Builder.php(2752): Illuminate\\Database\\Connection->select()
#13 /home/u411614341/domains/cms.oraclemachinetech.com/public_html/vendor/laravel/framework/src/Illuminate/Database/Query/Builder.php(2740): Illuminate\\Database\\Query\\Builder->runSelect()
#14 /home/u411614341/domains/cms.oraclemachinetech.com/public_html/vendor/laravel/framework/src/Illuminate/Database/Query/Builder.php(3294): Illuminate\\Database\\Query\\Builder->Illuminate\\Database\\Query\\{closure}()
#15 /home/u411614341/domains/cms.oraclemachinetech.com/public_html/vendor/laravel/framework/src/Illuminate/Database/Query/Builder.php(2741): Illuminate\\Database\\Query\\Builder->onceWithColumns()
#16 /home/u411614341/domains/cms.oraclemachinetech.com/public_html/vendor/laravel/framework/src/Illuminate/Database/Eloquent/Builder.php(737): Illuminate\\Database\\Query\\Builder->get()
#17 /home/u411614341/domains/cms.oraclemachinetech.com/public_html/vendor/laravel/framework/src/Illuminate/Database/Eloquent/Builder.php(721): Illuminate\\Database\\Eloquent\\Builder->getModels()
#18 /home/u411614341/domains/cms.oraclemachinetech.com/public_html/vendor/laravel/framework/src/Illuminate/Database/Concerns/BuildsQueries.php(296): Illuminate\\Database\\Eloquent\\Builder->get()
#19 /home/u411614341/domains/cms.oraclemachinetech.com/public_html/vendor/laravel/framework/src/Illuminate/Auth/EloquentUserProvider.php(139): Illuminate\\Database\\Eloquent\\Builder->first()
#20 /home/u411614341/domains/cms.oraclemachinetech.com/public_html/vendor/laravel/framework/src/Illuminate/Auth/SessionGuard.php(381): Illuminate\\Auth\\EloquentUserProvider->retrieveByCredentials()
#21 /home/u411614341/domains/cms.oraclemachinetech.com/public_html/vendor/laravel/ui/auth-backend/AuthenticatesUsers.php(87): Illuminate\\Auth\\SessionGuard->attempt()
#22 /home/u411614341/domains/cms.oraclemachinetech.com/public_html/vendor/laravel/ui/auth-backend/AuthenticatesUsers.php(46): App\\Http\\Controllers\\Auth\\LoginController->attemptLogin()
#23 /home/u411614341/domains/cms.oraclemachinetech.com/public_html/vendor/laravel/framework/src/Illuminate/Routing/Controller.php(54): App\\Http\\Controllers\\Auth\\LoginController->login()
#24 /home/u411614341/domains/cms.oraclemachinetech.com/public_html/vendor/laravel/framework/src/Illuminate/Routing/ControllerDispatcher.php(43): Illuminate\\Routing\\Controller->callAction()
#25 /home/u411614341/domains/cms.oraclemachinetech.com/public_html/vendor/laravel/framework/src/Illuminate/Routing/Route.php(260): Illuminate\\Routing\\ControllerDispatcher->dispatch()
#26 /home/u411614341/domains/cms.oraclemachinetech.com/public_html/vendor/laravel/framework/src/Illuminate/Routing/Route.php(205): Illuminate\\Routing\\Route->runController()
#27 /home/u411614341/domains/cms.oraclemachinetech.com/public_html/vendor/laravel/framework/src/Illuminate/Routing/Router.php(799): Illuminate\\Routing\\Route->run()
#28 /home/u411614341/domains/cms.oraclemachinetech.com/public_html/vendor/laravel/framework/src/Illuminate/Pipeline/Pipeline.php(141): Illuminate\\Routing\\Router->Illuminate\\Routing\\{closure}()
#29 /home/u411614341/domains/cms.oraclemachinetech.com/public_html/app/Http/Middleware/RedirectIfAuthenticated.php(30): Illuminate\\Pipeline\\Pipeline->Illuminate\\Pipeline\\{closure}()
#30 /home/u411614341/domains/cms.oraclemachinetech.com/public_html/vendor/laravel/framework/src/Illuminate/Pipeline/Pipeline.php(180): App\\Http\\Middleware\\RedirectIfAuthenticated->handle()
#31 /home/u411614341/domains/cms.oraclemachinetech.com/public_html/vendor/laravel/framework/src/Illuminate/Routing/Middleware/SubstituteBindings.php(50): Illuminate\\Pipeline\\Pipeline->Illuminate\\Pipeline\\{closure}()
#32 /home/u411614341/domains/cms.oraclemachinetech.com/public_html/vendor/laravel/framework/src/Illuminate/Pipeline/Pipeline.php(180): Illuminate\\Routing\\Middleware\\SubstituteBindings->handle()
#33 /home/u411614341/domains/cms.oraclemachinetech.com/public_html/app/Http/Middleware/Localization.php(24): Illuminate\\Pipeline\\Pipeline->Illuminate\\Pipeline\\{closure}()
#34 /home/u411614341/domains/cms.oraclemachinetech.com/public_html/vendor/laravel/framework/src/Illuminate/Pipeline/Pipeline.php(180): App\\Http\\Middleware\\Localization->handle()
#35 /home/u411614341/domains/cms.oraclemachinetech.com/public_html/vendor/laravel/framework/src/Illuminate/Foundation/Http/Middleware/VerifyCsrfToken.php(78): Illuminate\\Pipeline\\Pipeline->Illuminate\\Pipeline\\{closure}()
#36 /home/u411614341/domains/cms.oraclemachinetech.com/public_html/vendor/laravel/framework/src/Illuminate/Pipeline/Pipeline.php(180): Illuminate\\Foundation\\Http\\Middleware\\VerifyCsrfToken->handle()
#37 /home/u411614341/domains/cms.oraclemachinetech.com/public_html/vendor/laravel/framework/src/Illuminate/View/Middleware/ShareErrorsFromSession.php(49): Illuminate\\Pipeline\\Pipeline->Illuminate\\Pipeline\\{closure}()
#38 /home/u411614341/domains/cms.oraclemachinetech.com/public_html/vendor/laravel/framework/src/Illuminate/Pipeline/Pipeline.php(180): Illuminate\\View\\Middleware\\ShareErrorsFromSession->handle()
#39 /home/u411614341/domains/cms.oraclemachinetech.com/public_html/vendor/laravel/framework/src/Illuminate/Session/Middleware/StartSession.php(121): Illuminate\\Pipeline\\Pipeline->Illuminate\\Pipeline\\{closure}()
#40 /home/u411614341/domains/cms.oraclemachinetech.com/public_html/vendor/laravel/framework/src/Illuminate/Session/Middleware/StartSession.php(64): Illuminate\\Session\\Middleware\\StartSession->handleStatefulRequest()
#41 /home/u411614341/domains/cms.oraclemachinetech.com/public_html/vendor/laravel/framework/src/Illuminate/Pipeline/Pipeline.php(180): Illuminate\\Session\\Middleware\\StartSession->handle()
#42 /home/u411614341/domains/cms.oraclemachinetech.com/public_html/vendor/laravel/framework/src/Illuminate/Cookie/Middleware/AddQueuedCookiesToResponse.php(37): Illuminate\\Pipeline\\Pipeline->Illuminate\\Pipeline\\{closure}()
#43 /home/u411614341/domains/cms.oraclemachinetech.com/public_html/vendor/laravel/framework/src/Illuminate/Pipeline/Pipeline.php(180): Illuminate\\Cookie\\Middleware\\AddQueuedCookiesToResponse->handle()
#44 /home/u411614341/domains/cms.oraclemachinetech.com/public_html/vendor/laravel/framework/src/Illuminate/Cookie/Middleware/EncryptCookies.php(67): Illuminate\\Pipeline\\Pipeline->Illuminate\\Pipeline\\{closure}()
#45 /home/u411614341/domains/cms.oraclemachinetech.com/public_html/vendor/laravel/framework/src/Illuminate/Pipeline/Pipeline.php(180): Illuminate\\Cookie\\Middleware\\EncryptCookies->handle()
#46 /home/u411614341/domains/cms.oraclemachinetech.com/public_html/vendor/laravel/framework/src/Illuminate/Pipeline/Pipeline.php(116): Illuminate\\Pipeline\\Pipeline->Illuminate\\Pipeline\\{closure}()
#47 /home/u411614341/domains/cms.oraclemachinetech.com/public_html/vendor/laravel/framework/src/Illuminate/Routing/Router.php(800): Illuminate\\Pipeline\\Pipeline->then()
#48 /home/u411614341/domains/cms.oraclemachinetech.com/public_html/vendor/laravel/framework/src/Illuminate/Routing/Router.php(777): Illuminate\\Routing\\Router->runRouteWithinStack()
#49 /home/u411614341/domains/cms.oraclemachinetech.com/public_html/vendor/laravel/framework/src/Illuminate/Routing/Router.php(741): Illuminate\\Routing\\Router->runRoute()
#50 /home/u411614341/domains/cms.oraclemachinetech.com/public_html/vendor/laravel/framework/src/Illuminate/Routing/Router.php(730): Illuminate\\Routing\\Router->dispatchToRoute()
#51 /home/u411614341/domains/cms.oraclemachinetech.com/public_html/vendor/laravel/framework/src/Illuminate/Foundation/Http/Kernel.php(200): Illuminate\\Routing\\Router->dispatch()
#52 /home/u411614341/domains/cms.oraclemachinetech.com/public_html/vendor/laravel/framework/src/Illuminate/Pipeline/Pipeline.php(141): Illuminate\\Foundation\\Http\\Kernel->Illuminate\\Foundation\\Http\\{closure}()
#53 /home/u411614341/domains/cms.oraclemachinetech.com/public_html/vendor/laravel/framework/src/Illuminate/Foundation/Http/Middleware/TransformsRequest.php(21): Illuminate\\Pipeline\\Pipeline->Illuminate\\Pipeline\\{closure}()
#54 /home/u411614341/domains/cms.oraclemachinetech.com/public_html/vendor/laravel/framework/src/Illuminate/Foundation/Http/Middleware/ConvertEmptyStringsToNull.php(31): Illuminate\\Foundation\\Http\\Middleware\\TransformsRequest->handle()
#55 /home/u411614341/domains/cms.oraclemachinetech.com/public_html/vendor/laravel/framework/src/Illuminate/Pipeline/Pipeline.php(180): Illuminate\\Foundation\\Http\\Middleware\\ConvertEmptyStringsToNull->handle()
#56 /home/u411614341/domains/cms.oraclemachinetech.com/public_html/vendor/laravel/framework/src/Illuminate/Foundation/Http/Middleware/TransformsRequest.php(21): Illuminate\\Pipeline\\Pipeline->Illuminate\\Pipeline\\{closure}()
#57 /home/u411614341/domains/cms.oraclemachinetech.com/public_html/vendor/laravel/framework/src/Illuminate/Foundation/Http/Middleware/TrimStrings.php(40): Illuminate\\Foundation\\Http\\Middleware\\TransformsRequest->handle()
#58 /home/u411614341/domains/cms.oraclemachinetech.com/public_html/vendor/laravel/framework/src/Illuminate/Pipeline/Pipeline.php(180): Illuminate\\Foundation\\Http\\Middleware\\TrimStrings->handle()
#59 /home/u411614341/domains/cms.oraclemachinetech.com/public_html/vendor/laravel/framework/src/Illuminate/Foundation/Http/Middleware/ValidatePostSize.php(27): Illuminate\\Pipeline\\Pipeline->Illuminate\\Pipeline\\{closure}()
#60 /home/u411614341/domains/cms.oraclemachinetech.com/public_html/vendor/laravel/framework/src/Illuminate/Pipeline/Pipeline.php(180): Illuminate\\Foundation\\Http\\Middleware\\ValidatePostSize->handle()
#61 /home/u411614341/domains/cms.oraclemachinetech.com/public_html/vendor/laravel/framework/src/Illuminate/Foundation/Http/Middleware/PreventRequestsDuringMaintenance.php(89): Illuminate\\Pipeline\\Pipeline->Illuminate\\Pipeline\\{closure}()
#62 /home/u411614341/domains/cms.oraclemachinetech.com/public_html/vendor/laravel/framework/src/Illuminate/Pipeline/Pipeline.php(180): Illuminate\\Foundation\\Http\\Middleware\\PreventRequestsDuringMaintenance->handle()
#63 /home/u411614341/domains/cms.oraclemachinetech.com/public_html/vendor/laravel/framework/src/Illuminate/Http/Middleware/HandleCors.php(49): Illuminate\\Pipeline\\Pipeline->Illuminate\\Pipeline\\{closure}()
#64 /home/u411614341/domains/cms.oraclemachinetech.com/public_html/vendor/laravel/framework/src/Illuminate/Pipeline/Pipeline.php(180): Illuminate\\Http\\Middleware\\HandleCors->handle()
#65 /home/u411614341/domains/cms.oraclemachinetech.com/public_html/vendor/laravel/framework/src/Illuminate/Http/Middleware/TrustProxies.php(39): Illuminate\\Pipeline\\Pipeline->Illuminate\\Pipeline\\{closure}()
#66 /home/u411614341/domains/cms.oraclemachinetech.com/public_html/vendor/laravel/framework/src/Illuminate/Pipeline/Pipeline.php(180): Illuminate\\Http\\Middleware\\TrustProxies->handle()
#67 /home/u411614341/domains/cms.oraclemachinetech.com/public_html/vendor/laravel/framework/src/Illuminate/Pipeline/Pipeline.php(116): Illuminate\\Pipeline\\Pipeline->Illuminate\\Pipeline\\{closure}()
#68 /home/u411614341/domains/cms.oraclemachinetech.com/public_html/vendor/laravel/framework/src/Illuminate/Foundation/Http/Kernel.php(175): Illuminate\\Pipeline\\Pipeline->then()
#69 /home/u411614341/domains/cms.oraclemachinetech.com/public_html/vendor/laravel/framework/src/Illuminate/Foundation/Http/Kernel.php(144): Illuminate\\Foundation\\Http\\Kernel->sendRequestThroughRouter()
#70 /home/u411614341/domains/cms.oraclemachinetech.com/public_html/index.php(52): Illuminate\\Foundation\\Http\\Kernel->handle()
#71 {main}
"} 
[2024-10-17 13:18:08] local.ERROR: SQLSTATE[HY000] [1045] Access denied for user 'u411614341_invoice'@'127.0.0.1' (using password: YES) (Connection: mysql, SQL: select * from `users` where `email` = admin@gmail.com limit 1) {"exception":"[object] (Illuminate\\Database\\QueryException(code: 1045): SQLSTATE[HY000] [1045] Access denied for user 'u411614341_invoice'@'127.0.0.1' (using password: YES) (Connection: mysql, SQL: select * from `users` where `email` = admin@gmail.com limit 1) at /home/u411614341/domains/cms.oraclemachinetech.com/public_html/vendor/laravel/framework/src/Illuminate/Database/Connection.php:801)
[stacktrace]
#0 /home/u411614341/domains/cms.oraclemachinetech.com/public_html/vendor/laravel/framework/src/Illuminate/Database/Connection.php(755): Illuminate\\Database\\Connection->runQueryCallback()
#1 /home/u411614341/domains/cms.oraclemachinetech.com/public_html/vendor/laravel/framework/src/Illuminate/Database/Connection.php(424): Illuminate\\Database\\Connection->run()
#2 /home/u411614341/domains/cms.oraclemachinetech.com/public_html/vendor/laravel/framework/src/Illuminate/Database/Query/Builder.php(2752): Illuminate\\Database\\Connection->select()
#3 /home/u411614341/domains/cms.oraclemachinetech.com/public_html/vendor/laravel/framework/src/Illuminate/Database/Query/Builder.php(2740): Illuminate\\Database\\Query\\Builder->runSelect()
#4 /home/u411614341/domains/cms.oraclemachinetech.com/public_html/vendor/laravel/framework/src/Illuminate/Database/Query/Builder.php(3294): Illuminate\\Database\\Query\\Builder->Illuminate\\Database\\Query\\{closure}()
#5 /home/u411614341/domains/cms.oraclemachinetech.com/public_html/vendor/laravel/framework/src/Illuminate/Database/Query/Builder.php(2741): Illuminate\\Database\\Query\\Builder->onceWithColumns()
#6 /home/u411614341/domains/cms.oraclemachinetech.com/public_html/vendor/laravel/framework/src/Illuminate/Database/Eloquent/Builder.php(737): Illuminate\\Database\\Query\\Builder->get()
#7 /home/u411614341/domains/cms.oraclemachinetech.com/public_html/vendor/laravel/framework/src/Illuminate/Database/Eloquent/Builder.php(721): Illuminate\\Database\\Eloquent\\Builder->getModels()
#8 /home/u411614341/domains/cms.oraclemachinetech.com/public_html/vendor/laravel/framework/src/Illuminate/Database/Concerns/BuildsQueries.php(296): Illuminate\\Database\\Eloquent\\Builder->get()
#9 /home/u411614341/domains/cms.oraclemachinetech.com/public_html/vendor/laravel/framework/src/Illuminate/Auth/EloquentUserProvider.php(139): Illuminate\\Database\\Eloquent\\Builder->first()
#10 /home/u411614341/domains/cms.oraclemachinetech.com/public_html/vendor/laravel/framework/src/Illuminate/Auth/SessionGuard.php(381): Illuminate\\Auth\\EloquentUserProvider->retrieveByCredentials()
#11 /home/u411614341/domains/cms.oraclemachinetech.com/public_html/vendor/laravel/ui/auth-backend/AuthenticatesUsers.php(87): Illuminate\\Auth\\SessionGuard->attempt()
#12 /home/u411614341/domains/cms.oraclemachinetech.com/public_html/vendor/laravel/ui/auth-backend/AuthenticatesUsers.php(46): App\\Http\\Controllers\\Auth\\LoginController->attemptLogin()
#13 /home/u411614341/domains/cms.oraclemachinetech.com/public_html/vendor/laravel/framework/src/Illuminate/Routing/Controller.php(54): App\\Http\\Controllers\\Auth\\LoginController->login()
#14 /home/u411614341/domains/cms.oraclemachinetech.com/public_html/vendor/laravel/framework/src/Illuminate/Routing/ControllerDispatcher.php(43): Illuminate\\Routing\\Controller->callAction()
#15 /home/u411614341/domains/cms.oraclemachinetech.com/public_html/vendor/laravel/framework/src/Illuminate/Routing/Route.php(260): Illuminate\\Routing\\ControllerDispatcher->dispatch()
#16 /home/u411614341/domains/cms.oraclemachinetech.com/public_html/vendor/laravel/framework/src/Illuminate/Routing/Route.php(205): Illuminate\\Routing\\Route->runController()
#17 /home/u411614341/domains/cms.oraclemachinetech.com/public_html/vendor/laravel/framework/src/Illuminate/Routing/Router.php(799): Illuminate\\Routing\\Route->run()
#18 /home/u411614341/domains/cms.oraclemachinetech.com/public_html/vendor/laravel/framework/src/Illuminate/Pipeline/Pipeline.php(141): Illuminate\\Routing\\Router->Illuminate\\Routing\\{closure}()
#19 /home/u411614341/domains/cms.oraclemachinetech.com/public_html/app/Http/Middleware/RedirectIfAuthenticated.php(30): Illuminate\\Pipeline\\Pipeline->Illuminate\\Pipeline\\{closure}()
#20 /home/u411614341/domains/cms.oraclemachinetech.com/public_html/vendor/laravel/framework/src/Illuminate/Pipeline/Pipeline.php(180): App\\Http\\Middleware\\RedirectIfAuthenticated->handle()
#21 /home/u411614341/domains/cms.oraclemachinetech.com/public_html/vendor/laravel/framework/src/Illuminate/Routing/Middleware/SubstituteBindings.php(50): Illuminate\\Pipeline\\Pipeline->Illuminate\\Pipeline\\{closure}()
#22 /home/u411614341/domains/cms.oraclemachinetech.com/public_html/vendor/laravel/framework/src/Illuminate/Pipeline/Pipeline.php(180): Illuminate\\Routing\\Middleware\\SubstituteBindings->handle()
#23 /home/u411614341/domains/cms.oraclemachinetech.com/public_html/app/Http/Middleware/Localization.php(24): Illuminate\\Pipeline\\Pipeline->Illuminate\\Pipeline\\{closure}()
#24 /home/u411614341/domains/cms.oraclemachinetech.com/public_html/vendor/laravel/framework/src/Illuminate/Pipeline/Pipeline.php(180): App\\Http\\Middleware\\Localization->handle()
#25 /home/u411614341/domains/cms.oraclemachinetech.com/public_html/vendor/laravel/framework/src/Illuminate/Foundation/Http/Middleware/VerifyCsrfToken.php(78): Illuminate\\Pipeline\\Pipeline->Illuminate\\Pipeline\\{closure}()
#26 /home/u411614341/domains/cms.oraclemachinetech.com/public_html/vendor/laravel/framework/src/Illuminate/Pipeline/Pipeline.php(180): Illuminate\\Foundation\\Http\\Middleware\\VerifyCsrfToken->handle()
#27 /home/u411614341/domains/cms.oraclemachinetech.com/public_html/vendor/laravel/framework/src/Illuminate/View/Middleware/ShareErrorsFromSession.php(49): Illuminate\\Pipeline\\Pipeline->Illuminate\\Pipeline\\{closure}()
#28 /home/u411614341/domains/cms.oraclemachinetech.com/public_html/vendor/laravel/framework/src/Illuminate/Pipeline/Pipeline.php(180): Illuminate\\View\\Middleware\\ShareErrorsFromSession->handle()
#29 /home/u411614341/domains/cms.oraclemachinetech.com/public_html/vendor/laravel/framework/src/Illuminate/Session/Middleware/StartSession.php(121): Illuminate\\Pipeline\\Pipeline->Illuminate\\Pipeline\\{closure}()
#30 /home/u411614341/domains/cms.oraclemachinetech.com/public_html/vendor/laravel/framework/src/Illuminate/Session/Middleware/StartSession.php(64): Illuminate\\Session\\Middleware\\StartSession->handleStatefulRequest()
#31 /home/u411614341/domains/cms.oraclemachinetech.com/public_html/vendor/laravel/framework/src/Illuminate/Pipeline/Pipeline.php(180): Illuminate\\Session\\Middleware\\StartSession->handle()
#32 /home/u411614341/domains/cms.oraclemachinetech.com/public_html/vendor/laravel/framework/src/Illuminate/Cookie/Middleware/AddQueuedCookiesToResponse.php(37): Illuminate\\Pipeline\\Pipeline->Illuminate\\Pipeline\\{closure}()
#33 /home/u411614341/domains/cms.oraclemachinetech.com/public_html/vendor/laravel/framework/src/Illuminate/Pipeline/Pipeline.php(180): Illuminate\\Cookie\\Middleware\\AddQueuedCookiesToResponse->handle()
#34 /home/u411614341/domains/cms.oraclemachinetech.com/public_html/vendor/laravel/framework/src/Illuminate/Cookie/Middleware/EncryptCookies.php(67): Illuminate\\Pipeline\\Pipeline->Illuminate\\Pipeline\\{closure}()
#35 /home/u411614341/domains/cms.oraclemachinetech.com/public_html/vendor/laravel/framework/src/Illuminate/Pipeline/Pipeline.php(180): Illuminate\\Cookie\\Middleware\\EncryptCookies->handle()
#36 /home/u411614341/domains/cms.oraclemachinetech.com/public_html/vendor/laravel/framework/src/Illuminate/Pipeline/Pipeline.php(116): Illuminate\\Pipeline\\Pipeline->Illuminate\\Pipeline\\{closure}()
#37 /home/u411614341/domains/cms.oraclemachinetech.com/public_html/vendor/laravel/framework/src/Illuminate/Routing/Router.php(800): Illuminate\\Pipeline\\Pipeline->then()
#38 /home/u411614341/domains/cms.oraclemachinetech.com/public_html/vendor/laravel/framework/src/Illuminate/Routing/Router.php(777): Illuminate\\Routing\\Router->runRouteWithinStack()
#39 /home/u411614341/domains/cms.oraclemachinetech.com/public_html/vendor/laravel/framework/src/Illuminate/Routing/Router.php(741): Illuminate\\Routing\\Router->runRoute()
#40 /home/u411614341/domains/cms.oraclemachinetech.com/public_html/vendor/laravel/framework/src/Illuminate/Routing/Router.php(730): Illuminate\\Routing\\Router->dispatchToRoute()
#41 /home/u411614341/domains/cms.oraclemachinetech.com/public_html/vendor/laravel/framework/src/Illuminate/Foundation/Http/Kernel.php(200): Illuminate\\Routing\\Router->dispatch()
#42 /home/u411614341/domains/cms.oraclemachinetech.com/public_html/vendor/laravel/framework/src/Illuminate/Pipeline/Pipeline.php(141): Illuminate\\Foundation\\Http\\Kernel->Illuminate\\Foundation\\Http\\{closure}()
#43 /home/u411614341/domains/cms.oraclemachinetech.com/public_html/vendor/laravel/framework/src/Illuminate/Foundation/Http/Middleware/TransformsRequest.php(21): Illuminate\\Pipeline\\Pipeline->Illuminate\\Pipeline\\{closure}()
#44 /home/u411614341/domains/cms.oraclemachinetech.com/public_html/vendor/laravel/framework/src/Illuminate/Foundation/Http/Middleware/ConvertEmptyStringsToNull.php(31): Illuminate\\Foundation\\Http\\Middleware\\TransformsRequest->handle()
#45 /home/u411614341/domains/cms.oraclemachinetech.com/public_html/vendor/laravel/framework/src/Illuminate/Pipeline/Pipeline.php(180): Illuminate\\Foundation\\Http\\Middleware\\ConvertEmptyStringsToNull->handle()
#46 /home/u411614341/domains/cms.oraclemachinetech.com/public_html/vendor/laravel/framework/src/Illuminate/Foundation/Http/Middleware/TransformsRequest.php(21): Illuminate\\Pipeline\\Pipeline->Illuminate\\Pipeline\\{closure}()
#47 /home/u411614341/domains/cms.oraclemachinetech.com/public_html/vendor/laravel/framework/src/Illuminate/Foundation/Http/Middleware/TrimStrings.php(40): Illuminate\\Foundation\\Http\\Middleware\\TransformsRequest->handle()
#48 /home/u411614341/domains/cms.oraclemachinetech.com/public_html/vendor/laravel/framework/src/Illuminate/Pipeline/Pipeline.php(180): Illuminate\\Foundation\\Http\\Middleware\\TrimStrings->handle()
#49 /home/u411614341/domains/cms.oraclemachinetech.com/public_html/vendor/laravel/framework/src/Illuminate/Foundation/Http/Middleware/ValidatePostSize.php(27): Illuminate\\Pipeline\\Pipeline->Illuminate\\Pipeline\\{closure}()
#50 /home/u411614341/domains/cms.oraclemachinetech.com/public_html/vendor/laravel/framework/src/Illuminate/Pipeline/Pipeline.php(180): Illuminate\\Foundation\\Http\\Middleware\\ValidatePostSize->handle()
#51 /home/u411614341/domains/cms.oraclemachinetech.com/public_html/vendor/laravel/framework/src/Illuminate/Foundation/Http/Middleware/PreventRequestsDuringMaintenance.php(89): Illuminate\\Pipeline\\Pipeline->Illuminate\\Pipeline\\{closure}()
#52 /home/u411614341/domains/cms.oraclemachinetech.com/public_html/vendor/laravel/framework/src/Illuminate/Pipeline/Pipeline.php(180): Illuminate\\Foundation\\Http\\Middleware\\PreventRequestsDuringMaintenance->handle()
#53 /home/u411614341/domains/cms.oraclemachinetech.com/public_html/vendor/laravel/framework/src/Illuminate/Http/Middleware/HandleCors.php(49): Illuminate\\Pipeline\\Pipeline->Illuminate\\Pipeline\\{closure}()
#54 /home/u411614341/domains/cms.oraclemachinetech.com/public_html/vendor/laravel/framework/src/Illuminate/Pipeline/Pipeline.php(180): Illuminate\\Http\\Middleware\\HandleCors->handle()
#55 /home/u411614341/domains/cms.oraclemachinetech.com/public_html/vendor/laravel/framework/src/Illuminate/Http/Middleware/TrustProxies.php(39): Illuminate\\Pipeline\\Pipeline->Illuminate\\Pipeline\\{closure}()
#56 /home/u411614341/domains/cms.oraclemachinetech.com/public_html/vendor/laravel/framework/src/Illuminate/Pipeline/Pipeline.php(180): Illuminate\\Http\\Middleware\\TrustProxies->handle()
#57 /home/u411614341/domains/cms.oraclemachinetech.com/public_html/vendor/laravel/framework/src/Illuminate/Pipeline/Pipeline.php(116): Illuminate\\Pipeline\\Pipeline->Illuminate\\Pipeline\\{closure}()
#58 /home/u411614341/domains/cms.oraclemachinetech.com/public_html/vendor/laravel/framework/src/Illuminate/Foundation/Http/Kernel.php(175): Illuminate\\Pipeline\\Pipeline->then()
#59 /home/u411614341/domains/cms.oraclemachinetech.com/public_html/vendor/laravel/framework/src/Illuminate/Foundation/Http/Kernel.php(144): Illuminate\\Foundation\\Http\\Kernel->sendRequestThroughRouter()
#60 /home/u411614341/domains/cms.oraclemachinetech.com/public_html/index.php(52): Illuminate\\Foundation\\Http\\Kernel->handle()
#61 {main}

[previous exception] [object] (PDOException(code: 1045): SQLSTATE[HY000] [1045] Access denied for user 'u411614341_invoice'@'127.0.0.1' (using password: YES) at /home/u411614341/domains/cms.oraclemachinetech.com/public_html/vendor/laravel/framework/src/Illuminate/Database/Connectors/Connector.php:65)
[stacktrace]
#0 /home/u411614341/domains/cms.oraclemachinetech.com/public_html/vendor/laravel/framework/src/Illuminate/Database/Connectors/Connector.php(65): PDO->__construct()
#1 /home/u411614341/domains/cms.oraclemachinetech.com/public_html/vendor/laravel/framework/src/Illuminate/Database/Connectors/Connector.php(45): Illuminate\\Database\\Connectors\\Connector->createPdoConnection()
#2 /home/u411614341/domains/cms.oraclemachinetech.com/public_html/vendor/laravel/framework/src/Illuminate/Database/Connectors/MySqlConnector.php(24): Illuminate\\Database\\Connectors\\Connector->createConnection()
#3 /home/u411614341/domains/cms.oraclemachinetech.com/public_html/vendor/laravel/framework/src/Illuminate/Database/Connectors/ConnectionFactory.php(184): Illuminate\\Database\\Connectors\\MySqlConnector->connect()
#4 [internal function]: Illuminate\\Database\\Connectors\\ConnectionFactory->Illuminate\\Database\\Connectors\\{closure}()
#5 /home/u411614341/domains/cms.oraclemachinetech.com/public_html/vendor/laravel/framework/src/Illuminate/Database/Connection.php(1292): call_user_func()
#6 /home/u411614341/domains/cms.oraclemachinetech.com/public_html/vendor/laravel/framework/src/Illuminate/Database/Connection.php(1328): Illuminate\\Database\\Connection->getPdo()
#7 /home/u411614341/domains/cms.oraclemachinetech.com/public_html/vendor/laravel/framework/src/Illuminate/Database/Connection.php(521): Illuminate\\Database\\Connection->getReadPdo()
#8 /home/u411614341/domains/cms.oraclemachinetech.com/public_html/vendor/laravel/framework/src/Illuminate/Database/Connection.php(416): Illuminate\\Database\\Connection->getPdoForSelect()
#9 /home/u411614341/domains/cms.oraclemachinetech.com/public_html/vendor/laravel/framework/src/Illuminate/Database/Connection.php(788): Illuminate\\Database\\Connection->Illuminate\\Database\\{closure}()
#10 /home/u411614341/domains/cms.oraclemachinetech.com/public_html/vendor/laravel/framework/src/Illuminate/Database/Connection.php(755): Illuminate\\Database\\Connection->runQueryCallback()
#11 /home/u411614341/domains/cms.oraclemachinetech.com/public_html/vendor/laravel/framework/src/Illuminate/Database/Connection.php(424): Illuminate\\Database\\Connection->run()
#12 /home/u411614341/domains/cms.oraclemachinetech.com/public_html/vendor/laravel/framework/src/Illuminate/Database/Query/Builder.php(2752): Illuminate\\Database\\Connection->select()
#13 /home/u411614341/domains/cms.oraclemachinetech.com/public_html/vendor/laravel/framework/src/Illuminate/Database/Query/Builder.php(2740): Illuminate\\Database\\Query\\Builder->runSelect()
#14 /home/u411614341/domains/cms.oraclemachinetech.com/public_html/vendor/laravel/framework/src/Illuminate/Database/Query/Builder.php(3294): Illuminate\\Database\\Query\\Builder->Illuminate\\Database\\Query\\{closure}()
#15 /home/u411614341/domains/cms.oraclemachinetech.com/public_html/vendor/laravel/framework/src/Illuminate/Database/Query/Builder.php(2741): Illuminate\\Database\\Query\\Builder->onceWithColumns()
#16 /home/u411614341/domains/cms.oraclemachinetech.com/public_html/vendor/laravel/framework/src/Illuminate/Database/Eloquent/Builder.php(737): Illuminate\\Database\\Query\\Builder->get()
#17 /home/u411614341/domains/cms.oraclemachinetech.com/public_html/vendor/laravel/framework/src/Illuminate/Database/Eloquent/Builder.php(721): Illuminate\\Database\\Eloquent\\Builder->getModels()
#18 /home/u411614341/domains/cms.oraclemachinetech.com/public_html/vendor/laravel/framework/src/Illuminate/Database/Concerns/BuildsQueries.php(296): Illuminate\\Database\\Eloquent\\Builder->get()
#19 /home/u411614341/domains/cms.oraclemachinetech.com/public_html/vendor/laravel/framework/src/Illuminate/Auth/EloquentUserProvider.php(139): Illuminate\\Database\\Eloquent\\Builder->first()
#20 /home/u411614341/domains/cms.oraclemachinetech.com/public_html/vendor/laravel/framework/src/Illuminate/Auth/SessionGuard.php(381): Illuminate\\Auth\\EloquentUserProvider->retrieveByCredentials()
#21 /home/u411614341/domains/cms.oraclemachinetech.com/public_html/vendor/laravel/ui/auth-backend/AuthenticatesUsers.php(87): Illuminate\\Auth\\SessionGuard->attempt()
#22 /home/u411614341/domains/cms.oraclemachinetech.com/public_html/vendor/laravel/ui/auth-backend/AuthenticatesUsers.php(46): App\\Http\\Controllers\\Auth\\LoginController->attemptLogin()
#23 /home/u411614341/domains/cms.oraclemachinetech.com/public_html/vendor/laravel/framework/src/Illuminate/Routing/Controller.php(54): App\\Http\\Controllers\\Auth\\LoginController->login()
#24 /home/u411614341/domains/cms.oraclemachinetech.com/public_html/vendor/laravel/framework/src/Illuminate/Routing/ControllerDispatcher.php(43): Illuminate\\Routing\\Controller->callAction()
#25 /home/u411614341/domains/cms.oraclemachinetech.com/public_html/vendor/laravel/framework/src/Illuminate/Routing/Route.php(260): Illuminate\\Routing\\ControllerDispatcher->dispatch()
#26 /home/u411614341/domains/cms.oraclemachinetech.com/public_html/vendor/laravel/framework/src/Illuminate/Routing/Route.php(205): Illuminate\\Routing\\Route->runController()
#27 /home/u411614341/domains/cms.oraclemachinetech.com/public_html/vendor/laravel/framework/src/Illuminate/Routing/Router.php(799): Illuminate\\Routing\\Route->run()
#28 /home/u411614341/domains/cms.oraclemachinetech.com/public_html/vendor/laravel/framework/src/Illuminate/Pipeline/Pipeline.php(141): Illuminate\\Routing\\Router->Illuminate\\Routing\\{closure}()
#29 /home/u411614341/domains/cms.oraclemachinetech.com/public_html/app/Http/Middleware/RedirectIfAuthenticated.php(30): Illuminate\\Pipeline\\Pipeline->Illuminate\\Pipeline\\{closure}()
#30 /home/u411614341/domains/cms.oraclemachinetech.com/public_html/vendor/laravel/framework/src/Illuminate/Pipeline/Pipeline.php(180): App\\Http\\Middleware\\RedirectIfAuthenticated->handle()
#31 /home/u411614341/domains/cms.oraclemachinetech.com/public_html/vendor/laravel/framework/src/Illuminate/Routing/Middleware/SubstituteBindings.php(50): Illuminate\\Pipeline\\Pipeline->Illuminate\\Pipeline\\{closure}()
#32 /home/u411614341/domains/cms.oraclemachinetech.com/public_html/vendor/laravel/framework/src/Illuminate/Pipeline/Pipeline.php(180): Illuminate\\Routing\\Middleware\\SubstituteBindings->handle()
#33 /home/u411614341/domains/cms.oraclemachinetech.com/public_html/app/Http/Middleware/Localization.php(24): Illuminate\\Pipeline\\Pipeline->Illuminate\\Pipeline\\{closure}()
#34 /home/u411614341/domains/cms.oraclemachinetech.com/public_html/vendor/laravel/framework/src/Illuminate/Pipeline/Pipeline.php(180): App\\Http\\Middleware\\Localization->handle()
#35 /home/u411614341/domains/cms.oraclemachinetech.com/public_html/vendor/laravel/framework/src/Illuminate/Foundation/Http/Middleware/VerifyCsrfToken.php(78): Illuminate\\Pipeline\\Pipeline->Illuminate\\Pipeline\\{closure}()
#36 /home/u411614341/domains/cms.oraclemachinetech.com/public_html/vendor/laravel/framework/src/Illuminate/Pipeline/Pipeline.php(180): Illuminate\\Foundation\\Http\\Middleware\\VerifyCsrfToken->handle()
#37 /home/u411614341/domains/cms.oraclemachinetech.com/public_html/vendor/laravel/framework/src/Illuminate/View/Middleware/ShareErrorsFromSession.php(49): Illuminate\\Pipeline\\Pipeline->Illuminate\\Pipeline\\{closure}()
#38 /home/u411614341/domains/cms.oraclemachinetech.com/public_html/vendor/laravel/framework/src/Illuminate/Pipeline/Pipeline.php(180): Illuminate\\View\\Middleware\\ShareErrorsFromSession->handle()
#39 /home/u411614341/domains/cms.oraclemachinetech.com/public_html/vendor/laravel/framework/src/Illuminate/Session/Middleware/StartSession.php(121): Illuminate\\Pipeline\\Pipeline->Illuminate\\Pipeline\\{closure}()
#40 /home/u411614341/domains/cms.oraclemachinetech.com/public_html/vendor/laravel/framework/src/Illuminate/Session/Middleware/StartSession.php(64): Illuminate\\Session\\Middleware\\StartSession->handleStatefulRequest()
#41 /home/u411614341/domains/cms.oraclemachinetech.com/public_html/vendor/laravel/framework/src/Illuminate/Pipeline/Pipeline.php(180): Illuminate\\Session\\Middleware\\StartSession->handle()
#42 /home/u411614341/domains/cms.oraclemachinetech.com/public_html/vendor/laravel/framework/src/Illuminate/Cookie/Middleware/AddQueuedCookiesToResponse.php(37): Illuminate\\Pipeline\\Pipeline->Illuminate\\Pipeline\\{closure}()
#43 /home/u411614341/domains/cms.oraclemachinetech.com/public_html/vendor/laravel/framework/src/Illuminate/Pipeline/Pipeline.php(180): Illuminate\\Cookie\\Middleware\\AddQueuedCookiesToResponse->handle()
#44 /home/u411614341/domains/cms.oraclemachinetech.com/public_html/vendor/laravel/framework/src/Illuminate/Cookie/Middleware/EncryptCookies.php(67): Illuminate\\Pipeline\\Pipeline->Illuminate\\Pipeline\\{closure}()
#45 /home/u411614341/domains/cms.oraclemachinetech.com/public_html/vendor/laravel/framework/src/Illuminate/Pipeline/Pipeline.php(180): Illuminate\\Cookie\\Middleware\\EncryptCookies->handle()
#46 /home/u411614341/domains/cms.oraclemachinetech.com/public_html/vendor/laravel/framework/src/Illuminate/Pipeline/Pipeline.php(116): Illuminate\\Pipeline\\Pipeline->Illuminate\\Pipeline\\{closure}()
#47 /home/u411614341/domains/cms.oraclemachinetech.com/public_html/vendor/laravel/framework/src/Illuminate/Routing/Router.php(800): Illuminate\\Pipeline\\Pipeline->then()
#48 /home/u411614341/domains/cms.oraclemachinetech.com/public_html/vendor/laravel/framework/src/Illuminate/Routing/Router.php(777): Illuminate\\Routing\\Router->runRouteWithinStack()
#49 /home/u411614341/domains/cms.oraclemachinetech.com/public_html/vendor/laravel/framework/src/Illuminate/Routing/Router.php(741): Illuminate\\Routing\\Router->runRoute()
#50 /home/u411614341/domains/cms.oraclemachinetech.com/public_html/vendor/laravel/framework/src/Illuminate/Routing/Router.php(730): Illuminate\\Routing\\Router->dispatchToRoute()
#51 /home/u411614341/domains/cms.oraclemachinetech.com/public_html/vendor/laravel/framework/src/Illuminate/Foundation/Http/Kernel.php(200): Illuminate\\Routing\\Router->dispatch()
#52 /home/u411614341/domains/cms.oraclemachinetech.com/public_html/vendor/laravel/framework/src/Illuminate/Pipeline/Pipeline.php(141): Illuminate\\Foundation\\Http\\Kernel->Illuminate\\Foundation\\Http\\{closure}()
#53 /home/u411614341/domains/cms.oraclemachinetech.com/public_html/vendor/laravel/framework/src/Illuminate/Foundation/Http/Middleware/TransformsRequest.php(21): Illuminate\\Pipeline\\Pipeline->Illuminate\\Pipeline\\{closure}()
#54 /home/u411614341/domains/cms.oraclemachinetech.com/public_html/vendor/laravel/framework/src/Illuminate/Foundation/Http/Middleware/ConvertEmptyStringsToNull.php(31): Illuminate\\Foundation\\Http\\Middleware\\TransformsRequest->handle()
#55 /home/u411614341/domains/cms.oraclemachinetech.com/public_html/vendor/laravel/framework/src/Illuminate/Pipeline/Pipeline.php(180): Illuminate\\Foundation\\Http\\Middleware\\ConvertEmptyStringsToNull->handle()
#56 /home/u411614341/domains/cms.oraclemachinetech.com/public_html/vendor/laravel/framework/src/Illuminate/Foundation/Http/Middleware/TransformsRequest.php(21): Illuminate\\Pipeline\\Pipeline->Illuminate\\Pipeline\\{closure}()
#57 /home/u411614341/domains/cms.oraclemachinetech.com/public_html/vendor/laravel/framework/src/Illuminate/Foundation/Http/Middleware/TrimStrings.php(40): Illuminate\\Foundation\\Http\\Middleware\\TransformsRequest->handle()
#58 /home/u411614341/domains/cms.oraclemachinetech.com/public_html/vendor/laravel/framework/src/Illuminate/Pipeline/Pipeline.php(180): Illuminate\\Foundation\\Http\\Middleware\\TrimStrings->handle()
#59 /home/u411614341/domains/cms.oraclemachinetech.com/public_html/vendor/laravel/framework/src/Illuminate/Foundation/Http/Middleware/ValidatePostSize.php(27): Illuminate\\Pipeline\\Pipeline->Illuminate\\Pipeline\\{closure}()
#60 /home/u411614341/domains/cms.oraclemachinetech.com/public_html/vendor/laravel/framework/src/Illuminate/Pipeline/Pipeline.php(180): Illuminate\\Foundation\\Http\\Middleware\\ValidatePostSize->handle()
#61 /home/u411614341/domains/cms.oraclemachinetech.com/public_html/vendor/laravel/framework/src/Illuminate/Foundation/Http/Middleware/PreventRequestsDuringMaintenance.php(89): Illuminate\\Pipeline\\Pipeline->Illuminate\\Pipeline\\{closure}()
#62 /home/u411614341/domains/cms.oraclemachinetech.com/public_html/vendor/laravel/framework/src/Illuminate/Pipeline/Pipeline.php(180): Illuminate\\Foundation\\Http\\Middleware\\PreventRequestsDuringMaintenance->handle()
#63 /home/u411614341/domains/cms.oraclemachinetech.com/public_html/vendor/laravel/framework/src/Illuminate/Http/Middleware/HandleCors.php(49): Illuminate\\Pipeline\\Pipeline->Illuminate\\Pipeline\\{closure}()
#64 /home/u411614341/domains/cms.oraclemachinetech.com/public_html/vendor/laravel/framework/src/Illuminate/Pipeline/Pipeline.php(180): Illuminate\\Http\\Middleware\\HandleCors->handle()
#65 /home/u411614341/domains/cms.oraclemachinetech.com/public_html/vendor/laravel/framework/src/Illuminate/Http/Middleware/TrustProxies.php(39): Illuminate\\Pipeline\\Pipeline->Illuminate\\Pipeline\\{closure}()
#66 /home/u411614341/domains/cms.oraclemachinetech.com/public_html/vendor/laravel/framework/src/Illuminate/Pipeline/Pipeline.php(180): Illuminate\\Http\\Middleware\\TrustProxies->handle()
#67 /home/u411614341/domains/cms.oraclemachinetech.com/public_html/vendor/laravel/framework/src/Illuminate/Pipeline/Pipeline.php(116): Illuminate\\Pipeline\\Pipeline->Illuminate\\Pipeline\\{closure}()
#68 /home/u411614341/domains/cms.oraclemachinetech.com/public_html/vendor/laravel/framework/src/Illuminate/Foundation/Http/Kernel.php(175): Illuminate\\Pipeline\\Pipeline->then()
#69 /home/u411614341/domains/cms.oraclemachinetech.com/public_html/vendor/laravel/framework/src/Illuminate/Foundation/Http/Kernel.php(144): Illuminate\\Foundation\\Http\\Kernel->sendRequestThroughRouter()
#70 /home/u411614341/domains/cms.oraclemachinetech.com/public_html/index.php(52): Illuminate\\Foundation\\Http\\Kernel->handle()
#71 {main}
"} 
[2024-11-27 10:29:38] local.ERROR: SQLSTATE[42S22]: Column not found: 1054 Unknown column 'invoice.customer_id' in 'ON' (Connection: mysql, SQL: select `invoice`.*, `customer`.`id` as `customer_id`, `invoice`.`invoice_id` as `invoice_id` from `customer` left join `invoice` on `invoice`.`customer_id` = `customer`.`id` order by `customer`.`id` desc) {"view":{"view":"/home/u411614341/domains/cms.oraclemachinetech.com/public_html/resources/views/vender.blade.php","data":[]},"userId":1,"exception":"[object] (Spatie\\LaravelIgnition\\Exceptions\\ViewException(code: 0): SQLSTATE[42S22]: Column not found: 1054 Unknown column 'invoice.customer_id' in 'ON' (Connection: mysql, SQL: select `invoice`.*, `customer`.`id` as `customer_id`, `invoice`.`invoice_id` as `invoice_id` from `customer` left join `invoice` on `invoice`.`customer_id` = `customer`.`id` order by `customer`.`id` desc) at /home/u411614341/domains/cms.oraclemachinetech.com/public_html/vendor/laravel/framework/src/Illuminate/Database/Connection.php:801)
[stacktrace]
#0 /home/u411614341/domains/cms.oraclemachinetech.com/public_html/vendor/laravel/framework/src/Illuminate/Database/Connection.php(755): Illuminate\\Database\\Connection->runQueryCallback()
#1 /home/u411614341/domains/cms.oraclemachinetech.com/public_html/vendor/laravel/framework/src/Illuminate/Database/Connection.php(424): Illuminate\\Database\\Connection->run()
#2 /home/u411614341/domains/cms.oraclemachinetech.com/public_html/vendor/laravel/framework/src/Illuminate/Database/Query/Builder.php(2752): Illuminate\\Database\\Connection->select()
#3 /home/u411614341/domains/cms.oraclemachinetech.com/public_html/vendor/laravel/framework/src/Illuminate/Database/Query/Builder.php(2740): Illuminate\\Database\\Query\\Builder->runSelect()
#4 /home/u411614341/domains/cms.oraclemachinetech.com/public_html/vendor/laravel/framework/src/Illuminate/Database/Query/Builder.php(3294): Illuminate\\Database\\Query\\Builder->Illuminate\\Database\\Query\\{closure}()
#5 /home/u411614341/domains/cms.oraclemachinetech.com/public_html/vendor/laravel/framework/src/Illuminate/Database/Query/Builder.php(2741): Illuminate\\Database\\Query\\Builder->onceWithColumns()
#6 /home/u411614341/domains/cms.oraclemachinetech.com/public_html/vendor/laravel/framework/src/Illuminate/Database/Eloquent/Builder.php(737): Illuminate\\Database\\Query\\Builder->get()
#7 /home/u411614341/domains/cms.oraclemachinetech.com/public_html/vendor/laravel/framework/src/Illuminate/Database/Eloquent/Builder.php(721): Illuminate\\Database\\Eloquent\\Builder->getModels()
#8 /home/u411614341/domains/cms.oraclemachinetech.com/public_html/resources/views/vender.blade.php(22): Illuminate\\Database\\Eloquent\\Builder->get()
#9 /home/u411614341/domains/cms.oraclemachinetech.com/public_html/vendor/laravel/framework/src/Illuminate/Filesystem/Filesystem.php(124): require('/home/u41161434...')
#10 /home/u411614341/domains/cms.oraclemachinetech.com/public_html/vendor/laravel/framework/src/Illuminate/Filesystem/Filesystem.php(125): Illuminate\\Filesystem\\Filesystem::Illuminate\\Filesystem\\{closure}()
#11 /home/u411614341/domains/cms.oraclemachinetech.com/public_html/vendor/laravel/framework/src/Illuminate/View/Engines/PhpEngine.php(58): Illuminate\\Filesystem\\Filesystem->getRequire()
#12 /home/u411614341/domains/cms.oraclemachinetech.com/public_html/vendor/laravel/framework/src/Illuminate/View/Engines/CompilerEngine.php(72): Illuminate\\View\\Engines\\PhpEngine->evaluatePath()
#13 /home/u411614341/domains/cms.oraclemachinetech.com/public_html/vendor/laravel/framework/src/Illuminate/View/View.php(195): Illuminate\\View\\Engines\\CompilerEngine->get()
#14 /home/u411614341/domains/cms.oraclemachinetech.com/public_html/vendor/laravel/framework/src/Illuminate/View/View.php(178): Illuminate\\View\\View->getContents()
#15 /home/u411614341/domains/cms.oraclemachinetech.com/public_html/vendor/laravel/framework/src/Illuminate/View/View.php(147): Illuminate\\View\\View->renderContents()
#16 /home/u411614341/domains/cms.oraclemachinetech.com/public_html/vendor/laravel/framework/src/Illuminate/Http/Response.php(69): Illuminate\\View\\View->render()
#17 /home/u411614341/domains/cms.oraclemachinetech.com/public_html/vendor/laravel/framework/src/Illuminate/Http/Response.php(35): Illuminate\\Http\\Response->setContent()
#18 /home/u411614341/domains/cms.oraclemachinetech.com/public_html/vendor/laravel/framework/src/Illuminate/Routing/Router.php(911): Illuminate\\Http\\Response->__construct()
#19 /home/u411614341/domains/cms.oraclemachinetech.com/public_html/vendor/laravel/framework/src/Illuminate/Routing/Router.php(878): Illuminate\\Routing\\Router::toResponse()
#20 /home/u411614341/domains/cms.oraclemachinetech.com/public_html/vendor/laravel/framework/src/Illuminate/Routing/Router.php(799): Illuminate\\Routing\\Router->prepareResponse()
#21 /home/u411614341/domains/cms.oraclemachinetech.com/public_html/vendor/laravel/framework/src/Illuminate/Pipeline/Pipeline.php(141): Illuminate\\Routing\\Router->Illuminate\\Routing\\{closure}()
#22 /home/u411614341/domains/cms.oraclemachinetech.com/public_html/vendor/laravel/framework/src/Illuminate/Routing/Middleware/SubstituteBindings.php(50): Illuminate\\Pipeline\\Pipeline->Illuminate\\Pipeline\\{closure}()
#23 /home/u411614341/domains/cms.oraclemachinetech.com/public_html/vendor/laravel/framework/src/Illuminate/Pipeline/Pipeline.php(180): Illuminate\\Routing\\Middleware\\SubstituteBindings->handle()
#24 /home/u411614341/domains/cms.oraclemachinetech.com/public_html/vendor/laravel/framework/src/Illuminate/Auth/Middleware/Authenticate.php(57): Illuminate\\Pipeline\\Pipeline->Illuminate\\Pipeline\\{closure}()
#25 /home/u411614341/domains/cms.oraclemachinetech.com/public_html/vendor/laravel/framework/src/Illuminate/Pipeline/Pipeline.php(180): Illuminate\\Auth\\Middleware\\Authenticate->handle()
#26 /home/u411614341/domains/cms.oraclemachinetech.com/public_html/app/Http/Middleware/Localization.php(24): Illuminate\\Pipeline\\Pipeline->Illuminate\\Pipeline\\{closure}()
#27 /home/u411614341/domains/cms.oraclemachinetech.com/public_html/vendor/laravel/framework/src/Illuminate/Pipeline/Pipeline.php(180): App\\Http\\Middleware\\Localization->handle()
#28 /home/u411614341/domains/cms.oraclemachinetech.com/public_html/vendor/laravel/framework/src/Illuminate/Foundation/Http/Middleware/VerifyCsrfToken.php(78): Illuminate\\Pipeline\\Pipeline->Illuminate\\Pipeline\\{closure}()
#29 /home/u411614341/domains/cms.oraclemachinetech.com/public_html/vendor/laravel/framework/src/Illuminate/Pipeline/Pipeline.php(180): Illuminate\\Foundation\\Http\\Middleware\\VerifyCsrfToken->handle()
#30 /home/u411614341/domains/cms.oraclemachinetech.com/public_html/vendor/laravel/framework/src/Illuminate/View/Middleware/ShareErrorsFromSession.php(49): Illuminate\\Pipeline\\Pipeline->Illuminate\\Pipeline\\{closure}()
#31 /home/u411614341/domains/cms.oraclemachinetech.com/public_html/vendor/laravel/framework/src/Illuminate/Pipeline/Pipeline.php(180): Illuminate\\View\\Middleware\\ShareErrorsFromSession->handle()
#32 /home/u411614341/domains/cms.oraclemachinetech.com/public_html/vendor/laravel/framework/src/Illuminate/Session/Middleware/StartSession.php(121): Illuminate\\Pipeline\\Pipeline->Illuminate\\Pipeline\\{closure}()
#33 /home/u411614341/domains/cms.oraclemachinetech.com/public_html/vendor/laravel/framework/src/Illuminate/Session/Middleware/StartSession.php(64): Illuminate\\Session\\Middleware\\StartSession->handleStatefulRequest()
#34 /home/u411614341/domains/cms.oraclemachinetech.com/public_html/vendor/laravel/framework/src/Illuminate/Pipeline/Pipeline.php(180): Illuminate\\Session\\Middleware\\StartSession->handle()
#35 /home/u411614341/domains/cms.oraclemachinetech.com/public_html/vendor/laravel/framework/src/Illuminate/Cookie/Middleware/AddQueuedCookiesToResponse.php(37): Illuminate\\Pipeline\\Pipeline->Illuminate\\Pipeline\\{closure}()
#36 /home/u411614341/domains/cms.oraclemachinetech.com/public_html/vendor/laravel/framework/src/Illuminate/Pipeline/Pipeline.php(180): Illuminate\\Cookie\\Middleware\\AddQueuedCookiesToResponse->handle()
#37 /home/u411614341/domains/cms.oraclemachinetech.com/public_html/vendor/laravel/framework/src/Illuminate/Cookie/Middleware/EncryptCookies.php(67): Illuminate\\Pipeline\\Pipeline->Illuminate\\Pipeline\\{closure}()
#38 /home/u411614341/domains/cms.oraclemachinetech.com/public_html/vendor/laravel/framework/src/Illuminate/Pipeline/Pipeline.php(180): Illuminate\\Cookie\\Middleware\\EncryptCookies->handle()
#39 /home/u411614341/domains/cms.oraclemachinetech.com/public_html/vendor/laravel/framework/src/Illuminate/Pipeline/Pipeline.php(116): Illuminate\\Pipeline\\Pipeline->Illuminate\\Pipeline\\{closure}()
#40 /home/u411614341/domains/cms.oraclemachinetech.com/public_html/vendor/laravel/framework/src/Illuminate/Routing/Router.php(800): Illuminate\\Pipeline\\Pipeline->then()
#41 /home/u411614341/domains/cms.oraclemachinetech.com/public_html/vendor/laravel/framework/src/Illuminate/Routing/Router.php(777): Illuminate\\Routing\\Router->runRouteWithinStack()
#42 /home/u411614341/domains/cms.oraclemachinetech.com/public_html/vendor/laravel/framework/src/Illuminate/Routing/Router.php(741): Illuminate\\Routing\\Router->runRoute()
#43 /home/u411614341/domains/cms.oraclemachinetech.com/public_html/vendor/laravel/framework/src/Illuminate/Routing/Router.php(730): Illuminate\\Routing\\Router->dispatchToRoute()
#44 /home/u411614341/domains/cms.oraclemachinetech.com/public_html/vendor/laravel/framework/src/Illuminate/Foundation/Http/Kernel.php(200): Illuminate\\Routing\\Router->dispatch()
#45 /home/u411614341/domains/cms.oraclemachinetech.com/public_html/vendor/laravel/framework/src/Illuminate/Pipeline/Pipeline.php(141): Illuminate\\Foundation\\Http\\Kernel->Illuminate\\Foundation\\Http\\{closure}()
#46 /home/u411614341/domains/cms.oraclemachinetech.com/public_html/vendor/laravel/framework/src/Illuminate/Foundation/Http/Middleware/TransformsRequest.php(21): Illuminate\\Pipeline\\Pipeline->Illuminate\\Pipeline\\{closure}()
#47 /home/u411614341/domains/cms.oraclemachinetech.com/public_html/vendor/laravel/framework/src/Illuminate/Foundation/Http/Middleware/ConvertEmptyStringsToNull.php(31): Illuminate\\Foundation\\Http\\Middleware\\TransformsRequest->handle()
#48 /home/u411614341/domains/cms.oraclemachinetech.com/public_html/vendor/laravel/framework/src/Illuminate/Pipeline/Pipeline.php(180): Illuminate\\Foundation\\Http\\Middleware\\ConvertEmptyStringsToNull->handle()
#49 /home/u411614341/domains/cms.oraclemachinetech.com/public_html/vendor/laravel/framework/src/Illuminate/Foundation/Http/Middleware/TransformsRequest.php(21): Illuminate\\Pipeline\\Pipeline->Illuminate\\Pipeline\\{closure}()
#50 /home/u411614341/domains/cms.oraclemachinetech.com/public_html/vendor/laravel/framework/src/Illuminate/Foundation/Http/Middleware/TrimStrings.php(40): Illuminate\\Foundation\\Http\\Middleware\\TransformsRequest->handle()
#51 /home/u411614341/domains/cms.oraclemachinetech.com/public_html/vendor/laravel/framework/src/Illuminate/Pipeline/Pipeline.php(180): Illuminate\\Foundation\\Http\\Middleware\\TrimStrings->handle()
#52 /home/u411614341/domains/cms.oraclemachinetech.com/public_html/vendor/laravel/framework/src/Illuminate/Foundation/Http/Middleware/ValidatePostSize.php(27): Illuminate\\Pipeline\\Pipeline->Illuminate\\Pipeline\\{closure}()
#53 /home/u411614341/domains/cms.oraclemachinetech.com/public_html/vendor/laravel/framework/src/Illuminate/Pipeline/Pipeline.php(180): Illuminate\\Foundation\\Http\\Middleware\\ValidatePostSize->handle()
#54 /home/u411614341/domains/cms.oraclemachinetech.com/public_html/vendor/laravel/framework/src/Illuminate/Foundation/Http/Middleware/PreventRequestsDuringMaintenance.php(89): Illuminate\\Pipeline\\Pipeline->Illuminate\\Pipeline\\{closure}()
#55 /home/u411614341/domains/cms.oraclemachinetech.com/public_html/vendor/laravel/framework/src/Illuminate/Pipeline/Pipeline.php(180): Illuminate\\Foundation\\Http\\Middleware\\PreventRequestsDuringMaintenance->handle()
#56 /home/u411614341/domains/cms.oraclemachinetech.com/public_html/vendor/laravel/framework/src/Illuminate/Http/Middleware/HandleCors.php(49): Illuminate\\Pipeline\\Pipeline->Illuminate\\Pipeline\\{closure}()
#57 /home/u411614341/domains/cms.oraclemachinetech.com/public_html/vendor/laravel/framework/src/Illuminate/Pipeline/Pipeline.php(180): Illuminate\\Http\\Middleware\\HandleCors->handle()
#58 /home/u411614341/domains/cms.oraclemachinetech.com/public_html/vendor/laravel/framework/src/Illuminate/Http/Middleware/TrustProxies.php(39): Illuminate\\Pipeline\\Pipeline->Illuminate\\Pipeline\\{closure}()
#59 /home/u411614341/domains/cms.oraclemachinetech.com/public_html/vendor/laravel/framework/src/Illuminate/Pipeline/Pipeline.php(180): Illuminate\\Http\\Middleware\\TrustProxies->handle()
#60 /home/u411614341/domains/cms.oraclemachinetech.com/public_html/vendor/laravel/framework/src/Illuminate/Pipeline/Pipeline.php(116): Illuminate\\Pipeline\\Pipeline->Illuminate\\Pipeline\\{closure}()
#61 /home/u411614341/domains/cms.oraclemachinetech.com/public_html/vendor/laravel/framework/src/Illuminate/Foundation/Http/Kernel.php(175): Illuminate\\Pipeline\\Pipeline->then()
#62 /home/u411614341/domains/cms.oraclemachinetech.com/public_html/vendor/laravel/framework/src/Illuminate/Foundation/Http/Kernel.php(144): Illuminate\\Foundation\\Http\\Kernel->sendRequestThroughRouter()
#63 /home/u411614341/domains/cms.oraclemachinetech.com/public_html/index.php(52): Illuminate\\Foundation\\Http\\Kernel->handle()
#64 {main}

[previous exception] [object] (Illuminate\\Database\\QueryException(code: 42S22): SQLSTATE[42S22]: Column not found: 1054 Unknown column 'invoice.customer_id' in 'ON' (Connection: mysql, SQL: select `invoice`.*, `customer`.`id` as `customer_id`, `invoice`.`invoice_id` as `invoice_id` from `customer` left join `invoice` on `invoice`.`customer_id` = `customer`.`id` order by `customer`.`id` desc) at /home/u411614341/domains/cms.oraclemachinetech.com/public_html/vendor/laravel/framework/src/Illuminate/Database/Connection.php:801)
[stacktrace]
#0 /home/u411614341/domains/cms.oraclemachinetech.com/public_html/vendor/laravel/framework/src/Illuminate/Database/Connection.php(755): Illuminate\\Database\\Connection->runQueryCallback()
#1 /home/u411614341/domains/cms.oraclemachinetech.com/public_html/vendor/laravel/framework/src/Illuminate/Database/Connection.php(424): Illuminate\\Database\\Connection->run()
#2 /home/u411614341/domains/cms.oraclemachinetech.com/public_html/vendor/laravel/framework/src/Illuminate/Database/Query/Builder.php(2752): Illuminate\\Database\\Connection->select()
#3 /home/u411614341/domains/cms.oraclemachinetech.com/public_html/vendor/laravel/framework/src/Illuminate/Database/Query/Builder.php(2740): Illuminate\\Database\\Query\\Builder->runSelect()
#4 /home/u411614341/domains/cms.oraclemachinetech.com/public_html/vendor/laravel/framework/src/Illuminate/Database/Query/Builder.php(3294): Illuminate\\Database\\Query\\Builder->Illuminate\\Database\\Query\\{closure}()
#5 /home/u411614341/domains/cms.oraclemachinetech.com/public_html/vendor/laravel/framework/src/Illuminate/Database/Query/Builder.php(2741): Illuminate\\Database\\Query\\Builder->onceWithColumns()
#6 /home/u411614341/domains/cms.oraclemachinetech.com/public_html/vendor/laravel/framework/src/Illuminate/Database/Eloquent/Builder.php(737): Illuminate\\Database\\Query\\Builder->get()
#7 /home/u411614341/domains/cms.oraclemachinetech.com/public_html/vendor/laravel/framework/src/Illuminate/Database/Eloquent/Builder.php(721): Illuminate\\Database\\Eloquent\\Builder->getModels()
#8 /home/u411614341/domains/cms.oraclemachinetech.com/public_html/storage/framework/views/852c3469c3270bba82e1637df2fb4e41.php(26): Illuminate\\Database\\Eloquent\\Builder->get()
#9 /home/u411614341/domains/cms.oraclemachinetech.com/public_html/vendor/laravel/framework/src/Illuminate/Filesystem/Filesystem.php(124): require('/home/u41161434...')
#10 /home/u411614341/domains/cms.oraclemachinetech.com/public_html/vendor/laravel/framework/src/Illuminate/Filesystem/Filesystem.php(125): Illuminate\\Filesystem\\Filesystem::Illuminate\\Filesystem\\{closure}()
#11 /home/u411614341/domains/cms.oraclemachinetech.com/public_html/vendor/laravel/framework/src/Illuminate/View/Engines/PhpEngine.php(58): Illuminate\\Filesystem\\Filesystem->getRequire()
#12 /home/u411614341/domains/cms.oraclemachinetech.com/public_html/vendor/laravel/framework/src/Illuminate/View/Engines/CompilerEngine.php(72): Illuminate\\View\\Engines\\PhpEngine->evaluatePath()
#13 /home/u411614341/domains/cms.oraclemachinetech.com/public_html/vendor/laravel/framework/src/Illuminate/View/View.php(195): Illuminate\\View\\Engines\\CompilerEngine->get()
#14 /home/u411614341/domains/cms.oraclemachinetech.com/public_html/vendor/laravel/framework/src/Illuminate/View/View.php(178): Illuminate\\View\\View->getContents()
#15 /home/u411614341/domains/cms.oraclemachinetech.com/public_html/vendor/laravel/framework/src/Illuminate/View/View.php(147): Illuminate\\View\\View->renderContents()
#16 /home/u411614341/domains/cms.oraclemachinetech.com/public_html/vendor/laravel/framework/src/Illuminate/Http/Response.php(69): Illuminate\\View\\View->render()
#17 /home/u411614341/domains/cms.oraclemachinetech.com/public_html/vendor/laravel/framework/src/Illuminate/Http/Response.php(35): Illuminate\\Http\\Response->setContent()
#18 /home/u411614341/domains/cms.oraclemachinetech.com/public_html/vendor/laravel/framework/src/Illuminate/Routing/Router.php(911): Illuminate\\Http\\Response->__construct()
#19 /home/u411614341/domains/cms.oraclemachinetech.com/public_html/vendor/laravel/framework/src/Illuminate/Routing/Router.php(878): Illuminate\\Routing\\Router::toResponse()
#20 /home/u411614341/domains/cms.oraclemachinetech.com/public_html/vendor/laravel/framework/src/Illuminate/Routing/Router.php(799): Illuminate\\Routing\\Router->prepareResponse()
#21 /home/u411614341/domains/cms.oraclemachinetech.com/public_html/vendor/laravel/framework/src/Illuminate/Pipeline/Pipeline.php(141): Illuminate\\Routing\\Router->Illuminate\\Routing\\{closure}()
#22 /home/u411614341/domains/cms.oraclemachinetech.com/public_html/vendor/laravel/framework/src/Illuminate/Routing/Middleware/SubstituteBindings.php(50): Illuminate\\Pipeline\\Pipeline->Illuminate\\Pipeline\\{closure}()
#23 /home/u411614341/domains/cms.oraclemachinetech.com/public_html/vendor/laravel/framework/src/Illuminate/Pipeline/Pipeline.php(180): Illuminate\\Routing\\Middleware\\SubstituteBindings->handle()
#24 /home/u411614341/domains/cms.oraclemachinetech.com/public_html/vendor/laravel/framework/src/Illuminate/Auth/Middleware/Authenticate.php(57): Illuminate\\Pipeline\\Pipeline->Illuminate\\Pipeline\\{closure}()
#25 /home/u411614341/domains/cms.oraclemachinetech.com/public_html/vendor/laravel/framework/src/Illuminate/Pipeline/Pipeline.php(180): Illuminate\\Auth\\Middleware\\Authenticate->handle()
#26 /home/u411614341/domains/cms.oraclemachinetech.com/public_html/app/Http/Middleware/Localization.php(24): Illuminate\\Pipeline\\Pipeline->Illuminate\\Pipeline\\{closure}()
#27 /home/u411614341/domains/cms.oraclemachinetech.com/public_html/vendor/laravel/framework/src/Illuminate/Pipeline/Pipeline.php(180): App\\Http\\Middleware\\Localization->handle()
#28 /home/u411614341/domains/cms.oraclemachinetech.com/public_html/vendor/laravel/framework/src/Illuminate/Foundation/Http/Middleware/VerifyCsrfToken.php(78): Illuminate\\Pipeline\\Pipeline->Illuminate\\Pipeline\\{closure}()
#29 /home/u411614341/domains/cms.oraclemachinetech.com/public_html/vendor/laravel/framework/src/Illuminate/Pipeline/Pipeline.php(180): Illuminate\\Foundation\\Http\\Middleware\\VerifyCsrfToken->handle()
#30 /home/u411614341/domains/cms.oraclemachinetech.com/public_html/vendor/laravel/framework/src/Illuminate/View/Middleware/ShareErrorsFromSession.php(49): Illuminate\\Pipeline\\Pipeline->Illuminate\\Pipeline\\{closure}()
#31 /home/u411614341/domains/cms.oraclemachinetech.com/public_html/vendor/laravel/framework/src/Illuminate/Pipeline/Pipeline.php(180): Illuminate\\View\\Middleware\\ShareErrorsFromSession->handle()
#32 /home/u411614341/domains/cms.oraclemachinetech.com/public_html/vendor/laravel/framework/src/Illuminate/Session/Middleware/StartSession.php(121): Illuminate\\Pipeline\\Pipeline->Illuminate\\Pipeline\\{closure}()
#33 /home/u411614341/domains/cms.oraclemachinetech.com/public_html/vendor/laravel/framework/src/Illuminate/Session/Middleware/StartSession.php(64): Illuminate\\Session\\Middleware\\StartSession->handleStatefulRequest()
#34 /home/u411614341/domains/cms.oraclemachinetech.com/public_html/vendor/laravel/framework/src/Illuminate/Pipeline/Pipeline.php(180): Illuminate\\Session\\Middleware\\StartSession->handle()
#35 /home/u411614341/domains/cms.oraclemachinetech.com/public_html/vendor/laravel/framework/src/Illuminate/Cookie/Middleware/AddQueuedCookiesToResponse.php(37): Illuminate\\Pipeline\\Pipeline->Illuminate\\Pipeline\\{closure}()
#36 /home/u411614341/domains/cms.oraclemachinetech.com/public_html/vendor/laravel/framework/src/Illuminate/Pipeline/Pipeline.php(180): Illuminate\\Cookie\\Middleware\\AddQueuedCookiesToResponse->handle()
#37 /home/u411614341/domains/cms.oraclemachinetech.com/public_html/vendor/laravel/framework/src/Illuminate/Cookie/Middleware/EncryptCookies.php(67): Illuminate\\Pipeline\\Pipeline->Illuminate\\Pipeline\\{closure}()
#38 /home/u411614341/domains/cms.oraclemachinetech.com/public_html/vendor/laravel/framework/src/Illuminate/Pipeline/Pipeline.php(180): Illuminate\\Cookie\\Middleware\\EncryptCookies->handle()
#39 /home/u411614341/domains/cms.oraclemachinetech.com/public_html/vendor/laravel/framework/src/Illuminate/Pipeline/Pipeline.php(116): Illuminate\\Pipeline\\Pipeline->Illuminate\\Pipeline\\{closure}()
#40 /home/u411614341/domains/cms.oraclemachinetech.com/public_html/vendor/laravel/framework/src/Illuminate/Routing/Router.php(800): Illuminate\\Pipeline\\Pipeline->then()
#41 /home/u411614341/domains/cms.oraclemachinetech.com/public_html/vendor/laravel/framework/src/Illuminate/Routing/Router.php(777): Illuminate\\Routing\\Router->runRouteWithinStack()
#42 /home/u411614341/domains/cms.oraclemachinetech.com/public_html/vendor/laravel/framework/src/Illuminate/Routing/Router.php(741): Illuminate\\Routing\\Router->runRoute()
#43 /home/u411614341/domains/cms.oraclemachinetech.com/public_html/vendor/laravel/framework/src/Illuminate/Routing/Router.php(730): Illuminate\\Routing\\Router->dispatchToRoute()
#44 /home/u411614341/domains/cms.oraclemachinetech.com/public_html/vendor/laravel/framework/src/Illuminate/Foundation/Http/Kernel.php(200): Illuminate\\Routing\\Router->dispatch()
#45 /home/u411614341/domains/cms.oraclemachinetech.com/public_html/vendor/laravel/framework/src/Illuminate/Pipeline/Pipeline.php(141): Illuminate\\Foundation\\Http\\Kernel->Illuminate\\Foundation\\Http\\{closure}()
#46 /home/u411614341/domains/cms.oraclemachinetech.com/public_html/vendor/laravel/framework/src/Illuminate/Foundation/Http/Middleware/TransformsRequest.php(21): Illuminate\\Pipeline\\Pipeline->Illuminate\\Pipeline\\{closure}()
#47 /home/u411614341/domains/cms.oraclemachinetech.com/public_html/vendor/laravel/framework/src/Illuminate/Foundation/Http/Middleware/ConvertEmptyStringsToNull.php(31): Illuminate\\Foundation\\Http\\Middleware\\TransformsRequest->handle()
#48 /home/u411614341/domains/cms.oraclemachinetech.com/public_html/vendor/laravel/framework/src/Illuminate/Pipeline/Pipeline.php(180): Illuminate\\Foundation\\Http\\Middleware\\ConvertEmptyStringsToNull->handle()
#49 /home/u411614341/domains/cms.oraclemachinetech.com/public_html/vendor/laravel/framework/src/Illuminate/Foundation/Http/Middleware/TransformsRequest.php(21): Illuminate\\Pipeline\\Pipeline->Illuminate\\Pipeline\\{closure}()
#50 /home/u411614341/domains/cms.oraclemachinetech.com/public_html/vendor/laravel/framework/src/Illuminate/Foundation/Http/Middleware/TrimStrings.php(40): Illuminate\\Foundation\\Http\\Middleware\\TransformsRequest->handle()
#51 /home/u411614341/domains/cms.oraclemachinetech.com/public_html/vendor/laravel/framework/src/Illuminate/Pipeline/Pipeline.php(180): Illuminate\\Foundation\\Http\\Middleware\\TrimStrings->handle()
#52 /home/u411614341/domains/cms.oraclemachinetech.com/public_html/vendor/laravel/framework/src/Illuminate/Foundation/Http/Middleware/ValidatePostSize.php(27): Illuminate\\Pipeline\\Pipeline->Illuminate\\Pipeline\\{closure}()
#53 /home/u411614341/domains/cms.oraclemachinetech.com/public_html/vendor/laravel/framework/src/Illuminate/Pipeline/Pipeline.php(180): Illuminate\\Foundation\\Http\\Middleware\\ValidatePostSize->handle()
#54 /home/u411614341/domains/cms.oraclemachinetech.com/public_html/vendor/laravel/framework/src/Illuminate/Foundation/Http/Middleware/PreventRequestsDuringMaintenance.php(89): Illuminate\\Pipeline\\Pipeline->Illuminate\\Pipeline\\{closure}()
#55 /home/u411614341/domains/cms.oraclemachinetech.com/public_html/vendor/laravel/framework/src/Illuminate/Pipeline/Pipeline.php(180): Illuminate\\Foundation\\Http\\Middleware\\PreventRequestsDuringMaintenance->handle()
#56 /home/u411614341/domains/cms.oraclemachinetech.com/public_html/vendor/laravel/framework/src/Illuminate/Http/Middleware/HandleCors.php(49): Illuminate\\Pipeline\\Pipeline->Illuminate\\Pipeline\\{closure}()
#57 /home/u411614341/domains/cms.oraclemachinetech.com/public_html/vendor/laravel/framework/src/Illuminate/Pipeline/Pipeline.php(180): Illuminate\\Http\\Middleware\\HandleCors->handle()
#58 /home/u411614341/domains/cms.oraclemachinetech.com/public_html/vendor/laravel/framework/src/Illuminate/Http/Middleware/TrustProxies.php(39): Illuminate\\Pipeline\\Pipeline->Illuminate\\Pipeline\\{closure}()
#59 /home/u411614341/domains/cms.oraclemachinetech.com/public_html/vendor/laravel/framework/src/Illuminate/Pipeline/Pipeline.php(180): Illuminate\\Http\\Middleware\\TrustProxies->handle()
#60 /home/u411614341/domains/cms.oraclemachinetech.com/public_html/vendor/laravel/framework/src/Illuminate/Pipeline/Pipeline.php(116): Illuminate\\Pipeline\\Pipeline->Illuminate\\Pipeline\\{closure}()
#61 /home/u411614341/domains/cms.oraclemachinetech.com/public_html/vendor/laravel/framework/src/Illuminate/Foundation/Http/Kernel.php(175): Illuminate\\Pipeline\\Pipeline->then()
#62 /home/u411614341/domains/cms.oraclemachinetech.com/public_html/vendor/laravel/framework/src/Illuminate/Foundation/Http/Kernel.php(144): Illuminate\\Foundation\\Http\\Kernel->sendRequestThroughRouter()
#63 /home/u411614341/domains/cms.oraclemachinetech.com/public_html/index.php(52): Illuminate\\Foundation\\Http\\Kernel->handle()
#64 {main}

[previous exception] [object] (PDOException(code: 42S22): SQLSTATE[42S22]: Column not found: 1054 Unknown column 'invoice.customer_id' in 'ON' at /home/u411614341/domains/cms.oraclemachinetech.com/public_html/vendor/laravel/framework/src/Illuminate/Database/Connection.php:416)
[stacktrace]
#0 /home/u411614341/domains/cms.oraclemachinetech.com/public_html/vendor/laravel/framework/src/Illuminate/Database/Connection.php(416): PDO->prepare()
#1 /home/u411614341/domains/cms.oraclemachinetech.com/public_html/vendor/laravel/framework/src/Illuminate/Database/Connection.php(788): Illuminate\\Database\\Connection->Illuminate\\Database\\{closure}()
#2 /home/u411614341/domains/cms.oraclemachinetech.com/public_html/vendor/laravel/framework/src/Illuminate/Database/Connection.php(755): Illuminate\\Database\\Connection->runQueryCallback()
#3 /home/u411614341/domains/cms.oraclemachinetech.com/public_html/vendor/laravel/framework/src/Illuminate/Database/Connection.php(424): Illuminate\\Database\\Connection->run()
#4 /home/u411614341/domains/cms.oraclemachinetech.com/public_html/vendor/laravel/framework/src/Illuminate/Database/Query/Builder.php(2752): Illuminate\\Database\\Connection->select()
#5 /home/u411614341/domains/cms.oraclemachinetech.com/public_html/vendor/laravel/framework/src/Illuminate/Database/Query/Builder.php(2740): Illuminate\\Database\\Query\\Builder->runSelect()
#6 /home/u411614341/domains/cms.oraclemachinetech.com/public_html/vendor/laravel/framework/src/Illuminate/Database/Query/Builder.php(3294): Illuminate\\Database\\Query\\Builder->Illuminate\\Database\\Query\\{closure}()
#7 /home/u411614341/domains/cms.oraclemachinetech.com/public_html/vendor/laravel/framework/src/Illuminate/Database/Query/Builder.php(2741): Illuminate\\Database\\Query\\Builder->onceWithColumns()
#8 /home/u411614341/domains/cms.oraclemachinetech.com/public_html/vendor/laravel/framework/src/Illuminate/Database/Eloquent/Builder.php(737): Illuminate\\Database\\Query\\Builder->get()
#9 /home/u411614341/domains/cms.oraclemachinetech.com/public_html/vendor/laravel/framework/src/Illuminate/Database/Eloquent/Builder.php(721): Illuminate\\Database\\Eloquent\\Builder->getModels()
#10 /home/u411614341/domains/cms.oraclemachinetech.com/public_html/storage/framework/views/852c3469c3270bba82e1637df2fb4e41.php(26): Illuminate\\Database\\Eloquent\\Builder->get()
#11 /home/u411614341/domains/cms.oraclemachinetech.com/public_html/vendor/laravel/framework/src/Illuminate/Filesystem/Filesystem.php(124): require('/home/u41161434...')
#12 /home/u411614341/domains/cms.oraclemachinetech.com/public_html/vendor/laravel/framework/src/Illuminate/Filesystem/Filesystem.php(125): Illuminate\\Filesystem\\Filesystem::Illuminate\\Filesystem\\{closure}()
#13 /home/u411614341/domains/cms.oraclemachinetech.com/public_html/vendor/laravel/framework/src/Illuminate/View/Engines/PhpEngine.php(58): Illuminate\\Filesystem\\Filesystem->getRequire()
#14 /home/u411614341/domains/cms.oraclemachinetech.com/public_html/vendor/laravel/framework/src/Illuminate/View/Engines/CompilerEngine.php(72): Illuminate\\View\\Engines\\PhpEngine->evaluatePath()
#15 /home/u411614341/domains/cms.oraclemachinetech.com/public_html/vendor/laravel/framework/src/Illuminate/View/View.php(195): Illuminate\\View\\Engines\\CompilerEngine->get()
#16 /home/u411614341/domains/cms.oraclemachinetech.com/public_html/vendor/laravel/framework/src/Illuminate/View/View.php(178): Illuminate\\View\\View->getContents()
#17 /home/u411614341/domains/cms.oraclemachinetech.com/public_html/vendor/laravel/framework/src/Illuminate/View/View.php(147): Illuminate\\View\\View->renderContents()
#18 /home/u411614341/domains/cms.oraclemachinetech.com/public_html/vendor/laravel/framework/src/Illuminate/Http/Response.php(69): Illuminate\\View\\View->render()
#19 /home/u411614341/domains/cms.oraclemachinetech.com/public_html/vendor/laravel/framework/src/Illuminate/Http/Response.php(35): Illuminate\\Http\\Response->setContent()
#20 /home/u411614341/domains/cms.oraclemachinetech.com/public_html/vendor/laravel/framework/src/Illuminate/Routing/Router.php(911): Illuminate\\Http\\Response->__construct()
#21 /home/u411614341/domains/cms.oraclemachinetech.com/public_html/vendor/laravel/framework/src/Illuminate/Routing/Router.php(878): Illuminate\\Routing\\Router::toResponse()
#22 /home/u411614341/domains/cms.oraclemachinetech.com/public_html/vendor/laravel/framework/src/Illuminate/Routing/Router.php(799): Illuminate\\Routing\\Router->prepareResponse()
#23 /home/u411614341/domains/cms.oraclemachinetech.com/public_html/vendor/laravel/framework/src/Illuminate/Pipeline/Pipeline.php(141): Illuminate\\Routing\\Router->Illuminate\\Routing\\{closure}()
#24 /home/u411614341/domains/cms.oraclemachinetech.com/public_html/vendor/laravel/framework/src/Illuminate/Routing/Middleware/SubstituteBindings.php(50): Illuminate\\Pipeline\\Pipeline->Illuminate\\Pipeline\\{closure}()
#25 /home/u411614341/domains/cms.oraclemachinetech.com/public_html/vendor/laravel/framework/src/Illuminate/Pipeline/Pipeline.php(180): Illuminate\\Routing\\Middleware\\SubstituteBindings->handle()
#26 /home/u411614341/domains/cms.oraclemachinetech.com/public_html/vendor/laravel/framework/src/Illuminate/Auth/Middleware/Authenticate.php(57): Illuminate\\Pipeline\\Pipeline->Illuminate\\Pipeline\\{closure}()
#27 /home/u411614341/domains/cms.oraclemachinetech.com/public_html/vendor/laravel/framework/src/Illuminate/Pipeline/Pipeline.php(180): Illuminate\\Auth\\Middleware\\Authenticate->handle()
#28 /home/u411614341/domains/cms.oraclemachinetech.com/public_html/app/Http/Middleware/Localization.php(24): Illuminate\\Pipeline\\Pipeline->Illuminate\\Pipeline\\{closure}()
#29 /home/u411614341/domains/cms.oraclemachinetech.com/public_html/vendor/laravel/framework/src/Illuminate/Pipeline/Pipeline.php(180): App\\Http\\Middleware\\Localization->handle()
#30 /home/u411614341/domains/cms.oraclemachinetech.com/public_html/vendor/laravel/framework/src/Illuminate/Foundation/Http/Middleware/VerifyCsrfToken.php(78): Illuminate\\Pipeline\\Pipeline->Illuminate\\Pipeline\\{closure}()
#31 /home/u411614341/domains/cms.oraclemachinetech.com/public_html/vendor/laravel/framework/src/Illuminate/Pipeline/Pipeline.php(180): Illuminate\\Foundation\\Http\\Middleware\\VerifyCsrfToken->handle()
#32 /home/u411614341/domains/cms.oraclemachinetech.com/public_html/vendor/laravel/framework/src/Illuminate/View/Middleware/ShareErrorsFromSession.php(49): Illuminate\\Pipeline\\Pipeline->Illuminate\\Pipeline\\{closure}()
#33 /home/u411614341/domains/cms.oraclemachinetech.com/public_html/vendor/laravel/framework/src/Illuminate/Pipeline/Pipeline.php(180): Illuminate\\View\\Middleware\\ShareErrorsFromSession->handle()
#34 /home/u411614341/domains/cms.oraclemachinetech.com/public_html/vendor/laravel/framework/src/Illuminate/Session/Middleware/StartSession.php(121): Illuminate\\Pipeline\\Pipeline->Illuminate\\Pipeline\\{closure}()
#35 /home/u411614341/domains/cms.oraclemachinetech.com/public_html/vendor/laravel/framework/src/Illuminate/Session/Middleware/StartSession.php(64): Illuminate\\Session\\Middleware\\StartSession->handleStatefulRequest()
#36 /home/u411614341/domains/cms.oraclemachinetech.com/public_html/vendor/laravel/framework/src/Illuminate/Pipeline/Pipeline.php(180): Illuminate\\Session\\Middleware\\StartSession->handle()
#37 /home/u411614341/domains/cms.oraclemachinetech.com/public_html/vendor/laravel/framework/src/Illuminate/Cookie/Middleware/AddQueuedCookiesToResponse.php(37): Illuminate\\Pipeline\\Pipeline->Illuminate\\Pipeline\\{closure}()
#38 /home/u411614341/domains/cms.oraclemachinetech.com/public_html/vendor/laravel/framework/src/Illuminate/Pipeline/Pipeline.php(180): Illuminate\\Cookie\\Middleware\\AddQueuedCookiesToResponse->handle()
#39 /home/u411614341/domains/cms.oraclemachinetech.com/public_html/vendor/laravel/framework/src/Illuminate/Cookie/Middleware/EncryptCookies.php(67): Illuminate\\Pipeline\\Pipeline->Illuminate\\Pipeline\\{closure}()
#40 /home/u411614341/domains/cms.oraclemachinetech.com/public_html/vendor/laravel/framework/src/Illuminate/Pipeline/Pipeline.php(180): Illuminate\\Cookie\\Middleware\\EncryptCookies->handle()
#41 /home/u411614341/domains/cms.oraclemachinetech.com/public_html/vendor/laravel/framework/src/Illuminate/Pipeline/Pipeline.php(116): Illuminate\\Pipeline\\Pipeline->Illuminate\\Pipeline\\{closure}()
#42 /home/u411614341/domains/cms.oraclemachinetech.com/public_html/vendor/laravel/framework/src/Illuminate/Routing/Router.php(800): Illuminate\\Pipeline\\Pipeline->then()
#43 /home/u411614341/domains/cms.oraclemachinetech.com/public_html/vendor/laravel/framework/src/Illuminate/Routing/Router.php(777): Illuminate\\Routing\\Router->runRouteWithinStack()
#44 /home/u411614341/domains/cms.oraclemachinetech.com/public_html/vendor/laravel/framework/src/Illuminate/Routing/Router.php(741): Illuminate\\Routing\\Router->runRoute()
#45 /home/u411614341/domains/cms.oraclemachinetech.com/public_html/vendor/laravel/framework/src/Illuminate/Routing/Router.php(730): Illuminate\\Routing\\Router->dispatchToRoute()
#46 /home/u411614341/domains/cms.oraclemachinetech.com/public_html/vendor/laravel/framework/src/Illuminate/Foundation/Http/Kernel.php(200): Illuminate\\Routing\\Router->dispatch()
#47 /home/u411614341/domains/cms.oraclemachinetech.com/public_html/vendor/laravel/framework/src/Illuminate/Pipeline/Pipeline.php(141): Illuminate\\Foundation\\Http\\Kernel->Illuminate\\Foundation\\Http\\{closure}()
#48 /home/u411614341/domains/cms.oraclemachinetech.com/public_html/vendor/laravel/framework/src/Illuminate/Foundation/Http/Middleware/TransformsRequest.php(21): Illuminate\\Pipeline\\Pipeline->Illuminate\\Pipeline\\{closure}()
#49 /home/u411614341/domains/cms.oraclemachinetech.com/public_html/vendor/laravel/framework/src/Illuminate/Foundation/Http/Middleware/ConvertEmptyStringsToNull.php(31): Illuminate\\Foundation\\Http\\Middleware\\TransformsRequest->handle()
#50 /home/u411614341/domains/cms.oraclemachinetech.com/public_html/vendor/laravel/framework/src/Illuminate/Pipeline/Pipeline.php(180): Illuminate\\Foundation\\Http\\Middleware\\ConvertEmptyStringsToNull->handle()
#51 /home/u411614341/domains/cms.oraclemachinetech.com/public_html/vendor/laravel/framework/src/Illuminate/Foundation/Http/Middleware/TransformsRequest.php(21): Illuminate\\Pipeline\\Pipeline->Illuminate\\Pipeline\\{closure}()
#52 /home/u411614341/domains/cms.oraclemachinetech.com/public_html/vendor/laravel/framework/src/Illuminate/Foundation/Http/Middleware/TrimStrings.php(40): Illuminate\\Foundation\\Http\\Middleware\\TransformsRequest->handle()
#53 /home/u411614341/domains/cms.oraclemachinetech.com/public_html/vendor/laravel/framework/src/Illuminate/Pipeline/Pipeline.php(180): Illuminate\\Foundation\\Http\\Middleware\\TrimStrings->handle()
#54 /home/u411614341/domains/cms.oraclemachinetech.com/public_html/vendor/laravel/framework/src/Illuminate/Foundation/Http/Middleware/ValidatePostSize.php(27): Illuminate\\Pipeline\\Pipeline->Illuminate\\Pipeline\\{closure}()
#55 /home/u411614341/domains/cms.oraclemachinetech.com/public_html/vendor/laravel/framework/src/Illuminate/Pipeline/Pipeline.php(180): Illuminate\\Foundation\\Http\\Middleware\\ValidatePostSize->handle()
#56 /home/u411614341/domains/cms.oraclemachinetech.com/public_html/vendor/laravel/framework/src/Illuminate/Foundation/Http/Middleware/PreventRequestsDuringMaintenance.php(89): Illuminate\\Pipeline\\Pipeline->Illuminate\\Pipeline\\{closure}()
#57 /home/u411614341/domains/cms.oraclemachinetech.com/public_html/vendor/laravel/framework/src/Illuminate/Pipeline/Pipeline.php(180): Illuminate\\Foundation\\Http\\Middleware\\PreventRequestsDuringMaintenance->handle()
#58 /home/u411614341/domains/cms.oraclemachinetech.com/public_html/vendor/laravel/framework/src/Illuminate/Http/Middleware/HandleCors.php(49): Illuminate\\Pipeline\\Pipeline->Illuminate\\Pipeline\\{closure}()
#59 /home/u411614341/domains/cms.oraclemachinetech.com/public_html/vendor/laravel/framework/src/Illuminate/Pipeline/Pipeline.php(180): Illuminate\\Http\\Middleware\\HandleCors->handle()
#60 /home/u411614341/domains/cms.oraclemachinetech.com/public_html/vendor/laravel/framework/src/Illuminate/Http/Middleware/TrustProxies.php(39): Illuminate\\Pipeline\\Pipeline->Illuminate\\Pipeline\\{closure}()
#61 /home/u411614341/domains/cms.oraclemachinetech.com/public_html/vendor/laravel/framework/src/Illuminate/Pipeline/Pipeline.php(180): Illuminate\\Http\\Middleware\\TrustProxies->handle()
#62 /home/u411614341/domains/cms.oraclemachinetech.com/public_html/vendor/laravel/framework/src/Illuminate/Pipeline/Pipeline.php(116): Illuminate\\Pipeline\\Pipeline->Illuminate\\Pipeline\\{closure}()
#63 /home/u411614341/domains/cms.oraclemachinetech.com/public_html/vendor/laravel/framework/src/Illuminate/Foundation/Http/Kernel.php(175): Illuminate\\Pipeline\\Pipeline->then()
#64 /home/u411614341/domains/cms.oraclemachinetech.com/public_html/vendor/laravel/framework/src/Illuminate/Foundation/Http/Kernel.php(144): Illuminate\\Foundation\\Http\\Kernel->sendRequestThroughRouter()
#65 /home/u411614341/domains/cms.oraclemachinetech.com/public_html/index.php(52): Illuminate\\Foundation\\Http\\Kernel->handle()
#66 {main}
"} 
[2024-11-27 10:29:43] local.ERROR: SQLSTATE[42S02]: Base table or view not found: 1146 Table 'u411614341_Invoice.invetry' doesn't exist (Connection: mysql, SQL: select `invetry`.*, `product`.`name` as `product_name` from `invetry` left join `product` on `invetry`.`product_id` = `product`.`id` order by `invetry`.`id` desc) {"view":{"view":"/home/u411614341/domains/cms.oraclemachinetech.com/public_html/resources/views/inventrylist.blade.php","data":[]},"userId":1,"exception":"[object] (Spatie\\LaravelIgnition\\Exceptions\\ViewException(code: 0): SQLSTATE[42S02]: Base table or view not found: 1146 Table 'u411614341_Invoice.invetry' doesn't exist (Connection: mysql, SQL: select `invetry`.*, `product`.`name` as `product_name` from `invetry` left join `product` on `invetry`.`product_id` = `product`.`id` order by `invetry`.`id` desc) at /home/u411614341/domains/cms.oraclemachinetech.com/public_html/vendor/laravel/framework/src/Illuminate/Database/Connection.php:801)
[stacktrace]
#0 /home/u411614341/domains/cms.oraclemachinetech.com/public_html/vendor/laravel/framework/src/Illuminate/Database/Connection.php(755): Illuminate\\Database\\Connection->runQueryCallback()
#1 /home/u411614341/domains/cms.oraclemachinetech.com/public_html/vendor/laravel/framework/src/Illuminate/Database/Connection.php(424): Illuminate\\Database\\Connection->run()
#2 /home/u411614341/domains/cms.oraclemachinetech.com/public_html/vendor/laravel/framework/src/Illuminate/Database/Query/Builder.php(2752): Illuminate\\Database\\Connection->select()
#3 /home/u411614341/domains/cms.oraclemachinetech.com/public_html/vendor/laravel/framework/src/Illuminate/Database/Query/Builder.php(2740): Illuminate\\Database\\Query\\Builder->runSelect()
#4 /home/u411614341/domains/cms.oraclemachinetech.com/public_html/vendor/laravel/framework/src/Illuminate/Database/Query/Builder.php(3294): Illuminate\\Database\\Query\\Builder->Illuminate\\Database\\Query\\{closure}()
#5 /home/u411614341/domains/cms.oraclemachinetech.com/public_html/vendor/laravel/framework/src/Illuminate/Database/Query/Builder.php(2741): Illuminate\\Database\\Query\\Builder->onceWithColumns()
#6 /home/u411614341/domains/cms.oraclemachinetech.com/public_html/vendor/laravel/framework/src/Illuminate/Database/Eloquent/Builder.php(737): Illuminate\\Database\\Query\\Builder->get()
#7 /home/u411614341/domains/cms.oraclemachinetech.com/public_html/vendor/laravel/framework/src/Illuminate/Database/Eloquent/Builder.php(721): Illuminate\\Database\\Eloquent\\Builder->getModels()
#8 /home/u411614341/domains/cms.oraclemachinetech.com/public_html/resources/views/inventrylist.blade.php(22): Illuminate\\Database\\Eloquent\\Builder->get()
#9 /home/u411614341/domains/cms.oraclemachinetech.com/public_html/vendor/laravel/framework/src/Illuminate/Filesystem/Filesystem.php(124): require('/home/u41161434...')
#10 /home/u411614341/domains/cms.oraclemachinetech.com/public_html/vendor/laravel/framework/src/Illuminate/Filesystem/Filesystem.php(125): Illuminate\\Filesystem\\Filesystem::Illuminate\\Filesystem\\{closure}()
#11 /home/u411614341/domains/cms.oraclemachinetech.com/public_html/vendor/laravel/framework/src/Illuminate/View/Engines/PhpEngine.php(58): Illuminate\\Filesystem\\Filesystem->getRequire()
#12 /home/u411614341/domains/cms.oraclemachinetech.com/public_html/vendor/laravel/framework/src/Illuminate/View/Engines/CompilerEngine.php(72): Illuminate\\View\\Engines\\PhpEngine->evaluatePath()
#13 /home/u411614341/domains/cms.oraclemachinetech.com/public_html/vendor/laravel/framework/src/Illuminate/View/View.php(195): Illuminate\\View\\Engines\\CompilerEngine->get()
#14 /home/u411614341/domains/cms.oraclemachinetech.com/public_html/vendor/laravel/framework/src/Illuminate/View/View.php(178): Illuminate\\View\\View->getContents()
#15 /home/u411614341/domains/cms.oraclemachinetech.com/public_html/vendor/laravel/framework/src/Illuminate/View/View.php(147): Illuminate\\View\\View->renderContents()
#16 /home/u411614341/domains/cms.oraclemachinetech.com/public_html/vendor/laravel/framework/src/Illuminate/Http/Response.php(69): Illuminate\\View\\View->render()
#17 /home/u411614341/domains/cms.oraclemachinetech.com/public_html/vendor/laravel/framework/src/Illuminate/Http/Response.php(35): Illuminate\\Http\\Response->setContent()
#18 /home/u411614341/domains/cms.oraclemachinetech.com/public_html/vendor/laravel/framework/src/Illuminate/Routing/Router.php(911): Illuminate\\Http\\Response->__construct()
#19 /home/u411614341/domains/cms.oraclemachinetech.com/public_html/vendor/laravel/framework/src/Illuminate/Routing/Router.php(878): Illuminate\\Routing\\Router::toResponse()
#20 /home/u411614341/domains/cms.oraclemachinetech.com/public_html/vendor/laravel/framework/src/Illuminate/Routing/Router.php(799): Illuminate\\Routing\\Router->prepareResponse()
#21 /home/u411614341/domains/cms.oraclemachinetech.com/public_html/vendor/laravel/framework/src/Illuminate/Pipeline/Pipeline.php(141): Illuminate\\Routing\\Router->Illuminate\\Routing\\{closure}()
#22 /home/u411614341/domains/cms.oraclemachinetech.com/public_html/vendor/laravel/framework/src/Illuminate/Routing/Middleware/SubstituteBindings.php(50): Illuminate\\Pipeline\\Pipeline->Illuminate\\Pipeline\\{closure}()
#23 /home/u411614341/domains/cms.oraclemachinetech.com/public_html/vendor/laravel/framework/src/Illuminate/Pipeline/Pipeline.php(180): Illuminate\\Routing\\Middleware\\SubstituteBindings->handle()
#24 /home/u411614341/domains/cms.oraclemachinetech.com/public_html/vendor/laravel/framework/src/Illuminate/Auth/Middleware/Authenticate.php(57): Illuminate\\Pipeline\\Pipeline->Illuminate\\Pipeline\\{closure}()
#25 /home/u411614341/domains/cms.oraclemachinetech.com/public_html/vendor/laravel/framework/src/Illuminate/Pipeline/Pipeline.php(180): Illuminate\\Auth\\Middleware\\Authenticate->handle()
#26 /home/u411614341/domains/cms.oraclemachinetech.com/public_html/app/Http/Middleware/Localization.php(24): Illuminate\\Pipeline\\Pipeline->Illuminate\\Pipeline\\{closure}()
#27 /home/u411614341/domains/cms.oraclemachinetech.com/public_html/vendor/laravel/framework/src/Illuminate/Pipeline/Pipeline.php(180): App\\Http\\Middleware\\Localization->handle()
#28 /home/u411614341/domains/cms.oraclemachinetech.com/public_html/vendor/laravel/framework/src/Illuminate/Foundation/Http/Middleware/VerifyCsrfToken.php(78): Illuminate\\Pipeline\\Pipeline->Illuminate\\Pipeline\\{closure}()
#29 /home/u411614341/domains/cms.oraclemachinetech.com/public_html/vendor/laravel/framework/src/Illuminate/Pipeline/Pipeline.php(180): Illuminate\\Foundation\\Http\\Middleware\\VerifyCsrfToken->handle()
#30 /home/u411614341/domains/cms.oraclemachinetech.com/public_html/vendor/laravel/framework/src/Illuminate/View/Middleware/ShareErrorsFromSession.php(49): Illuminate\\Pipeline\\Pipeline->Illuminate\\Pipeline\\{closure}()
#31 /home/u411614341/domains/cms.oraclemachinetech.com/public_html/vendor/laravel/framework/src/Illuminate/Pipeline/Pipeline.php(180): Illuminate\\View\\Middleware\\ShareErrorsFromSession->handle()
#32 /home/u411614341/domains/cms.oraclemachinetech.com/public_html/vendor/laravel/framework/src/Illuminate/Session/Middleware/StartSession.php(121): Illuminate\\Pipeline\\Pipeline->Illuminate\\Pipeline\\{closure}()
#33 /home/u411614341/domains/cms.oraclemachinetech.com/public_html/vendor/laravel/framework/src/Illuminate/Session/Middleware/StartSession.php(64): Illuminate\\Session\\Middleware\\StartSession->handleStatefulRequest()
#34 /home/u411614341/domains/cms.oraclemachinetech.com/public_html/vendor/laravel/framework/src/Illuminate/Pipeline/Pipeline.php(180): Illuminate\\Session\\Middleware\\StartSession->handle()
#35 /home/u411614341/domains/cms.oraclemachinetech.com/public_html/vendor/laravel/framework/src/Illuminate/Cookie/Middleware/AddQueuedCookiesToResponse.php(37): Illuminate\\Pipeline\\Pipeline->Illuminate\\Pipeline\\{closure}()
#36 /home/u411614341/domains/cms.oraclemachinetech.com/public_html/vendor/laravel/framework/src/Illuminate/Pipeline/Pipeline.php(180): Illuminate\\Cookie\\Middleware\\AddQueuedCookiesToResponse->handle()
#37 /home/u411614341/domains/cms.oraclemachinetech.com/public_html/vendor/laravel/framework/src/Illuminate/Cookie/Middleware/EncryptCookies.php(67): Illuminate\\Pipeline\\Pipeline->Illuminate\\Pipeline\\{closure}()
#38 /home/u411614341/domains/cms.oraclemachinetech.com/public_html/vendor/laravel/framework/src/Illuminate/Pipeline/Pipeline.php(180): Illuminate\\Cookie\\Middleware\\EncryptCookies->handle()
#39 /home/u411614341/domains/cms.oraclemachinetech.com/public_html/vendor/laravel/framework/src/Illuminate/Pipeline/Pipeline.php(116): Illuminate\\Pipeline\\Pipeline->Illuminate\\Pipeline\\{closure}()
#40 /home/u411614341/domains/cms.oraclemachinetech.com/public_html/vendor/laravel/framework/src/Illuminate/Routing/Router.php(800): Illuminate\\Pipeline\\Pipeline->then()
#41 /home/u411614341/domains/cms.oraclemachinetech.com/public_html/vendor/laravel/framework/src/Illuminate/Routing/Router.php(777): Illuminate\\Routing\\Router->runRouteWithinStack()
#42 /home/u411614341/domains/cms.oraclemachinetech.com/public_html/vendor/laravel/framework/src/Illuminate/Routing/Router.php(741): Illuminate\\Routing\\Router->runRoute()
#43 /home/u411614341/domains/cms.oraclemachinetech.com/public_html/vendor/laravel/framework/src/Illuminate/Routing/Router.php(730): Illuminate\\Routing\\Router->dispatchToRoute()
#44 /home/u411614341/domains/cms.oraclemachinetech.com/public_html/vendor/laravel/framework/src/Illuminate/Foundation/Http/Kernel.php(200): Illuminate\\Routing\\Router->dispatch()
#45 /home/u411614341/domains/cms.oraclemachinetech.com/public_html/vendor/laravel/framework/src/Illuminate/Pipeline/Pipeline.php(141): Illuminate\\Foundation\\Http\\Kernel->Illuminate\\Foundation\\Http\\{closure}()
#46 /home/u411614341/domains/cms.oraclemachinetech.com/public_html/vendor/laravel/framework/src/Illuminate/Foundation/Http/Middleware/TransformsRequest.php(21): Illuminate\\Pipeline\\Pipeline->Illuminate\\Pipeline\\{closure}()
#47 /home/u411614341/domains/cms.oraclemachinetech.com/public_html/vendor/laravel/framework/src/Illuminate/Foundation/Http/Middleware/ConvertEmptyStringsToNull.php(31): Illuminate\\Foundation\\Http\\Middleware\\TransformsRequest->handle()
#48 /home/u411614341/domains/cms.oraclemachinetech.com/public_html/vendor/laravel/framework/src/Illuminate/Pipeline/Pipeline.php(180): Illuminate\\Foundation\\Http\\Middleware\\ConvertEmptyStringsToNull->handle()
#49 /home/u411614341/domains/cms.oraclemachinetech.com/public_html/vendor/laravel/framework/src/Illuminate/Foundation/Http/Middleware/TransformsRequest.php(21): Illuminate\\Pipeline\\Pipeline->Illuminate\\Pipeline\\{closure}()
#50 /home/u411614341/domains/cms.oraclemachinetech.com/public_html/vendor/laravel/framework/src/Illuminate/Foundation/Http/Middleware/TrimStrings.php(40): Illuminate\\Foundation\\Http\\Middleware\\TransformsRequest->handle()
#51 /home/u411614341/domains/cms.oraclemachinetech.com/public_html/vendor/laravel/framework/src/Illuminate/Pipeline/Pipeline.php(180): Illuminate\\Foundation\\Http\\Middleware\\TrimStrings->handle()
#52 /home/u411614341/domains/cms.oraclemachinetech.com/public_html/vendor/laravel/framework/src/Illuminate/Foundation/Http/Middleware/ValidatePostSize.php(27): Illuminate\\Pipeline\\Pipeline->Illuminate\\Pipeline\\{closure}()
#53 /home/u411614341/domains/cms.oraclemachinetech.com/public_html/vendor/laravel/framework/src/Illuminate/Pipeline/Pipeline.php(180): Illuminate\\Foundation\\Http\\Middleware\\ValidatePostSize->handle()
#54 /home/u411614341/domains/cms.oraclemachinetech.com/public_html/vendor/laravel/framework/src/Illuminate/Foundation/Http/Middleware/PreventRequestsDuringMaintenance.php(89): Illuminate\\Pipeline\\Pipeline->Illuminate\\Pipeline\\{closure}()
#55 /home/u411614341/domains/cms.oraclemachinetech.com/public_html/vendor/laravel/framework/src/Illuminate/Pipeline/Pipeline.php(180): Illuminate\\Foundation\\Http\\Middleware\\PreventRequestsDuringMaintenance->handle()
#56 /home/u411614341/domains/cms.oraclemachinetech.com/public_html/vendor/laravel/framework/src/Illuminate/Http/Middleware/HandleCors.php(49): Illuminate\\Pipeline\\Pipeline->Illuminate\\Pipeline\\{closure}()
#57 /home/u411614341/domains/cms.oraclemachinetech.com/public_html/vendor/laravel/framework/src/Illuminate/Pipeline/Pipeline.php(180): Illuminate\\Http\\Middleware\\HandleCors->handle()
#58 /home/u411614341/domains/cms.oraclemachinetech.com/public_html/vendor/laravel/framework/src/Illuminate/Http/Middleware/TrustProxies.php(39): Illuminate\\Pipeline\\Pipeline->Illuminate\\Pipeline\\{closure}()
#59 /home/u411614341/domains/cms.oraclemachinetech.com/public_html/vendor/laravel/framework/src/Illuminate/Pipeline/Pipeline.php(180): Illuminate\\Http\\Middleware\\TrustProxies->handle()
#60 /home/u411614341/domains/cms.oraclemachinetech.com/public_html/vendor/laravel/framework/src/Illuminate/Pipeline/Pipeline.php(116): Illuminate\\Pipeline\\Pipeline->Illuminate\\Pipeline\\{closure}()
#61 /home/u411614341/domains/cms.oraclemachinetech.com/public_html/vendor/laravel/framework/src/Illuminate/Foundation/Http/Kernel.php(175): Illuminate\\Pipeline\\Pipeline->then()
#62 /home/u411614341/domains/cms.oraclemachinetech.com/public_html/vendor/laravel/framework/src/Illuminate/Foundation/Http/Kernel.php(144): Illuminate\\Foundation\\Http\\Kernel->sendRequestThroughRouter()
#63 /home/u411614341/domains/cms.oraclemachinetech.com/public_html/index.php(52): Illuminate\\Foundation\\Http\\Kernel->handle()
#64 {main}

[previous exception] [object] (Illuminate\\Database\\QueryException(code: 42S02): SQLSTATE[42S02]: Base table or view not found: 1146 Table 'u411614341_Invoice.invetry' doesn't exist (Connection: mysql, SQL: select `invetry`.*, `product`.`name` as `product_name` from `invetry` left join `product` on `invetry`.`product_id` = `product`.`id` order by `invetry`.`id` desc) at /home/u411614341/domains/cms.oraclemachinetech.com/public_html/vendor/laravel/framework/src/Illuminate/Database/Connection.php:801)
[stacktrace]
#0 /home/u411614341/domains/cms.oraclemachinetech.com/public_html/vendor/laravel/framework/src/Illuminate/Database/Connection.php(755): Illuminate\\Database\\Connection->runQueryCallback()
#1 /home/u411614341/domains/cms.oraclemachinetech.com/public_html/vendor/laravel/framework/src/Illuminate/Database/Connection.php(424): Illuminate\\Database\\Connection->run()
#2 /home/u411614341/domains/cms.oraclemachinetech.com/public_html/vendor/laravel/framework/src/Illuminate/Database/Query/Builder.php(2752): Illuminate\\Database\\Connection->select()
#3 /home/u411614341/domains/cms.oraclemachinetech.com/public_html/vendor/laravel/framework/src/Illuminate/Database/Query/Builder.php(2740): Illuminate\\Database\\Query\\Builder->runSelect()
#4 /home/u411614341/domains/cms.oraclemachinetech.com/public_html/vendor/laravel/framework/src/Illuminate/Database/Query/Builder.php(3294): Illuminate\\Database\\Query\\Builder->Illuminate\\Database\\Query\\{closure}()
#5 /home/u411614341/domains/cms.oraclemachinetech.com/public_html/vendor/laravel/framework/src/Illuminate/Database/Query/Builder.php(2741): Illuminate\\Database\\Query\\Builder->onceWithColumns()
#6 /home/u411614341/domains/cms.oraclemachinetech.com/public_html/vendor/laravel/framework/src/Illuminate/Database/Eloquent/Builder.php(737): Illuminate\\Database\\Query\\Builder->get()
#7 /home/u411614341/domains/cms.oraclemachinetech.com/public_html/vendor/laravel/framework/src/Illuminate/Database/Eloquent/Builder.php(721): Illuminate\\Database\\Eloquent\\Builder->getModels()
#8 /home/u411614341/domains/cms.oraclemachinetech.com/public_html/storage/framework/views/247bb16d08a04aa3df604e54550351d6.php(26): Illuminate\\Database\\Eloquent\\Builder->get()
#9 /home/u411614341/domains/cms.oraclemachinetech.com/public_html/vendor/laravel/framework/src/Illuminate/Filesystem/Filesystem.php(124): require('/home/u41161434...')
#10 /home/u411614341/domains/cms.oraclemachinetech.com/public_html/vendor/laravel/framework/src/Illuminate/Filesystem/Filesystem.php(125): Illuminate\\Filesystem\\Filesystem::Illuminate\\Filesystem\\{closure}()
#11 /home/u411614341/domains/cms.oraclemachinetech.com/public_html/vendor/laravel/framework/src/Illuminate/View/Engines/PhpEngine.php(58): Illuminate\\Filesystem\\Filesystem->getRequire()
#12 /home/u411614341/domains/cms.oraclemachinetech.com/public_html/vendor/laravel/framework/src/Illuminate/View/Engines/CompilerEngine.php(72): Illuminate\\View\\Engines\\PhpEngine->evaluatePath()
#13 /home/u411614341/domains/cms.oraclemachinetech.com/public_html/vendor/laravel/framework/src/Illuminate/View/View.php(195): Illuminate\\View\\Engines\\CompilerEngine->get()
#14 /home/u411614341/domains/cms.oraclemachinetech.com/public_html/vendor/laravel/framework/src/Illuminate/View/View.php(178): Illuminate\\View\\View->getContents()
#15 /home/u411614341/domains/cms.oraclemachinetech.com/public_html/vendor/laravel/framework/src/Illuminate/View/View.php(147): Illuminate\\View\\View->renderContents()
#16 /home/u411614341/domains/cms.oraclemachinetech.com/public_html/vendor/laravel/framework/src/Illuminate/Http/Response.php(69): Illuminate\\View\\View->render()
#17 /home/u411614341/domains/cms.oraclemachinetech.com/public_html/vendor/laravel/framework/src/Illuminate/Http/Response.php(35): Illuminate\\Http\\Response->setContent()
#18 /home/u411614341/domains/cms.oraclemachinetech.com/public_html/vendor/laravel/framework/src/Illuminate/Routing/Router.php(911): Illuminate\\Http\\Response->__construct()
#19 /home/u411614341/domains/cms.oraclemachinetech.com/public_html/vendor/laravel/framework/src/Illuminate/Routing/Router.php(878): Illuminate\\Routing\\Router::toResponse()
#20 /home/u411614341/domains/cms.oraclemachinetech.com/public_html/vendor/laravel/framework/src/Illuminate/Routing/Router.php(799): Illuminate\\Routing\\Router->prepareResponse()
#21 /home/u411614341/domains/cms.oraclemachinetech.com/public_html/vendor/laravel/framework/src/Illuminate/Pipeline/Pipeline.php(141): Illuminate\\Routing\\Router->Illuminate\\Routing\\{closure}()
#22 /home/u411614341/domains/cms.oraclemachinetech.com/public_html/vendor/laravel/framework/src/Illuminate/Routing/Middleware/SubstituteBindings.php(50): Illuminate\\Pipeline\\Pipeline->Illuminate\\Pipeline\\{closure}()
#23 /home/u411614341/domains/cms.oraclemachinetech.com/public_html/vendor/laravel/framework/src/Illuminate/Pipeline/Pipeline.php(180): Illuminate\\Routing\\Middleware\\SubstituteBindings->handle()
#24 /home/u411614341/domains/cms.oraclemachinetech.com/public_html/vendor/laravel/framework/src/Illuminate/Auth/Middleware/Authenticate.php(57): Illuminate\\Pipeline\\Pipeline->Illuminate\\Pipeline\\{closure}()
#25 /home/u411614341/domains/cms.oraclemachinetech.com/public_html/vendor/laravel/framework/src/Illuminate/Pipeline/Pipeline.php(180): Illuminate\\Auth\\Middleware\\Authenticate->handle()
#26 /home/u411614341/domains/cms.oraclemachinetech.com/public_html/app/Http/Middleware/Localization.php(24): Illuminate\\Pipeline\\Pipeline->Illuminate\\Pipeline\\{closure}()
#27 /home/u411614341/domains/cms.oraclemachinetech.com/public_html/vendor/laravel/framework/src/Illuminate/Pipeline/Pipeline.php(180): App\\Http\\Middleware\\Localization->handle()
#28 /home/u411614341/domains/cms.oraclemachinetech.com/public_html/vendor/laravel/framework/src/Illuminate/Foundation/Http/Middleware/VerifyCsrfToken.php(78): Illuminate\\Pipeline\\Pipeline->Illuminate\\Pipeline\\{closure}()
#29 /home/u411614341/domains/cms.oraclemachinetech.com/public_html/vendor/laravel/framework/src/Illuminate/Pipeline/Pipeline.php(180): Illuminate\\Foundation\\Http\\Middleware\\VerifyCsrfToken->handle()
#30 /home/u411614341/domains/cms.oraclemachinetech.com/public_html/vendor/laravel/framework/src/Illuminate/View/Middleware/ShareErrorsFromSession.php(49): Illuminate\\Pipeline\\Pipeline->Illuminate\\Pipeline\\{closure}()
#31 /home/u411614341/domains/cms.oraclemachinetech.com/public_html/vendor/laravel/framework/src/Illuminate/Pipeline/Pipeline.php(180): Illuminate\\View\\Middleware\\ShareErrorsFromSession->handle()
#32 /home/u411614341/domains/cms.oraclemachinetech.com/public_html/vendor/laravel/framework/src/Illuminate/Session/Middleware/StartSession.php(121): Illuminate\\Pipeline\\Pipeline->Illuminate\\Pipeline\\{closure}()
#33 /home/u411614341/domains/cms.oraclemachinetech.com/public_html/vendor/laravel/framework/src/Illuminate/Session/Middleware/StartSession.php(64): Illuminate\\Session\\Middleware\\StartSession->handleStatefulRequest()
#34 /home/u411614341/domains/cms.oraclemachinetech.com/public_html/vendor/laravel/framework/src/Illuminate/Pipeline/Pipeline.php(180): Illuminate\\Session\\Middleware\\StartSession->handle()
#35 /home/u411614341/domains/cms.oraclemachinetech.com/public_html/vendor/laravel/framework/src/Illuminate/Cookie/Middleware/AddQueuedCookiesToResponse.php(37): Illuminate\\Pipeline\\Pipeline->Illuminate\\Pipeline\\{closure}()
#36 /home/u411614341/domains/cms.oraclemachinetech.com/public_html/vendor/laravel/framework/src/Illuminate/Pipeline/Pipeline.php(180): Illuminate\\Cookie\\Middleware\\AddQueuedCookiesToResponse->handle()
#37 /home/u411614341/domains/cms.oraclemachinetech.com/public_html/vendor/laravel/framework/src/Illuminate/Cookie/Middleware/EncryptCookies.php(67): Illuminate\\Pipeline\\Pipeline->Illuminate\\Pipeline\\{closure}()
#38 /home/u411614341/domains/cms.oraclemachinetech.com/public_html/vendor/laravel/framework/src/Illuminate/Pipeline/Pipeline.php(180): Illuminate\\Cookie\\Middleware\\EncryptCookies->handle()
#39 /home/u411614341/domains/cms.oraclemachinetech.com/public_html/vendor/laravel/framework/src/Illuminate/Pipeline/Pipeline.php(116): Illuminate\\Pipeline\\Pipeline->Illuminate\\Pipeline\\{closure}()
#40 /home/u411614341/domains/cms.oraclemachinetech.com/public_html/vendor/laravel/framework/src/Illuminate/Routing/Router.php(800): Illuminate\\Pipeline\\Pipeline->then()
#41 /home/u411614341/domains/cms.oraclemachinetech.com/public_html/vendor/laravel/framework/src/Illuminate/Routing/Router.php(777): Illuminate\\Routing\\Router->runRouteWithinStack()
#42 /home/u411614341/domains/cms.oraclemachinetech.com/public_html/vendor/laravel/framework/src/Illuminate/Routing/Router.php(741): Illuminate\\Routing\\Router->runRoute()
#43 /home/u411614341/domains/cms.oraclemachinetech.com/public_html/vendor/laravel/framework/src/Illuminate/Routing/Router.php(730): Illuminate\\Routing\\Router->dispatchToRoute()
#44 /home/u411614341/domains/cms.oraclemachinetech.com/public_html/vendor/laravel/framework/src/Illuminate/Foundation/Http/Kernel.php(200): Illuminate\\Routing\\Router->dispatch()
#45 /home/u411614341/domains/cms.oraclemachinetech.com/public_html/vendor/laravel/framework/src/Illuminate/Pipeline/Pipeline.php(141): Illuminate\\Foundation\\Http\\Kernel->Illuminate\\Foundation\\Http\\{closure}()
#46 /home/u411614341/domains/cms.oraclemachinetech.com/public_html/vendor/laravel/framework/src/Illuminate/Foundation/Http/Middleware/TransformsRequest.php(21): Illuminate\\Pipeline\\Pipeline->Illuminate\\Pipeline\\{closure}()
#47 /home/u411614341/domains/cms.oraclemachinetech.com/public_html/vendor/laravel/framework/src/Illuminate/Foundation/Http/Middleware/ConvertEmptyStringsToNull.php(31): Illuminate\\Foundation\\Http\\Middleware\\TransformsRequest->handle()
#48 /home/u411614341/domains/cms.oraclemachinetech.com/public_html/vendor/laravel/framework/src/Illuminate/Pipeline/Pipeline.php(180): Illuminate\\Foundation\\Http\\Middleware\\ConvertEmptyStringsToNull->handle()
#49 /home/u411614341/domains/cms.oraclemachinetech.com/public_html/vendor/laravel/framework/src/Illuminate/Foundation/Http/Middleware/TransformsRequest.php(21): Illuminate\\Pipeline\\Pipeline->Illuminate\\Pipeline\\{closure}()
#50 /home/u411614341/domains/cms.oraclemachinetech.com/public_html/vendor/laravel/framework/src/Illuminate/Foundation/Http/Middleware/TrimStrings.php(40): Illuminate\\Foundation\\Http\\Middleware\\TransformsRequest->handle()
#51 /home/u411614341/domains/cms.oraclemachinetech.com/public_html/vendor/laravel/framework/src/Illuminate/Pipeline/Pipeline.php(180): Illuminate\\Foundation\\Http\\Middleware\\TrimStrings->handle()
#52 /home/u411614341/domains/cms.oraclemachinetech.com/public_html/vendor/laravel/framework/src/Illuminate/Foundation/Http/Middleware/ValidatePostSize.php(27): Illuminate\\Pipeline\\Pipeline->Illuminate\\Pipeline\\{closure}()
#53 /home/u411614341/domains/cms.oraclemachinetech.com/public_html/vendor/laravel/framework/src/Illuminate/Pipeline/Pipeline.php(180): Illuminate\\Foundation\\Http\\Middleware\\ValidatePostSize->handle()
#54 /home/u411614341/domains/cms.oraclemachinetech.com/public_html/vendor/laravel/framework/src/Illuminate/Foundation/Http/Middleware/PreventRequestsDuringMaintenance.php(89): Illuminate\\Pipeline\\Pipeline->Illuminate\\Pipeline\\{closure}()
#55 /home/u411614341/domains/cms.oraclemachinetech.com/public_html/vendor/laravel/framework/src/Illuminate/Pipeline/Pipeline.php(180): Illuminate\\Foundation\\Http\\Middleware\\PreventRequestsDuringMaintenance->handle()
#56 /home/u411614341/domains/cms.oraclemachinetech.com/public_html/vendor/laravel/framework/src/Illuminate/Http/Middleware/HandleCors.php(49): Illuminate\\Pipeline\\Pipeline->Illuminate\\Pipeline\\{closure}()
#57 /home/u411614341/domains/cms.oraclemachinetech.com/public_html/vendor/laravel/framework/src/Illuminate/Pipeline/Pipeline.php(180): Illuminate\\Http\\Middleware\\HandleCors->handle()
#58 /home/u411614341/domains/cms.oraclemachinetech.com/public_html/vendor/laravel/framework/src/Illuminate/Http/Middleware/TrustProxies.php(39): Illuminate\\Pipeline\\Pipeline->Illuminate\\Pipeline\\{closure}()
#59 /home/u411614341/domains/cms.oraclemachinetech.com/public_html/vendor/laravel/framework/src/Illuminate/Pipeline/Pipeline.php(180): Illuminate\\Http\\Middleware\\TrustProxies->handle()
#60 /home/u411614341/domains/cms.oraclemachinetech.com/public_html/vendor/laravel/framework/src/Illuminate/Pipeline/Pipeline.php(116): Illuminate\\Pipeline\\Pipeline->Illuminate\\Pipeline\\{closure}()
#61 /home/u411614341/domains/cms.oraclemachinetech.com/public_html/vendor/laravel/framework/src/Illuminate/Foundation/Http/Kernel.php(175): Illuminate\\Pipeline\\Pipeline->then()
#62 /home/u411614341/domains/cms.oraclemachinetech.com/public_html/vendor/laravel/framework/src/Illuminate/Foundation/Http/Kernel.php(144): Illuminate\\Foundation\\Http\\Kernel->sendRequestThroughRouter()
#63 /home/u411614341/domains/cms.oraclemachinetech.com/public_html/index.php(52): Illuminate\\Foundation\\Http\\Kernel->handle()
#64 {main}

[previous exception] [object] (PDOException(code: 42S02): SQLSTATE[42S02]: Base table or view not found: 1146 Table 'u411614341_Invoice.invetry' doesn't exist at /home/u411614341/domains/cms.oraclemachinetech.com/public_html/vendor/laravel/framework/src/Illuminate/Database/Connection.php:416)
[stacktrace]
#0 /home/u411614341/domains/cms.oraclemachinetech.com/public_html/vendor/laravel/framework/src/Illuminate/Database/Connection.php(416): PDO->prepare()
#1 /home/u411614341/domains/cms.oraclemachinetech.com/public_html/vendor/laravel/framework/src/Illuminate/Database/Connection.php(788): Illuminate\\Database\\Connection->Illuminate\\Database\\{closure}()
#2 /home/u411614341/domains/cms.oraclemachinetech.com/public_html/vendor/laravel/framework/src/Illuminate/Database/Connection.php(755): Illuminate\\Database\\Connection->runQueryCallback()
#3 /home/u411614341/domains/cms.oraclemachinetech.com/public_html/vendor/laravel/framework/src/Illuminate/Database/Connection.php(424): Illuminate\\Database\\Connection->run()
#4 /home/u411614341/domains/cms.oraclemachinetech.com/public_html/vendor/laravel/framework/src/Illuminate/Database/Query/Builder.php(2752): Illuminate\\Database\\Connection->select()
#5 /home/u411614341/domains/cms.oraclemachinetech.com/public_html/vendor/laravel/framework/src/Illuminate/Database/Query/Builder.php(2740): Illuminate\\Database\\Query\\Builder->runSelect()
#6 /home/u411614341/domains/cms.oraclemachinetech.com/public_html/vendor/laravel/framework/src/Illuminate/Database/Query/Builder.php(3294): Illuminate\\Database\\Query\\Builder->Illuminate\\Database\\Query\\{closure}()
#7 /home/u411614341/domains/cms.oraclemachinetech.com/public_html/vendor/laravel/framework/src/Illuminate/Database/Query/Builder.php(2741): Illuminate\\Database\\Query\\Builder->onceWithColumns()
#8 /home/u411614341/domains/cms.oraclemachinetech.com/public_html/vendor/laravel/framework/src/Illuminate/Database/Eloquent/Builder.php(737): Illuminate\\Database\\Query\\Builder->get()
#9 /home/u411614341/domains/cms.oraclemachinetech.com/public_html/vendor/laravel/framework/src/Illuminate/Database/Eloquent/Builder.php(721): Illuminate\\Database\\Eloquent\\Builder->getModels()
#10 /home/u411614341/domains/cms.oraclemachinetech.com/public_html/storage/framework/views/247bb16d08a04aa3df604e54550351d6.php(26): Illuminate\\Database\\Eloquent\\Builder->get()
#11 /home/u411614341/domains/cms.oraclemachinetech.com/public_html/vendor/laravel/framework/src/Illuminate/Filesystem/Filesystem.php(124): require('/home/u41161434...')
#12 /home/u411614341/domains/cms.oraclemachinetech.com/public_html/vendor/laravel/framework/src/Illuminate/Filesystem/Filesystem.php(125): Illuminate\\Filesystem\\Filesystem::Illuminate\\Filesystem\\{closure}()
#13 /home/u411614341/domains/cms.oraclemachinetech.com/public_html/vendor/laravel/framework/src/Illuminate/View/Engines/PhpEngine.php(58): Illuminate\\Filesystem\\Filesystem->getRequire()
#14 /home/u411614341/domains/cms.oraclemachinetech.com/public_html/vendor/laravel/framework/src/Illuminate/View/Engines/CompilerEngine.php(72): Illuminate\\View\\Engines\\PhpEngine->evaluatePath()
#15 /home/u411614341/domains/cms.oraclemachinetech.com/public_html/vendor/laravel/framework/src/Illuminate/View/View.php(195): Illuminate\\View\\Engines\\CompilerEngine->get()
#16 /home/u411614341/domains/cms.oraclemachinetech.com/public_html/vendor/laravel/framework/src/Illuminate/View/View.php(178): Illuminate\\View\\View->getContents()
#17 /home/u411614341/domains/cms.oraclemachinetech.com/public_html/vendor/laravel/framework/src/Illuminate/View/View.php(147): Illuminate\\View\\View->renderContents()
#18 /home/u411614341/domains/cms.oraclemachinetech.com/public_html/vendor/laravel/framework/src/Illuminate/Http/Response.php(69): Illuminate\\View\\View->render()
#19 /home/u411614341/domains/cms.oraclemachinetech.com/public_html/vendor/laravel/framework/src/Illuminate/Http/Response.php(35): Illuminate\\Http\\Response->setContent()
#20 /home/u411614341/domains/cms.oraclemachinetech.com/public_html/vendor/laravel/framework/src/Illuminate/Routing/Router.php(911): Illuminate\\Http\\Response->__construct()
#21 /home/u411614341/domains/cms.oraclemachinetech.com/public_html/vendor/laravel/framework/src/Illuminate/Routing/Router.php(878): Illuminate\\Routing\\Router::toResponse()
#22 /home/u411614341/domains/cms.oraclemachinetech.com/public_html/vendor/laravel/framework/src/Illuminate/Routing/Router.php(799): Illuminate\\Routing\\Router->prepareResponse()
#23 /home/u411614341/domains/cms.oraclemachinetech.com/public_html/vendor/laravel/framework/src/Illuminate/Pipeline/Pipeline.php(141): Illuminate\\Routing\\Router->Illuminate\\Routing\\{closure}()
#24 /home/u411614341/domains/cms.oraclemachinetech.com/public_html/vendor/laravel/framework/src/Illuminate/Routing/Middleware/SubstituteBindings.php(50): Illuminate\\Pipeline\\Pipeline->Illuminate\\Pipeline\\{closure}()
#25 /home/u411614341/domains/cms.oraclemachinetech.com/public_html/vendor/laravel/framework/src/Illuminate/Pipeline/Pipeline.php(180): Illuminate\\Routing\\Middleware\\SubstituteBindings->handle()
#26 /home/u411614341/domains/cms.oraclemachinetech.com/public_html/vendor/laravel/framework/src/Illuminate/Auth/Middleware/Authenticate.php(57): Illuminate\\Pipeline\\Pipeline->Illuminate\\Pipeline\\{closure}()
#27 /home/u411614341/domains/cms.oraclemachinetech.com/public_html/vendor/laravel/framework/src/Illuminate/Pipeline/Pipeline.php(180): Illuminate\\Auth\\Middleware\\Authenticate->handle()
#28 /home/u411614341/domains/cms.oraclemachinetech.com/public_html/app/Http/Middleware/Localization.php(24): Illuminate\\Pipeline\\Pipeline->Illuminate\\Pipeline\\{closure}()
#29 /home/u411614341/domains/cms.oraclemachinetech.com/public_html/vendor/laravel/framework/src/Illuminate/Pipeline/Pipeline.php(180): App\\Http\\Middleware\\Localization->handle()
#30 /home/u411614341/domains/cms.oraclemachinetech.com/public_html/vendor/laravel/framework/src/Illuminate/Foundation/Http/Middleware/VerifyCsrfToken.php(78): Illuminate\\Pipeline\\Pipeline->Illuminate\\Pipeline\\{closure}()
#31 /home/u411614341/domains/cms.oraclemachinetech.com/public_html/vendor/laravel/framework/src/Illuminate/Pipeline/Pipeline.php(180): Illuminate\\Foundation\\Http\\Middleware\\VerifyCsrfToken->handle()
#32 /home/u411614341/domains/cms.oraclemachinetech.com/public_html/vendor/laravel/framework/src/Illuminate/View/Middleware/ShareErrorsFromSession.php(49): Illuminate\\Pipeline\\Pipeline->Illuminate\\Pipeline\\{closure}()
#33 /home/u411614341/domains/cms.oraclemachinetech.com/public_html/vendor/laravel/framework/src/Illuminate/Pipeline/Pipeline.php(180): Illuminate\\View\\Middleware\\ShareErrorsFromSession->handle()
#34 /home/u411614341/domains/cms.oraclemachinetech.com/public_html/vendor/laravel/framework/src/Illuminate/Session/Middleware/StartSession.php(121): Illuminate\\Pipeline\\Pipeline->Illuminate\\Pipeline\\{closure}()
#35 /home/u411614341/domains/cms.oraclemachinetech.com/public_html/vendor/laravel/framework/src/Illuminate/Session/Middleware/StartSession.php(64): Illuminate\\Session\\Middleware\\StartSession->handleStatefulRequest()
#36 /home/u411614341/domains/cms.oraclemachinetech.com/public_html/vendor/laravel/framework/src/Illuminate/Pipeline/Pipeline.php(180): Illuminate\\Session\\Middleware\\StartSession->handle()
#37 /home/u411614341/domains/cms.oraclemachinetech.com/public_html/vendor/laravel/framework/src/Illuminate/Cookie/Middleware/AddQueuedCookiesToResponse.php(37): Illuminate\\Pipeline\\Pipeline->Illuminate\\Pipeline\\{closure}()
#38 /home/u411614341/domains/cms.oraclemachinetech.com/public_html/vendor/laravel/framework/src/Illuminate/Pipeline/Pipeline.php(180): Illuminate\\Cookie\\Middleware\\AddQueuedCookiesToResponse->handle()
#39 /home/u411614341/domains/cms.oraclemachinetech.com/public_html/vendor/laravel/framework/src/Illuminate/Cookie/Middleware/EncryptCookies.php(67): Illuminate\\Pipeline\\Pipeline->Illuminate\\Pipeline\\{closure}()
#40 /home/u411614341/domains/cms.oraclemachinetech.com/public_html/vendor/laravel/framework/src/Illuminate/Pipeline/Pipeline.php(180): Illuminate\\Cookie\\Middleware\\EncryptCookies->handle()
#41 /home/u411614341/domains/cms.oraclemachinetech.com/public_html/vendor/laravel/framework/src/Illuminate/Pipeline/Pipeline.php(116): Illuminate\\Pipeline\\Pipeline->Illuminate\\Pipeline\\{closure}()
#42 /home/u411614341/domains/cms.oraclemachinetech.com/public_html/vendor/laravel/framework/src/Illuminate/Routing/Router.php(800): Illuminate\\Pipeline\\Pipeline->then()
#43 /home/u411614341/domains/cms.oraclemachinetech.com/public_html/vendor/laravel/framework/src/Illuminate/Routing/Router.php(777): Illuminate\\Routing\\Router->runRouteWithinStack()
#44 /home/u411614341/domains/cms.oraclemachinetech.com/public_html/vendor/laravel/framework/src/Illuminate/Routing/Router.php(741): Illuminate\\Routing\\Router->runRoute()
#45 /home/u411614341/domains/cms.oraclemachinetech.com/public_html/vendor/laravel/framework/src/Illuminate/Routing/Router.php(730): Illuminate\\Routing\\Router->dispatchToRoute()
#46 /home/u411614341/domains/cms.oraclemachinetech.com/public_html/vendor/laravel/framework/src/Illuminate/Foundation/Http/Kernel.php(200): Illuminate\\Routing\\Router->dispatch()
#47 /home/u411614341/domains/cms.oraclemachinetech.com/public_html/vendor/laravel/framework/src/Illuminate/Pipeline/Pipeline.php(141): Illuminate\\Foundation\\Http\\Kernel->Illuminate\\Foundation\\Http\\{closure}()
#48 /home/u411614341/domains/cms.oraclemachinetech.com/public_html/vendor/laravel/framework/src/Illuminate/Foundation/Http/Middleware/TransformsRequest.php(21): Illuminate\\Pipeline\\Pipeline->Illuminate\\Pipeline\\{closure}()
#49 /home/u411614341/domains/cms.oraclemachinetech.com/public_html/vendor/laravel/framework/src/Illuminate/Foundation/Http/Middleware/ConvertEmptyStringsToNull.php(31): Illuminate\\Foundation\\Http\\Middleware\\TransformsRequest->handle()
#50 /home/u411614341/domains/cms.oraclemachinetech.com/public_html/vendor/laravel/framework/src/Illuminate/Pipeline/Pipeline.php(180): Illuminate\\Foundation\\Http\\Middleware\\ConvertEmptyStringsToNull->handle()
#51 /home/u411614341/domains/cms.oraclemachinetech.com/public_html/vendor/laravel/framework/src/Illuminate/Foundation/Http/Middleware/TransformsRequest.php(21): Illuminate\\Pipeline\\Pipeline->Illuminate\\Pipeline\\{closure}()
#52 /home/u411614341/domains/cms.oraclemachinetech.com/public_html/vendor/laravel/framework/src/Illuminate/Foundation/Http/Middleware/TrimStrings.php(40): Illuminate\\Foundation\\Http\\Middleware\\TransformsRequest->handle()
#53 /home/u411614341/domains/cms.oraclemachinetech.com/public_html/vendor/laravel/framework/src/Illuminate/Pipeline/Pipeline.php(180): Illuminate\\Foundation\\Http\\Middleware\\TrimStrings->handle()
#54 /home/u411614341/domains/cms.oraclemachinetech.com/public_html/vendor/laravel/framework/src/Illuminate/Foundation/Http/Middleware/ValidatePostSize.php(27): Illuminate\\Pipeline\\Pipeline->Illuminate\\Pipeline\\{closure}()
#55 /home/u411614341/domains/cms.oraclemachinetech.com/public_html/vendor/laravel/framework/src/Illuminate/Pipeline/Pipeline.php(180): Illuminate\\Foundation\\Http\\Middleware\\ValidatePostSize->handle()
#56 /home/u411614341/domains/cms.oraclemachinetech.com/public_html/vendor/laravel/framework/src/Illuminate/Foundation/Http/Middleware/PreventRequestsDuringMaintenance.php(89): Illuminate\\Pipeline\\Pipeline->Illuminate\\Pipeline\\{closure}()
#57 /home/u411614341/domains/cms.oraclemachinetech.com/public_html/vendor/laravel/framework/src/Illuminate/Pipeline/Pipeline.php(180): Illuminate\\Foundation\\Http\\Middleware\\PreventRequestsDuringMaintenance->handle()
#58 /home/u411614341/domains/cms.oraclemachinetech.com/public_html/vendor/laravel/framework/src/Illuminate/Http/Middleware/HandleCors.php(49): Illuminate\\Pipeline\\Pipeline->Illuminate\\Pipeline\\{closure}()
#59 /home/u411614341/domains/cms.oraclemachinetech.com/public_html/vendor/laravel/framework/src/Illuminate/Pipeline/Pipeline.php(180): Illuminate\\Http\\Middleware\\HandleCors->handle()
#60 /home/u411614341/domains/cms.oraclemachinetech.com/public_html/vendor/laravel/framework/src/Illuminate/Http/Middleware/TrustProxies.php(39): Illuminate\\Pipeline\\Pipeline->Illuminate\\Pipeline\\{closure}()
#61 /home/u411614341/domains/cms.oraclemachinetech.com/public_html/vendor/laravel/framework/src/Illuminate/Pipeline/Pipeline.php(180): Illuminate\\Http\\Middleware\\TrustProxies->handle()
#62 /home/u411614341/domains/cms.oraclemachinetech.com/public_html/vendor/laravel/framework/src/Illuminate/Pipeline/Pipeline.php(116): Illuminate\\Pipeline\\Pipeline->Illuminate\\Pipeline\\{closure}()
#63 /home/u411614341/domains/cms.oraclemachinetech.com/public_html/vendor/laravel/framework/src/Illuminate/Foundation/Http/Kernel.php(175): Illuminate\\Pipeline\\Pipeline->then()
#64 /home/u411614341/domains/cms.oraclemachinetech.com/public_html/vendor/laravel/framework/src/Illuminate/Foundation/Http/Kernel.php(144): Illuminate\\Foundation\\Http\\Kernel->sendRequestThroughRouter()
#65 /home/u411614341/domains/cms.oraclemachinetech.com/public_html/index.php(52): Illuminate\\Foundation\\Http\\Kernel->handle()
#66 {main}
"} 
[2024-11-27 10:37:04] local.ERROR: SQLSTATE[42S22]: Column not found: 1054 Unknown column 'product.name' in 'SELECT' (Connection: mysql, SQL: select `invetry`.*, `product`.`name` as `product_name` from `invetry` left join `product` on `invetry`.`product_id` = `product`.`id` order by `invetry`.`id` desc) {"view":{"view":"/home/u411614341/domains/cms.oraclemachinetech.com/public_html/resources/views/inventrylist.blade.php","data":[]},"userId":1,"exception":"[object] (Spatie\\LaravelIgnition\\Exceptions\\ViewException(code: 0): SQLSTATE[42S22]: Column not found: 1054 Unknown column 'product.name' in 'SELECT' (Connection: mysql, SQL: select `invetry`.*, `product`.`name` as `product_name` from `invetry` left join `product` on `invetry`.`product_id` = `product`.`id` order by `invetry`.`id` desc) at /home/u411614341/domains/cms.oraclemachinetech.com/public_html/vendor/laravel/framework/src/Illuminate/Database/Connection.php:801)
[stacktrace]
#0 /home/u411614341/domains/cms.oraclemachinetech.com/public_html/vendor/laravel/framework/src/Illuminate/Database/Connection.php(755): Illuminate\\Database\\Connection->runQueryCallback()
#1 /home/u411614341/domains/cms.oraclemachinetech.com/public_html/vendor/laravel/framework/src/Illuminate/Database/Connection.php(424): Illuminate\\Database\\Connection->run()
#2 /home/u411614341/domains/cms.oraclemachinetech.com/public_html/vendor/laravel/framework/src/Illuminate/Database/Query/Builder.php(2752): Illuminate\\Database\\Connection->select()
#3 /home/u411614341/domains/cms.oraclemachinetech.com/public_html/vendor/laravel/framework/src/Illuminate/Database/Query/Builder.php(2740): Illuminate\\Database\\Query\\Builder->runSelect()
#4 /home/u411614341/domains/cms.oraclemachinetech.com/public_html/vendor/laravel/framework/src/Illuminate/Database/Query/Builder.php(3294): Illuminate\\Database\\Query\\Builder->Illuminate\\Database\\Query\\{closure}()
#5 /home/u411614341/domains/cms.oraclemachinetech.com/public_html/vendor/laravel/framework/src/Illuminate/Database/Query/Builder.php(2741): Illuminate\\Database\\Query\\Builder->onceWithColumns()
#6 /home/u411614341/domains/cms.oraclemachinetech.com/public_html/vendor/laravel/framework/src/Illuminate/Database/Eloquent/Builder.php(737): Illuminate\\Database\\Query\\Builder->get()
#7 /home/u411614341/domains/cms.oraclemachinetech.com/public_html/vendor/laravel/framework/src/Illuminate/Database/Eloquent/Builder.php(721): Illuminate\\Database\\Eloquent\\Builder->getModels()
#8 /home/u411614341/domains/cms.oraclemachinetech.com/public_html/resources/views/inventrylist.blade.php(22): Illuminate\\Database\\Eloquent\\Builder->get()
#9 /home/u411614341/domains/cms.oraclemachinetech.com/public_html/vendor/laravel/framework/src/Illuminate/Filesystem/Filesystem.php(124): require('/home/u41161434...')
#10 /home/u411614341/domains/cms.oraclemachinetech.com/public_html/vendor/laravel/framework/src/Illuminate/Filesystem/Filesystem.php(125): Illuminate\\Filesystem\\Filesystem::Illuminate\\Filesystem\\{closure}()
#11 /home/u411614341/domains/cms.oraclemachinetech.com/public_html/vendor/laravel/framework/src/Illuminate/View/Engines/PhpEngine.php(58): Illuminate\\Filesystem\\Filesystem->getRequire()
#12 /home/u411614341/domains/cms.oraclemachinetech.com/public_html/vendor/laravel/framework/src/Illuminate/View/Engines/CompilerEngine.php(72): Illuminate\\View\\Engines\\PhpEngine->evaluatePath()
#13 /home/u411614341/domains/cms.oraclemachinetech.com/public_html/vendor/laravel/framework/src/Illuminate/View/View.php(195): Illuminate\\View\\Engines\\CompilerEngine->get()
#14 /home/u411614341/domains/cms.oraclemachinetech.com/public_html/vendor/laravel/framework/src/Illuminate/View/View.php(178): Illuminate\\View\\View->getContents()
#15 /home/u411614341/domains/cms.oraclemachinetech.com/public_html/vendor/laravel/framework/src/Illuminate/View/View.php(147): Illuminate\\View\\View->renderContents()
#16 /home/u411614341/domains/cms.oraclemachinetech.com/public_html/vendor/laravel/framework/src/Illuminate/Http/Response.php(69): Illuminate\\View\\View->render()
#17 /home/u411614341/domains/cms.oraclemachinetech.com/public_html/vendor/laravel/framework/src/Illuminate/Http/Response.php(35): Illuminate\\Http\\Response->setContent()
#18 /home/u411614341/domains/cms.oraclemachinetech.com/public_html/vendor/laravel/framework/src/Illuminate/Routing/Router.php(911): Illuminate\\Http\\Response->__construct()
#19 /home/u411614341/domains/cms.oraclemachinetech.com/public_html/vendor/laravel/framework/src/Illuminate/Routing/Router.php(878): Illuminate\\Routing\\Router::toResponse()
#20 /home/u411614341/domains/cms.oraclemachinetech.com/public_html/vendor/laravel/framework/src/Illuminate/Routing/Router.php(799): Illuminate\\Routing\\Router->prepareResponse()
#21 /home/u411614341/domains/cms.oraclemachinetech.com/public_html/vendor/laravel/framework/src/Illuminate/Pipeline/Pipeline.php(141): Illuminate\\Routing\\Router->Illuminate\\Routing\\{closure}()
#22 /home/u411614341/domains/cms.oraclemachinetech.com/public_html/vendor/laravel/framework/src/Illuminate/Routing/Middleware/SubstituteBindings.php(50): Illuminate\\Pipeline\\Pipeline->Illuminate\\Pipeline\\{closure}()
#23 /home/u411614341/domains/cms.oraclemachinetech.com/public_html/vendor/laravel/framework/src/Illuminate/Pipeline/Pipeline.php(180): Illuminate\\Routing\\Middleware\\SubstituteBindings->handle()
#24 /home/u411614341/domains/cms.oraclemachinetech.com/public_html/vendor/laravel/framework/src/Illuminate/Auth/Middleware/Authenticate.php(57): Illuminate\\Pipeline\\Pipeline->Illuminate\\Pipeline\\{closure}()
#25 /home/u411614341/domains/cms.oraclemachinetech.com/public_html/vendor/laravel/framework/src/Illuminate/Pipeline/Pipeline.php(180): Illuminate\\Auth\\Middleware\\Authenticate->handle()
#26 /home/u411614341/domains/cms.oraclemachinetech.com/public_html/app/Http/Middleware/Localization.php(24): Illuminate\\Pipeline\\Pipeline->Illuminate\\Pipeline\\{closure}()
#27 /home/u411614341/domains/cms.oraclemachinetech.com/public_html/vendor/laravel/framework/src/Illuminate/Pipeline/Pipeline.php(180): App\\Http\\Middleware\\Localization->handle()
#28 /home/u411614341/domains/cms.oraclemachinetech.com/public_html/vendor/laravel/framework/src/Illuminate/Foundation/Http/Middleware/VerifyCsrfToken.php(78): Illuminate\\Pipeline\\Pipeline->Illuminate\\Pipeline\\{closure}()
#29 /home/u411614341/domains/cms.oraclemachinetech.com/public_html/vendor/laravel/framework/src/Illuminate/Pipeline/Pipeline.php(180): Illuminate\\Foundation\\Http\\Middleware\\VerifyCsrfToken->handle()
#30 /home/u411614341/domains/cms.oraclemachinetech.com/public_html/vendor/laravel/framework/src/Illuminate/View/Middleware/ShareErrorsFromSession.php(49): Illuminate\\Pipeline\\Pipeline->Illuminate\\Pipeline\\{closure}()
#31 /home/u411614341/domains/cms.oraclemachinetech.com/public_html/vendor/laravel/framework/src/Illuminate/Pipeline/Pipeline.php(180): Illuminate\\View\\Middleware\\ShareErrorsFromSession->handle()
#32 /home/u411614341/domains/cms.oraclemachinetech.com/public_html/vendor/laravel/framework/src/Illuminate/Session/Middleware/StartSession.php(121): Illuminate\\Pipeline\\Pipeline->Illuminate\\Pipeline\\{closure}()
#33 /home/u411614341/domains/cms.oraclemachinetech.com/public_html/vendor/laravel/framework/src/Illuminate/Session/Middleware/StartSession.php(64): Illuminate\\Session\\Middleware\\StartSession->handleStatefulRequest()
#34 /home/u411614341/domains/cms.oraclemachinetech.com/public_html/vendor/laravel/framework/src/Illuminate/Pipeline/Pipeline.php(180): Illuminate\\Session\\Middleware\\StartSession->handle()
#35 /home/u411614341/domains/cms.oraclemachinetech.com/public_html/vendor/laravel/framework/src/Illuminate/Cookie/Middleware/AddQueuedCookiesToResponse.php(37): Illuminate\\Pipeline\\Pipeline->Illuminate\\Pipeline\\{closure}()
#36 /home/u411614341/domains/cms.oraclemachinetech.com/public_html/vendor/laravel/framework/src/Illuminate/Pipeline/Pipeline.php(180): Illuminate\\Cookie\\Middleware\\AddQueuedCookiesToResponse->handle()
#37 /home/u411614341/domains/cms.oraclemachinetech.com/public_html/vendor/laravel/framework/src/Illuminate/Cookie/Middleware/EncryptCookies.php(67): Illuminate\\Pipeline\\Pipeline->Illuminate\\Pipeline\\{closure}()
#38 /home/u411614341/domains/cms.oraclemachinetech.com/public_html/vendor/laravel/framework/src/Illuminate/Pipeline/Pipeline.php(180): Illuminate\\Cookie\\Middleware\\EncryptCookies->handle()
#39 /home/u411614341/domains/cms.oraclemachinetech.com/public_html/vendor/laravel/framework/src/Illuminate/Pipeline/Pipeline.php(116): Illuminate\\Pipeline\\Pipeline->Illuminate\\Pipeline\\{closure}()
#40 /home/u411614341/domains/cms.oraclemachinetech.com/public_html/vendor/laravel/framework/src/Illuminate/Routing/Router.php(800): Illuminate\\Pipeline\\Pipeline->then()
#41 /home/u411614341/domains/cms.oraclemachinetech.com/public_html/vendor/laravel/framework/src/Illuminate/Routing/Router.php(777): Illuminate\\Routing\\Router->runRouteWithinStack()
#42 /home/u411614341/domains/cms.oraclemachinetech.com/public_html/vendor/laravel/framework/src/Illuminate/Routing/Router.php(741): Illuminate\\Routing\\Router->runRoute()
#43 /home/u411614341/domains/cms.oraclemachinetech.com/public_html/vendor/laravel/framework/src/Illuminate/Routing/Router.php(730): Illuminate\\Routing\\Router->dispatchToRoute()
#44 /home/u411614341/domains/cms.oraclemachinetech.com/public_html/vendor/laravel/framework/src/Illuminate/Foundation/Http/Kernel.php(200): Illuminate\\Routing\\Router->dispatch()
#45 /home/u411614341/domains/cms.oraclemachinetech.com/public_html/vendor/laravel/framework/src/Illuminate/Pipeline/Pipeline.php(141): Illuminate\\Foundation\\Http\\Kernel->Illuminate\\Foundation\\Http\\{closure}()
#46 /home/u411614341/domains/cms.oraclemachinetech.com/public_html/vendor/laravel/framework/src/Illuminate/Foundation/Http/Middleware/TransformsRequest.php(21): Illuminate\\Pipeline\\Pipeline->Illuminate\\Pipeline\\{closure}()
#47 /home/u411614341/domains/cms.oraclemachinetech.com/public_html/vendor/laravel/framework/src/Illuminate/Foundation/Http/Middleware/ConvertEmptyStringsToNull.php(31): Illuminate\\Foundation\\Http\\Middleware\\TransformsRequest->handle()
#48 /home/u411614341/domains/cms.oraclemachinetech.com/public_html/vendor/laravel/framework/src/Illuminate/Pipeline/Pipeline.php(180): Illuminate\\Foundation\\Http\\Middleware\\ConvertEmptyStringsToNull->handle()
#49 /home/u411614341/domains/cms.oraclemachinetech.com/public_html/vendor/laravel/framework/src/Illuminate/Foundation/Http/Middleware/TransformsRequest.php(21): Illuminate\\Pipeline\\Pipeline->Illuminate\\Pipeline\\{closure}()
#50 /home/u411614341/domains/cms.oraclemachinetech.com/public_html/vendor/laravel/framework/src/Illuminate/Foundation/Http/Middleware/TrimStrings.php(40): Illuminate\\Foundation\\Http\\Middleware\\TransformsRequest->handle()
#51 /home/u411614341/domains/cms.oraclemachinetech.com/public_html/vendor/laravel/framework/src/Illuminate/Pipeline/Pipeline.php(180): Illuminate\\Foundation\\Http\\Middleware\\TrimStrings->handle()
#52 /home/u411614341/domains/cms.oraclemachinetech.com/public_html/vendor/laravel/framework/src/Illuminate/Foundation/Http/Middleware/ValidatePostSize.php(27): Illuminate\\Pipeline\\Pipeline->Illuminate\\Pipeline\\{closure}()
#53 /home/u411614341/domains/cms.oraclemachinetech.com/public_html/vendor/laravel/framework/src/Illuminate/Pipeline/Pipeline.php(180): Illuminate\\Foundation\\Http\\Middleware\\ValidatePostSize->handle()
#54 /home/u411614341/domains/cms.oraclemachinetech.com/public_html/vendor/laravel/framework/src/Illuminate/Foundation/Http/Middleware/PreventRequestsDuringMaintenance.php(89): Illuminate\\Pipeline\\Pipeline->Illuminate\\Pipeline\\{closure}()
#55 /home/u411614341/domains/cms.oraclemachinetech.com/public_html/vendor/laravel/framework/src/Illuminate/Pipeline/Pipeline.php(180): Illuminate\\Foundation\\Http\\Middleware\\PreventRequestsDuringMaintenance->handle()
#56 /home/u411614341/domains/cms.oraclemachinetech.com/public_html/vendor/laravel/framework/src/Illuminate/Http/Middleware/HandleCors.php(49): Illuminate\\Pipeline\\Pipeline->Illuminate\\Pipeline\\{closure}()
#57 /home/u411614341/domains/cms.oraclemachinetech.com/public_html/vendor/laravel/framework/src/Illuminate/Pipeline/Pipeline.php(180): Illuminate\\Http\\Middleware\\HandleCors->handle()
#58 /home/u411614341/domains/cms.oraclemachinetech.com/public_html/vendor/laravel/framework/src/Illuminate/Http/Middleware/TrustProxies.php(39): Illuminate\\Pipeline\\Pipeline->Illuminate\\Pipeline\\{closure}()
#59 /home/u411614341/domains/cms.oraclemachinetech.com/public_html/vendor/laravel/framework/src/Illuminate/Pipeline/Pipeline.php(180): Illuminate\\Http\\Middleware\\TrustProxies->handle()
#60 /home/u411614341/domains/cms.oraclemachinetech.com/public_html/vendor/laravel/framework/src/Illuminate/Pipeline/Pipeline.php(116): Illuminate\\Pipeline\\Pipeline->Illuminate\\Pipeline\\{closure}()
#61 /home/u411614341/domains/cms.oraclemachinetech.com/public_html/vendor/laravel/framework/src/Illuminate/Foundation/Http/Kernel.php(175): Illuminate\\Pipeline\\Pipeline->then()
#62 /home/u411614341/domains/cms.oraclemachinetech.com/public_html/vendor/laravel/framework/src/Illuminate/Foundation/Http/Kernel.php(144): Illuminate\\Foundation\\Http\\Kernel->sendRequestThroughRouter()
#63 /home/u411614341/domains/cms.oraclemachinetech.com/public_html/index.php(52): Illuminate\\Foundation\\Http\\Kernel->handle()
#64 {main}

[previous exception] [object] (Illuminate\\Database\\QueryException(code: 42S22): SQLSTATE[42S22]: Column not found: 1054 Unknown column 'product.name' in 'SELECT' (Connection: mysql, SQL: select `invetry`.*, `product`.`name` as `product_name` from `invetry` left join `product` on `invetry`.`product_id` = `product`.`id` order by `invetry`.`id` desc) at /home/u411614341/domains/cms.oraclemachinetech.com/public_html/vendor/laravel/framework/src/Illuminate/Database/Connection.php:801)
[stacktrace]
#0 /home/u411614341/domains/cms.oraclemachinetech.com/public_html/vendor/laravel/framework/src/Illuminate/Database/Connection.php(755): Illuminate\\Database\\Connection->runQueryCallback()
#1 /home/u411614341/domains/cms.oraclemachinetech.com/public_html/vendor/laravel/framework/src/Illuminate/Database/Connection.php(424): Illuminate\\Database\\Connection->run()
#2 /home/u411614341/domains/cms.oraclemachinetech.com/public_html/vendor/laravel/framework/src/Illuminate/Database/Query/Builder.php(2752): Illuminate\\Database\\Connection->select()
#3 /home/u411614341/domains/cms.oraclemachinetech.com/public_html/vendor/laravel/framework/src/Illuminate/Database/Query/Builder.php(2740): Illuminate\\Database\\Query\\Builder->runSelect()
#4 /home/u411614341/domains/cms.oraclemachinetech.com/public_html/vendor/laravel/framework/src/Illuminate/Database/Query/Builder.php(3294): Illuminate\\Database\\Query\\Builder->Illuminate\\Database\\Query\\{closure}()
#5 /home/u411614341/domains/cms.oraclemachinetech.com/public_html/vendor/laravel/framework/src/Illuminate/Database/Query/Builder.php(2741): Illuminate\\Database\\Query\\Builder->onceWithColumns()
#6 /home/u411614341/domains/cms.oraclemachinetech.com/public_html/vendor/laravel/framework/src/Illuminate/Database/Eloquent/Builder.php(737): Illuminate\\Database\\Query\\Builder->get()
#7 /home/u411614341/domains/cms.oraclemachinetech.com/public_html/vendor/laravel/framework/src/Illuminate/Database/Eloquent/Builder.php(721): Illuminate\\Database\\Eloquent\\Builder->getModels()
#8 /home/u411614341/domains/cms.oraclemachinetech.com/public_html/storage/framework/views/247bb16d08a04aa3df604e54550351d6.php(26): Illuminate\\Database\\Eloquent\\Builder->get()
#9 /home/u411614341/domains/cms.oraclemachinetech.com/public_html/vendor/laravel/framework/src/Illuminate/Filesystem/Filesystem.php(124): require('/home/u41161434...')
#10 /home/u411614341/domains/cms.oraclemachinetech.com/public_html/vendor/laravel/framework/src/Illuminate/Filesystem/Filesystem.php(125): Illuminate\\Filesystem\\Filesystem::Illuminate\\Filesystem\\{closure}()
#11 /home/u411614341/domains/cms.oraclemachinetech.com/public_html/vendor/laravel/framework/src/Illuminate/View/Engines/PhpEngine.php(58): Illuminate\\Filesystem\\Filesystem->getRequire()
#12 /home/u411614341/domains/cms.oraclemachinetech.com/public_html/vendor/laravel/framework/src/Illuminate/View/Engines/CompilerEngine.php(72): Illuminate\\View\\Engines\\PhpEngine->evaluatePath()
#13 /home/u411614341/domains/cms.oraclemachinetech.com/public_html/vendor/laravel/framework/src/Illuminate/View/View.php(195): Illuminate\\View\\Engines\\CompilerEngine->get()
#14 /home/u411614341/domains/cms.oraclemachinetech.com/public_html/vendor/laravel/framework/src/Illuminate/View/View.php(178): Illuminate\\View\\View->getContents()
#15 /home/u411614341/domains/cms.oraclemachinetech.com/public_html/vendor/laravel/framework/src/Illuminate/View/View.php(147): Illuminate\\View\\View->renderContents()
#16 /home/u411614341/domains/cms.oraclemachinetech.com/public_html/vendor/laravel/framework/src/Illuminate/Http/Response.php(69): Illuminate\\View\\View->render()
#17 /home/u411614341/domains/cms.oraclemachinetech.com/public_html/vendor/laravel/framework/src/Illuminate/Http/Response.php(35): Illuminate\\Http\\Response->setContent()
#18 /home/u411614341/domains/cms.oraclemachinetech.com/public_html/vendor/laravel/framework/src/Illuminate/Routing/Router.php(911): Illuminate\\Http\\Response->__construct()
#19 /home/u411614341/domains/cms.oraclemachinetech.com/public_html/vendor/laravel/framework/src/Illuminate/Routing/Router.php(878): Illuminate\\Routing\\Router::toResponse()
#20 /home/u411614341/domains/cms.oraclemachinetech.com/public_html/vendor/laravel/framework/src/Illuminate/Routing/Router.php(799): Illuminate\\Routing\\Router->prepareResponse()
#21 /home/u411614341/domains/cms.oraclemachinetech.com/public_html/vendor/laravel/framework/src/Illuminate/Pipeline/Pipeline.php(141): Illuminate\\Routing\\Router->Illuminate\\Routing\\{closure}()
#22 /home/u411614341/domains/cms.oraclemachinetech.com/public_html/vendor/laravel/framework/src/Illuminate/Routing/Middleware/SubstituteBindings.php(50): Illuminate\\Pipeline\\Pipeline->Illuminate\\Pipeline\\{closure}()
#23 /home/u411614341/domains/cms.oraclemachinetech.com/public_html/vendor/laravel/framework/src/Illuminate/Pipeline/Pipeline.php(180): Illuminate\\Routing\\Middleware\\SubstituteBindings->handle()
#24 /home/u411614341/domains/cms.oraclemachinetech.com/public_html/vendor/laravel/framework/src/Illuminate/Auth/Middleware/Authenticate.php(57): Illuminate\\Pipeline\\Pipeline->Illuminate\\Pipeline\\{closure}()
#25 /home/u411614341/domains/cms.oraclemachinetech.com/public_html/vendor/laravel/framework/src/Illuminate/Pipeline/Pipeline.php(180): Illuminate\\Auth\\Middleware\\Authenticate->handle()
#26 /home/u411614341/domains/cms.oraclemachinetech.com/public_html/app/Http/Middleware/Localization.php(24): Illuminate\\Pipeline\\Pipeline->Illuminate\\Pipeline\\{closure}()
#27 /home/u411614341/domains/cms.oraclemachinetech.com/public_html/vendor/laravel/framework/src/Illuminate/Pipeline/Pipeline.php(180): App\\Http\\Middleware\\Localization->handle()
#28 /home/u411614341/domains/cms.oraclemachinetech.com/public_html/vendor/laravel/framework/src/Illuminate/Foundation/Http/Middleware/VerifyCsrfToken.php(78): Illuminate\\Pipeline\\Pipeline->Illuminate\\Pipeline\\{closure}()
#29 /home/u411614341/domains/cms.oraclemachinetech.com/public_html/vendor/laravel/framework/src/Illuminate/Pipeline/Pipeline.php(180): Illuminate\\Foundation\\Http\\Middleware\\VerifyCsrfToken->handle()
#30 /home/u411614341/domains/cms.oraclemachinetech.com/public_html/vendor/laravel/framework/src/Illuminate/View/Middleware/ShareErrorsFromSession.php(49): Illuminate\\Pipeline\\Pipeline->Illuminate\\Pipeline\\{closure}()
#31 /home/u411614341/domains/cms.oraclemachinetech.com/public_html/vendor/laravel/framework/src/Illuminate/Pipeline/Pipeline.php(180): Illuminate\\View\\Middleware\\ShareErrorsFromSession->handle()
#32 /home/u411614341/domains/cms.oraclemachinetech.com/public_html/vendor/laravel/framework/src/Illuminate/Session/Middleware/StartSession.php(121): Illuminate\\Pipeline\\Pipeline->Illuminate\\Pipeline\\{closure}()
#33 /home/u411614341/domains/cms.oraclemachinetech.com/public_html/vendor/laravel/framework/src/Illuminate/Session/Middleware/StartSession.php(64): Illuminate\\Session\\Middleware\\StartSession->handleStatefulRequest()
#34 /home/u411614341/domains/cms.oraclemachinetech.com/public_html/vendor/laravel/framework/src/Illuminate/Pipeline/Pipeline.php(180): Illuminate\\Session\\Middleware\\StartSession->handle()
#35 /home/u411614341/domains/cms.oraclemachinetech.com/public_html/vendor/laravel/framework/src/Illuminate/Cookie/Middleware/AddQueuedCookiesToResponse.php(37): Illuminate\\Pipeline\\Pipeline->Illuminate\\Pipeline\\{closure}()
#36 /home/u411614341/domains/cms.oraclemachinetech.com/public_html/vendor/laravel/framework/src/Illuminate/Pipeline/Pipeline.php(180): Illuminate\\Cookie\\Middleware\\AddQueuedCookiesToResponse->handle()
#37 /home/u411614341/domains/cms.oraclemachinetech.com/public_html/vendor/laravel/framework/src/Illuminate/Cookie/Middleware/EncryptCookies.php(67): Illuminate\\Pipeline\\Pipeline->Illuminate\\Pipeline\\{closure}()
#38 /home/u411614341/domains/cms.oraclemachinetech.com/public_html/vendor/laravel/framework/src/Illuminate/Pipeline/Pipeline.php(180): Illuminate\\Cookie\\Middleware\\EncryptCookies->handle()
#39 /home/u411614341/domains/cms.oraclemachinetech.com/public_html/vendor/laravel/framework/src/Illuminate/Pipeline/Pipeline.php(116): Illuminate\\Pipeline\\Pipeline->Illuminate\\Pipeline\\{closure}()
#40 /home/u411614341/domains/cms.oraclemachinetech.com/public_html/vendor/laravel/framework/src/Illuminate/Routing/Router.php(800): Illuminate\\Pipeline\\Pipeline->then()
#41 /home/u411614341/domains/cms.oraclemachinetech.com/public_html/vendor/laravel/framework/src/Illuminate/Routing/Router.php(777): Illuminate\\Routing\\Router->runRouteWithinStack()
#42 /home/u411614341/domains/cms.oraclemachinetech.com/public_html/vendor/laravel/framework/src/Illuminate/Routing/Router.php(741): Illuminate\\Routing\\Router->runRoute()
#43 /home/u411614341/domains/cms.oraclemachinetech.com/public_html/vendor/laravel/framework/src/Illuminate/Routing/Router.php(730): Illuminate\\Routing\\Router->dispatchToRoute()
#44 /home/u411614341/domains/cms.oraclemachinetech.com/public_html/vendor/laravel/framework/src/Illuminate/Foundation/Http/Kernel.php(200): Illuminate\\Routing\\Router->dispatch()
#45 /home/u411614341/domains/cms.oraclemachinetech.com/public_html/vendor/laravel/framework/src/Illuminate/Pipeline/Pipeline.php(141): Illuminate\\Foundation\\Http\\Kernel->Illuminate\\Foundation\\Http\\{closure}()
#46 /home/u411614341/domains/cms.oraclemachinetech.com/public_html/vendor/laravel/framework/src/Illuminate/Foundation/Http/Middleware/TransformsRequest.php(21): Illuminate\\Pipeline\\Pipeline->Illuminate\\Pipeline\\{closure}()
#47 /home/u411614341/domains/cms.oraclemachinetech.com/public_html/vendor/laravel/framework/src/Illuminate/Foundation/Http/Middleware/ConvertEmptyStringsToNull.php(31): Illuminate\\Foundation\\Http\\Middleware\\TransformsRequest->handle()
#48 /home/u411614341/domains/cms.oraclemachinetech.com/public_html/vendor/laravel/framework/src/Illuminate/Pipeline/Pipeline.php(180): Illuminate\\Foundation\\Http\\Middleware\\ConvertEmptyStringsToNull->handle()
#49 /home/u411614341/domains/cms.oraclemachinetech.com/public_html/vendor/laravel/framework/src/Illuminate/Foundation/Http/Middleware/TransformsRequest.php(21): Illuminate\\Pipeline\\Pipeline->Illuminate\\Pipeline\\{closure}()
#50 /home/u411614341/domains/cms.oraclemachinetech.com/public_html/vendor/laravel/framework/src/Illuminate/Foundation/Http/Middleware/TrimStrings.php(40): Illuminate\\Foundation\\Http\\Middleware\\TransformsRequest->handle()
#51 /home/u411614341/domains/cms.oraclemachinetech.com/public_html/vendor/laravel/framework/src/Illuminate/Pipeline/Pipeline.php(180): Illuminate\\Foundation\\Http\\Middleware\\TrimStrings->handle()
#52 /home/u411614341/domains/cms.oraclemachinetech.com/public_html/vendor/laravel/framework/src/Illuminate/Foundation/Http/Middleware/ValidatePostSize.php(27): Illuminate\\Pipeline\\Pipeline->Illuminate\\Pipeline\\{closure}()
#53 /home/u411614341/domains/cms.oraclemachinetech.com/public_html/vendor/laravel/framework/src/Illuminate/Pipeline/Pipeline.php(180): Illuminate\\Foundation\\Http\\Middleware\\ValidatePostSize->handle()
#54 /home/u411614341/domains/cms.oraclemachinetech.com/public_html/vendor/laravel/framework/src/Illuminate/Foundation/Http/Middleware/PreventRequestsDuringMaintenance.php(89): Illuminate\\Pipeline\\Pipeline->Illuminate\\Pipeline\\{closure}()
#55 /home/u411614341/domains/cms.oraclemachinetech.com/public_html/vendor/laravel/framework/src/Illuminate/Pipeline/Pipeline.php(180): Illuminate\\Foundation\\Http\\Middleware\\PreventRequestsDuringMaintenance->handle()
#56 /home/u411614341/domains/cms.oraclemachinetech.com/public_html/vendor/laravel/framework/src/Illuminate/Http/Middleware/HandleCors.php(49): Illuminate\\Pipeline\\Pipeline->Illuminate\\Pipeline\\{closure}()
#57 /home/u411614341/domains/cms.oraclemachinetech.com/public_html/vendor/laravel/framework/src/Illuminate/Pipeline/Pipeline.php(180): Illuminate\\Http\\Middleware\\HandleCors->handle()
#58 /home/u411614341/domains/cms.oraclemachinetech.com/public_html/vendor/laravel/framework/src/Illuminate/Http/Middleware/TrustProxies.php(39): Illuminate\\Pipeline\\Pipeline->Illuminate\\Pipeline\\{closure}()
#59 /home/u411614341/domains/cms.oraclemachinetech.com/public_html/vendor/laravel/framework/src/Illuminate/Pipeline/Pipeline.php(180): Illuminate\\Http\\Middleware\\TrustProxies->handle()
#60 /home/u411614341/domains/cms.oraclemachinetech.com/public_html/vendor/laravel/framework/src/Illuminate/Pipeline/Pipeline.php(116): Illuminate\\Pipeline\\Pipeline->Illuminate\\Pipeline\\{closure}()
#61 /home/u411614341/domains/cms.oraclemachinetech.com/public_html/vendor/laravel/framework/src/Illuminate/Foundation/Http/Kernel.php(175): Illuminate\\Pipeline\\Pipeline->then()
#62 /home/u411614341/domains/cms.oraclemachinetech.com/public_html/vendor/laravel/framework/src/Illuminate/Foundation/Http/Kernel.php(144): Illuminate\\Foundation\\Http\\Kernel->sendRequestThroughRouter()
#63 /home/u411614341/domains/cms.oraclemachinetech.com/public_html/index.php(52): Illuminate\\Foundation\\Http\\Kernel->handle()
#64 {main}

[previous exception] [object] (PDOException(code: 42S22): SQLSTATE[42S22]: Column not found: 1054 Unknown column 'product.name' in 'SELECT' at /home/u411614341/domains/cms.oraclemachinetech.com/public_html/vendor/laravel/framework/src/Illuminate/Database/Connection.php:416)
[stacktrace]
#0 /home/u411614341/domains/cms.oraclemachinetech.com/public_html/vendor/laravel/framework/src/Illuminate/Database/Connection.php(416): PDO->prepare()
#1 /home/u411614341/domains/cms.oraclemachinetech.com/public_html/vendor/laravel/framework/src/Illuminate/Database/Connection.php(788): Illuminate\\Database\\Connection->Illuminate\\Database\\{closure}()
#2 /home/u411614341/domains/cms.oraclemachinetech.com/public_html/vendor/laravel/framework/src/Illuminate/Database/Connection.php(755): Illuminate\\Database\\Connection->runQueryCallback()
#3 /home/u411614341/domains/cms.oraclemachinetech.com/public_html/vendor/laravel/framework/src/Illuminate/Database/Connection.php(424): Illuminate\\Database\\Connection->run()
#4 /home/u411614341/domains/cms.oraclemachinetech.com/public_html/vendor/laravel/framework/src/Illuminate/Database/Query/Builder.php(2752): Illuminate\\Database\\Connection->select()
#5 /home/u411614341/domains/cms.oraclemachinetech.com/public_html/vendor/laravel/framework/src/Illuminate/Database/Query/Builder.php(2740): Illuminate\\Database\\Query\\Builder->runSelect()
#6 /home/u411614341/domains/cms.oraclemachinetech.com/public_html/vendor/laravel/framework/src/Illuminate/Database/Query/Builder.php(3294): Illuminate\\Database\\Query\\Builder->Illuminate\\Database\\Query\\{closure}()
#7 /home/u411614341/domains/cms.oraclemachinetech.com/public_html/vendor/laravel/framework/src/Illuminate/Database/Query/Builder.php(2741): Illuminate\\Database\\Query\\Builder->onceWithColumns()
#8 /home/u411614341/domains/cms.oraclemachinetech.com/public_html/vendor/laravel/framework/src/Illuminate/Database/Eloquent/Builder.php(737): Illuminate\\Database\\Query\\Builder->get()
#9 /home/u411614341/domains/cms.oraclemachinetech.com/public_html/vendor/laravel/framework/src/Illuminate/Database/Eloquent/Builder.php(721): Illuminate\\Database\\Eloquent\\Builder->getModels()
#10 /home/u411614341/domains/cms.oraclemachinetech.com/public_html/storage/framework/views/247bb16d08a04aa3df604e54550351d6.php(26): Illuminate\\Database\\Eloquent\\Builder->get()
#11 /home/u411614341/domains/cms.oraclemachinetech.com/public_html/vendor/laravel/framework/src/Illuminate/Filesystem/Filesystem.php(124): require('/home/u41161434...')
#12 /home/u411614341/domains/cms.oraclemachinetech.com/public_html/vendor/laravel/framework/src/Illuminate/Filesystem/Filesystem.php(125): Illuminate\\Filesystem\\Filesystem::Illuminate\\Filesystem\\{closure}()
#13 /home/u411614341/domains/cms.oraclemachinetech.com/public_html/vendor/laravel/framework/src/Illuminate/View/Engines/PhpEngine.php(58): Illuminate\\Filesystem\\Filesystem->getRequire()
#14 /home/u411614341/domains/cms.oraclemachinetech.com/public_html/vendor/laravel/framework/src/Illuminate/View/Engines/CompilerEngine.php(72): Illuminate\\View\\Engines\\PhpEngine->evaluatePath()
#15 /home/u411614341/domains/cms.oraclemachinetech.com/public_html/vendor/laravel/framework/src/Illuminate/View/View.php(195): Illuminate\\View\\Engines\\CompilerEngine->get()
#16 /home/u411614341/domains/cms.oraclemachinetech.com/public_html/vendor/laravel/framework/src/Illuminate/View/View.php(178): Illuminate\\View\\View->getContents()
#17 /home/u411614341/domains/cms.oraclemachinetech.com/public_html/vendor/laravel/framework/src/Illuminate/View/View.php(147): Illuminate\\View\\View->renderContents()
#18 /home/u411614341/domains/cms.oraclemachinetech.com/public_html/vendor/laravel/framework/src/Illuminate/Http/Response.php(69): Illuminate\\View\\View->render()
#19 /home/u411614341/domains/cms.oraclemachinetech.com/public_html/vendor/laravel/framework/src/Illuminate/Http/Response.php(35): Illuminate\\Http\\Response->setContent()
#20 /home/u411614341/domains/cms.oraclemachinetech.com/public_html/vendor/laravel/framework/src/Illuminate/Routing/Router.php(911): Illuminate\\Http\\Response->__construct()
#21 /home/u411614341/domains/cms.oraclemachinetech.com/public_html/vendor/laravel/framework/src/Illuminate/Routing/Router.php(878): Illuminate\\Routing\\Router::toResponse()
#22 /home/u411614341/domains/cms.oraclemachinetech.com/public_html/vendor/laravel/framework/src/Illuminate/Routing/Router.php(799): Illuminate\\Routing\\Router->prepareResponse()
#23 /home/u411614341/domains/cms.oraclemachinetech.com/public_html/vendor/laravel/framework/src/Illuminate/Pipeline/Pipeline.php(141): Illuminate\\Routing\\Router->Illuminate\\Routing\\{closure}()
#24 /home/u411614341/domains/cms.oraclemachinetech.com/public_html/vendor/laravel/framework/src/Illuminate/Routing/Middleware/SubstituteBindings.php(50): Illuminate\\Pipeline\\Pipeline->Illuminate\\Pipeline\\{closure}()
#25 /home/u411614341/domains/cms.oraclemachinetech.com/public_html/vendor/laravel/framework/src/Illuminate/Pipeline/Pipeline.php(180): Illuminate\\Routing\\Middleware\\SubstituteBindings->handle()
#26 /home/u411614341/domains/cms.oraclemachinetech.com/public_html/vendor/laravel/framework/src/Illuminate/Auth/Middleware/Authenticate.php(57): Illuminate\\Pipeline\\Pipeline->Illuminate\\Pipeline\\{closure}()
#27 /home/u411614341/domains/cms.oraclemachinetech.com/public_html/vendor/laravel/framework/src/Illuminate/Pipeline/Pipeline.php(180): Illuminate\\Auth\\Middleware\\Authenticate->handle()
#28 /home/u411614341/domains/cms.oraclemachinetech.com/public_html/app/Http/Middleware/Localization.php(24): Illuminate\\Pipeline\\Pipeline->Illuminate\\Pipeline\\{closure}()
#29 /home/u411614341/domains/cms.oraclemachinetech.com/public_html/vendor/laravel/framework/src/Illuminate/Pipeline/Pipeline.php(180): App\\Http\\Middleware\\Localization->handle()
#30 /home/u411614341/domains/cms.oraclemachinetech.com/public_html/vendor/laravel/framework/src/Illuminate/Foundation/Http/Middleware/VerifyCsrfToken.php(78): Illuminate\\Pipeline\\Pipeline->Illuminate\\Pipeline\\{closure}()
#31 /home/u411614341/domains/cms.oraclemachinetech.com/public_html/vendor/laravel/framework/src/Illuminate/Pipeline/Pipeline.php(180): Illuminate\\Foundation\\Http\\Middleware\\VerifyCsrfToken->handle()
#32 /home/u411614341/domains/cms.oraclemachinetech.com/public_html/vendor/laravel/framework/src/Illuminate/View/Middleware/ShareErrorsFromSession.php(49): Illuminate\\Pipeline\\Pipeline->Illuminate\\Pipeline\\{closure}()
#33 /home/u411614341/domains/cms.oraclemachinetech.com/public_html/vendor/laravel/framework/src/Illuminate/Pipeline/Pipeline.php(180): Illuminate\\View\\Middleware\\ShareErrorsFromSession->handle()
#34 /home/u411614341/domains/cms.oraclemachinetech.com/public_html/vendor/laravel/framework/src/Illuminate/Session/Middleware/StartSession.php(121): Illuminate\\Pipeline\\Pipeline->Illuminate\\Pipeline\\{closure}()
#35 /home/u411614341/domains/cms.oraclemachinetech.com/public_html/vendor/laravel/framework/src/Illuminate/Session/Middleware/StartSession.php(64): Illuminate\\Session\\Middleware\\StartSession->handleStatefulRequest()
#36 /home/u411614341/domains/cms.oraclemachinetech.com/public_html/vendor/laravel/framework/src/Illuminate/Pipeline/Pipeline.php(180): Illuminate\\Session\\Middleware\\StartSession->handle()
#37 /home/u411614341/domains/cms.oraclemachinetech.com/public_html/vendor/laravel/framework/src/Illuminate/Cookie/Middleware/AddQueuedCookiesToResponse.php(37): Illuminate\\Pipeline\\Pipeline->Illuminate\\Pipeline\\{closure}()
#38 /home/u411614341/domains/cms.oraclemachinetech.com/public_html/vendor/laravel/framework/src/Illuminate/Pipeline/Pipeline.php(180): Illuminate\\Cookie\\Middleware\\AddQueuedCookiesToResponse->handle()
#39 /home/u411614341/domains/cms.oraclemachinetech.com/public_html/vendor/laravel/framework/src/Illuminate/Cookie/Middleware/EncryptCookies.php(67): Illuminate\\Pipeline\\Pipeline->Illuminate\\Pipeline\\{closure}()
#40 /home/u411614341/domains/cms.oraclemachinetech.com/public_html/vendor/laravel/framework/src/Illuminate/Pipeline/Pipeline.php(180): Illuminate\\Cookie\\Middleware\\EncryptCookies->handle()
#41 /home/u411614341/domains/cms.oraclemachinetech.com/public_html/vendor/laravel/framework/src/Illuminate/Pipeline/Pipeline.php(116): Illuminate\\Pipeline\\Pipeline->Illuminate\\Pipeline\\{closure}()
#42 /home/u411614341/domains/cms.oraclemachinetech.com/public_html/vendor/laravel/framework/src/Illuminate/Routing/Router.php(800): Illuminate\\Pipeline\\Pipeline->then()
#43 /home/u411614341/domains/cms.oraclemachinetech.com/public_html/vendor/laravel/framework/src/Illuminate/Routing/Router.php(777): Illuminate\\Routing\\Router->runRouteWithinStack()
#44 /home/u411614341/domains/cms.oraclemachinetech.com/public_html/vendor/laravel/framework/src/Illuminate/Routing/Router.php(741): Illuminate\\Routing\\Router->runRoute()
#45 /home/u411614341/domains/cms.oraclemachinetech.com/public_html/vendor/laravel/framework/src/Illuminate/Routing/Router.php(730): Illuminate\\Routing\\Router->dispatchToRoute()
#46 /home/u411614341/domains/cms.oraclemachinetech.com/public_html/vendor/laravel/framework/src/Illuminate/Foundation/Http/Kernel.php(200): Illuminate\\Routing\\Router->dispatch()
#47 /home/u411614341/domains/cms.oraclemachinetech.com/public_html/vendor/laravel/framework/src/Illuminate/Pipeline/Pipeline.php(141): Illuminate\\Foundation\\Http\\Kernel->Illuminate\\Foundation\\Http\\{closure}()
#48 /home/u411614341/domains/cms.oraclemachinetech.com/public_html/vendor/laravel/framework/src/Illuminate/Foundation/Http/Middleware/TransformsRequest.php(21): Illuminate\\Pipeline\\Pipeline->Illuminate\\Pipeline\\{closure}()
#49 /home/u411614341/domains/cms.oraclemachinetech.com/public_html/vendor/laravel/framework/src/Illuminate/Foundation/Http/Middleware/ConvertEmptyStringsToNull.php(31): Illuminate\\Foundation\\Http\\Middleware\\TransformsRequest->handle()
#50 /home/u411614341/domains/cms.oraclemachinetech.com/public_html/vendor/laravel/framework/src/Illuminate/Pipeline/Pipeline.php(180): Illuminate\\Foundation\\Http\\Middleware\\ConvertEmptyStringsToNull->handle()
#51 /home/u411614341/domains/cms.oraclemachinetech.com/public_html/vendor/laravel/framework/src/Illuminate/Foundation/Http/Middleware/TransformsRequest.php(21): Illuminate\\Pipeline\\Pipeline->Illuminate\\Pipeline\\{closure}()
#52 /home/u411614341/domains/cms.oraclemachinetech.com/public_html/vendor/laravel/framework/src/Illuminate/Foundation/Http/Middleware/TrimStrings.php(40): Illuminate\\Foundation\\Http\\Middleware\\TransformsRequest->handle()
#53 /home/u411614341/domains/cms.oraclemachinetech.com/public_html/vendor/laravel/framework/src/Illuminate/Pipeline/Pipeline.php(180): Illuminate\\Foundation\\Http\\Middleware\\TrimStrings->handle()
#54 /home/u411614341/domains/cms.oraclemachinetech.com/public_html/vendor/laravel/framework/src/Illuminate/Foundation/Http/Middleware/ValidatePostSize.php(27): Illuminate\\Pipeline\\Pipeline->Illuminate\\Pipeline\\{closure}()
#55 /home/u411614341/domains/cms.oraclemachinetech.com/public_html/vendor/laravel/framework/src/Illuminate/Pipeline/Pipeline.php(180): Illuminate\\Foundation\\Http\\Middleware\\ValidatePostSize->handle()
#56 /home/u411614341/domains/cms.oraclemachinetech.com/public_html/vendor/laravel/framework/src/Illuminate/Foundation/Http/Middleware/PreventRequestsDuringMaintenance.php(89): Illuminate\\Pipeline\\Pipeline->Illuminate\\Pipeline\\{closure}()
#57 /home/u411614341/domains/cms.oraclemachinetech.com/public_html/vendor/laravel/framework/src/Illuminate/Pipeline/Pipeline.php(180): Illuminate\\Foundation\\Http\\Middleware\\PreventRequestsDuringMaintenance->handle()
#58 /home/u411614341/domains/cms.oraclemachinetech.com/public_html/vendor/laravel/framework/src/Illuminate/Http/Middleware/HandleCors.php(49): Illuminate\\Pipeline\\Pipeline->Illuminate\\Pipeline\\{closure}()
#59 /home/u411614341/domains/cms.oraclemachinetech.com/public_html/vendor/laravel/framework/src/Illuminate/Pipeline/Pipeline.php(180): Illuminate\\Http\\Middleware\\HandleCors->handle()
#60 /home/u411614341/domains/cms.oraclemachinetech.com/public_html/vendor/laravel/framework/src/Illuminate/Http/Middleware/TrustProxies.php(39): Illuminate\\Pipeline\\Pipeline->Illuminate\\Pipeline\\{closure}()
#61 /home/u411614341/domains/cms.oraclemachinetech.com/public_html/vendor/laravel/framework/src/Illuminate/Pipeline/Pipeline.php(180): Illuminate\\Http\\Middleware\\TrustProxies->handle()
#62 /home/u411614341/domains/cms.oraclemachinetech.com/public_html/vendor/laravel/framework/src/Illuminate/Pipeline/Pipeline.php(116): Illuminate\\Pipeline\\Pipeline->Illuminate\\Pipeline\\{closure}()
#63 /home/u411614341/domains/cms.oraclemachinetech.com/public_html/vendor/laravel/framework/src/Illuminate/Foundation/Http/Kernel.php(175): Illuminate\\Pipeline\\Pipeline->then()
#64 /home/u411614341/domains/cms.oraclemachinetech.com/public_html/vendor/laravel/framework/src/Illuminate/Foundation/Http/Kernel.php(144): Illuminate\\Foundation\\Http\\Kernel->sendRequestThroughRouter()
#65 /home/u411614341/domains/cms.oraclemachinetech.com/public_html/index.php(52): Illuminate\\Foundation\\Http\\Kernel->handle()
#66 {main}
"} 
[2024-11-27 10:47:02] local.ERROR: SQLSTATE[42S02]: Base table or view not found: 1146 Table 'u411614341_Invoice.paidamount' doesn't exist (Connection: mysql, SQL: select `paidamount`.*, `invoice`.`id` as `invoice_id`, `customer`.`id` as `customer_id`, `customer`.`name` as `cname` from `paidamount` left join `invoice` on `invoice`.`id` = `paidamount`.`invoice_id` left join `customer` on `customer`.`id` = `paidamount`.`customer_id` order by `paidamount`.`id` desc) {"view":{"view":"/home/u411614341/domains/cms.oraclemachinetech.com/public_html/resources/views/paymenthistry.blade.php","data":[]},"userId":1,"exception":"[object] (Spatie\\LaravelIgnition\\Exceptions\\ViewException(code: 0): SQLSTATE[42S02]: Base table or view not found: 1146 Table 'u411614341_Invoice.paidamount' doesn't exist (Connection: mysql, SQL: select `paidamount`.*, `invoice`.`id` as `invoice_id`, `customer`.`id` as `customer_id`, `customer`.`name` as `cname` from `paidamount` left join `invoice` on `invoice`.`id` = `paidamount`.`invoice_id` left join `customer` on `customer`.`id` = `paidamount`.`customer_id` order by `paidamount`.`id` desc) at /home/u411614341/domains/cms.oraclemachinetech.com/public_html/vendor/laravel/framework/src/Illuminate/Database/Connection.php:801)
[stacktrace]
#0 /home/u411614341/domains/cms.oraclemachinetech.com/public_html/vendor/laravel/framework/src/Illuminate/Database/Connection.php(755): Illuminate\\Database\\Connection->runQueryCallback()
#1 /home/u411614341/domains/cms.oraclemachinetech.com/public_html/vendor/laravel/framework/src/Illuminate/Database/Connection.php(424): Illuminate\\Database\\Connection->run()
#2 /home/u411614341/domains/cms.oraclemachinetech.com/public_html/vendor/laravel/framework/src/Illuminate/Database/Query/Builder.php(2752): Illuminate\\Database\\Connection->select()
#3 /home/u411614341/domains/cms.oraclemachinetech.com/public_html/vendor/laravel/framework/src/Illuminate/Database/Query/Builder.php(2740): Illuminate\\Database\\Query\\Builder->runSelect()
#4 /home/u411614341/domains/cms.oraclemachinetech.com/public_html/vendor/laravel/framework/src/Illuminate/Database/Query/Builder.php(3294): Illuminate\\Database\\Query\\Builder->Illuminate\\Database\\Query\\{closure}()
#5 /home/u411614341/domains/cms.oraclemachinetech.com/public_html/vendor/laravel/framework/src/Illuminate/Database/Query/Builder.php(2741): Illuminate\\Database\\Query\\Builder->onceWithColumns()
#6 /home/u411614341/domains/cms.oraclemachinetech.com/public_html/vendor/laravel/framework/src/Illuminate/Database/Eloquent/Builder.php(737): Illuminate\\Database\\Query\\Builder->get()
#7 /home/u411614341/domains/cms.oraclemachinetech.com/public_html/vendor/laravel/framework/src/Illuminate/Database/Eloquent/Builder.php(721): Illuminate\\Database\\Eloquent\\Builder->getModels()
#8 /home/u411614341/domains/cms.oraclemachinetech.com/public_html/resources/views/paymenthistry.blade.php(22): Illuminate\\Database\\Eloquent\\Builder->get()
#9 /home/u411614341/domains/cms.oraclemachinetech.com/public_html/vendor/laravel/framework/src/Illuminate/Filesystem/Filesystem.php(124): require('/home/u41161434...')
#10 /home/u411614341/domains/cms.oraclemachinetech.com/public_html/vendor/laravel/framework/src/Illuminate/Filesystem/Filesystem.php(125): Illuminate\\Filesystem\\Filesystem::Illuminate\\Filesystem\\{closure}()
#11 /home/u411614341/domains/cms.oraclemachinetech.com/public_html/vendor/laravel/framework/src/Illuminate/View/Engines/PhpEngine.php(58): Illuminate\\Filesystem\\Filesystem->getRequire()
#12 /home/u411614341/domains/cms.oraclemachinetech.com/public_html/vendor/laravel/framework/src/Illuminate/View/Engines/CompilerEngine.php(72): Illuminate\\View\\Engines\\PhpEngine->evaluatePath()
#13 /home/u411614341/domains/cms.oraclemachinetech.com/public_html/vendor/laravel/framework/src/Illuminate/View/View.php(195): Illuminate\\View\\Engines\\CompilerEngine->get()
#14 /home/u411614341/domains/cms.oraclemachinetech.com/public_html/vendor/laravel/framework/src/Illuminate/View/View.php(178): Illuminate\\View\\View->getContents()
#15 /home/u411614341/domains/cms.oraclemachinetech.com/public_html/vendor/laravel/framework/src/Illuminate/View/View.php(147): Illuminate\\View\\View->renderContents()
#16 /home/u411614341/domains/cms.oraclemachinetech.com/public_html/vendor/laravel/framework/src/Illuminate/Http/Response.php(69): Illuminate\\View\\View->render()
#17 /home/u411614341/domains/cms.oraclemachinetech.com/public_html/vendor/laravel/framework/src/Illuminate/Http/Response.php(35): Illuminate\\Http\\Response->setContent()
#18 /home/u411614341/domains/cms.oraclemachinetech.com/public_html/vendor/laravel/framework/src/Illuminate/Routing/Router.php(911): Illuminate\\Http\\Response->__construct()
#19 /home/u411614341/domains/cms.oraclemachinetech.com/public_html/vendor/laravel/framework/src/Illuminate/Routing/Router.php(878): Illuminate\\Routing\\Router::toResponse()
#20 /home/u411614341/domains/cms.oraclemachinetech.com/public_html/vendor/laravel/framework/src/Illuminate/Routing/Router.php(799): Illuminate\\Routing\\Router->prepareResponse()
#21 /home/u411614341/domains/cms.oraclemachinetech.com/public_html/vendor/laravel/framework/src/Illuminate/Pipeline/Pipeline.php(141): Illuminate\\Routing\\Router->Illuminate\\Routing\\{closure}()
#22 /home/u411614341/domains/cms.oraclemachinetech.com/public_html/vendor/laravel/framework/src/Illuminate/Routing/Middleware/SubstituteBindings.php(50): Illuminate\\Pipeline\\Pipeline->Illuminate\\Pipeline\\{closure}()
#23 /home/u411614341/domains/cms.oraclemachinetech.com/public_html/vendor/laravel/framework/src/Illuminate/Pipeline/Pipeline.php(180): Illuminate\\Routing\\Middleware\\SubstituteBindings->handle()
#24 /home/u411614341/domains/cms.oraclemachinetech.com/public_html/vendor/laravel/framework/src/Illuminate/Auth/Middleware/Authenticate.php(57): Illuminate\\Pipeline\\Pipeline->Illuminate\\Pipeline\\{closure}()
#25 /home/u411614341/domains/cms.oraclemachinetech.com/public_html/vendor/laravel/framework/src/Illuminate/Pipeline/Pipeline.php(180): Illuminate\\Auth\\Middleware\\Authenticate->handle()
#26 /home/u411614341/domains/cms.oraclemachinetech.com/public_html/app/Http/Middleware/Localization.php(24): Illuminate\\Pipeline\\Pipeline->Illuminate\\Pipeline\\{closure}()
#27 /home/u411614341/domains/cms.oraclemachinetech.com/public_html/vendor/laravel/framework/src/Illuminate/Pipeline/Pipeline.php(180): App\\Http\\Middleware\\Localization->handle()
#28 /home/u411614341/domains/cms.oraclemachinetech.com/public_html/vendor/laravel/framework/src/Illuminate/Foundation/Http/Middleware/VerifyCsrfToken.php(78): Illuminate\\Pipeline\\Pipeline->Illuminate\\Pipeline\\{closure}()
#29 /home/u411614341/domains/cms.oraclemachinetech.com/public_html/vendor/laravel/framework/src/Illuminate/Pipeline/Pipeline.php(180): Illuminate\\Foundation\\Http\\Middleware\\VerifyCsrfToken->handle()
#30 /home/u411614341/domains/cms.oraclemachinetech.com/public_html/vendor/laravel/framework/src/Illuminate/View/Middleware/ShareErrorsFromSession.php(49): Illuminate\\Pipeline\\Pipeline->Illuminate\\Pipeline\\{closure}()
#31 /home/u411614341/domains/cms.oraclemachinetech.com/public_html/vendor/laravel/framework/src/Illuminate/Pipeline/Pipeline.php(180): Illuminate\\View\\Middleware\\ShareErrorsFromSession->handle()
#32 /home/u411614341/domains/cms.oraclemachinetech.com/public_html/vendor/laravel/framework/src/Illuminate/Session/Middleware/StartSession.php(121): Illuminate\\Pipeline\\Pipeline->Illuminate\\Pipeline\\{closure}()
#33 /home/u411614341/domains/cms.oraclemachinetech.com/public_html/vendor/laravel/framework/src/Illuminate/Session/Middleware/StartSession.php(64): Illuminate\\Session\\Middleware\\StartSession->handleStatefulRequest()
#34 /home/u411614341/domains/cms.oraclemachinetech.com/public_html/vendor/laravel/framework/src/Illuminate/Pipeline/Pipeline.php(180): Illuminate\\Session\\Middleware\\StartSession->handle()
#35 /home/u411614341/domains/cms.oraclemachinetech.com/public_html/vendor/laravel/framework/src/Illuminate/Cookie/Middleware/AddQueuedCookiesToResponse.php(37): Illuminate\\Pipeline\\Pipeline->Illuminate\\Pipeline\\{closure}()
#36 /home/u411614341/domains/cms.oraclemachinetech.com/public_html/vendor/laravel/framework/src/Illuminate/Pipeline/Pipeline.php(180): Illuminate\\Cookie\\Middleware\\AddQueuedCookiesToResponse->handle()
#37 /home/u411614341/domains/cms.oraclemachinetech.com/public_html/vendor/laravel/framework/src/Illuminate/Cookie/Middleware/EncryptCookies.php(67): Illuminate\\Pipeline\\Pipeline->Illuminate\\Pipeline\\{closure}()
#38 /home/u411614341/domains/cms.oraclemachinetech.com/public_html/vendor/laravel/framework/src/Illuminate/Pipeline/Pipeline.php(180): Illuminate\\Cookie\\Middleware\\EncryptCookies->handle()
#39 /home/u411614341/domains/cms.oraclemachinetech.com/public_html/vendor/laravel/framework/src/Illuminate/Pipeline/Pipeline.php(116): Illuminate\\Pipeline\\Pipeline->Illuminate\\Pipeline\\{closure}()
#40 /home/u411614341/domains/cms.oraclemachinetech.com/public_html/vendor/laravel/framework/src/Illuminate/Routing/Router.php(800): Illuminate\\Pipeline\\Pipeline->then()
#41 /home/u411614341/domains/cms.oraclemachinetech.com/public_html/vendor/laravel/framework/src/Illuminate/Routing/Router.php(777): Illuminate\\Routing\\Router->runRouteWithinStack()
#42 /home/u411614341/domains/cms.oraclemachinetech.com/public_html/vendor/laravel/framework/src/Illuminate/Routing/Router.php(741): Illuminate\\Routing\\Router->runRoute()
#43 /home/u411614341/domains/cms.oraclemachinetech.com/public_html/vendor/laravel/framework/src/Illuminate/Routing/Router.php(730): Illuminate\\Routing\\Router->dispatchToRoute()
#44 /home/u411614341/domains/cms.oraclemachinetech.com/public_html/vendor/laravel/framework/src/Illuminate/Foundation/Http/Kernel.php(200): Illuminate\\Routing\\Router->dispatch()
#45 /home/u411614341/domains/cms.oraclemachinetech.com/public_html/vendor/laravel/framework/src/Illuminate/Pipeline/Pipeline.php(141): Illuminate\\Foundation\\Http\\Kernel->Illuminate\\Foundation\\Http\\{closure}()
#46 /home/u411614341/domains/cms.oraclemachinetech.com/public_html/vendor/laravel/framework/src/Illuminate/Foundation/Http/Middleware/TransformsRequest.php(21): Illuminate\\Pipeline\\Pipeline->Illuminate\\Pipeline\\{closure}()
#47 /home/u411614341/domains/cms.oraclemachinetech.com/public_html/vendor/laravel/framework/src/Illuminate/Foundation/Http/Middleware/ConvertEmptyStringsToNull.php(31): Illuminate\\Foundation\\Http\\Middleware\\TransformsRequest->handle()
#48 /home/u411614341/domains/cms.oraclemachinetech.com/public_html/vendor/laravel/framework/src/Illuminate/Pipeline/Pipeline.php(180): Illuminate\\Foundation\\Http\\Middleware\\ConvertEmptyStringsToNull->handle()
#49 /home/u411614341/domains/cms.oraclemachinetech.com/public_html/vendor/laravel/framework/src/Illuminate/Foundation/Http/Middleware/TransformsRequest.php(21): Illuminate\\Pipeline\\Pipeline->Illuminate\\Pipeline\\{closure}()
#50 /home/u411614341/domains/cms.oraclemachinetech.com/public_html/vendor/laravel/framework/src/Illuminate/Foundation/Http/Middleware/TrimStrings.php(40): Illuminate\\Foundation\\Http\\Middleware\\TransformsRequest->handle()
#51 /home/u411614341/domains/cms.oraclemachinetech.com/public_html/vendor/laravel/framework/src/Illuminate/Pipeline/Pipeline.php(180): Illuminate\\Foundation\\Http\\Middleware\\TrimStrings->handle()
#52 /home/u411614341/domains/cms.oraclemachinetech.com/public_html/vendor/laravel/framework/src/Illuminate/Foundation/Http/Middleware/ValidatePostSize.php(27): Illuminate\\Pipeline\\Pipeline->Illuminate\\Pipeline\\{closure}()
#53 /home/u411614341/domains/cms.oraclemachinetech.com/public_html/vendor/laravel/framework/src/Illuminate/Pipeline/Pipeline.php(180): Illuminate\\Foundation\\Http\\Middleware\\ValidatePostSize->handle()
#54 /home/u411614341/domains/cms.oraclemachinetech.com/public_html/vendor/laravel/framework/src/Illuminate/Foundation/Http/Middleware/PreventRequestsDuringMaintenance.php(89): Illuminate\\Pipeline\\Pipeline->Illuminate\\Pipeline\\{closure}()
#55 /home/u411614341/domains/cms.oraclemachinetech.com/public_html/vendor/laravel/framework/src/Illuminate/Pipeline/Pipeline.php(180): Illuminate\\Foundation\\Http\\Middleware\\PreventRequestsDuringMaintenance->handle()
#56 /home/u411614341/domains/cms.oraclemachinetech.com/public_html/vendor/laravel/framework/src/Illuminate/Http/Middleware/HandleCors.php(49): Illuminate\\Pipeline\\Pipeline->Illuminate\\Pipeline\\{closure}()
#57 /home/u411614341/domains/cms.oraclemachinetech.com/public_html/vendor/laravel/framework/src/Illuminate/Pipeline/Pipeline.php(180): Illuminate\\Http\\Middleware\\HandleCors->handle()
#58 /home/u411614341/domains/cms.oraclemachinetech.com/public_html/vendor/laravel/framework/src/Illuminate/Http/Middleware/TrustProxies.php(39): Illuminate\\Pipeline\\Pipeline->Illuminate\\Pipeline\\{closure}()
#59 /home/u411614341/domains/cms.oraclemachinetech.com/public_html/vendor/laravel/framework/src/Illuminate/Pipeline/Pipeline.php(180): Illuminate\\Http\\Middleware\\TrustProxies->handle()
#60 /home/u411614341/domains/cms.oraclemachinetech.com/public_html/vendor/laravel/framework/src/Illuminate/Pipeline/Pipeline.php(116): Illuminate\\Pipeline\\Pipeline->Illuminate\\Pipeline\\{closure}()
#61 /home/u411614341/domains/cms.oraclemachinetech.com/public_html/vendor/laravel/framework/src/Illuminate/Foundation/Http/Kernel.php(175): Illuminate\\Pipeline\\Pipeline->then()
#62 /home/u411614341/domains/cms.oraclemachinetech.com/public_html/vendor/laravel/framework/src/Illuminate/Foundation/Http/Kernel.php(144): Illuminate\\Foundation\\Http\\Kernel->sendRequestThroughRouter()
#63 /home/u411614341/domains/cms.oraclemachinetech.com/public_html/index.php(52): Illuminate\\Foundation\\Http\\Kernel->handle()
#64 {main}

[previous exception] [object] (Illuminate\\Database\\QueryException(code: 42S02): SQLSTATE[42S02]: Base table or view not found: 1146 Table 'u411614341_Invoice.paidamount' doesn't exist (Connection: mysql, SQL: select `paidamount`.*, `invoice`.`id` as `invoice_id`, `customer`.`id` as `customer_id`, `customer`.`name` as `cname` from `paidamount` left join `invoice` on `invoice`.`id` = `paidamount`.`invoice_id` left join `customer` on `customer`.`id` = `paidamount`.`customer_id` order by `paidamount`.`id` desc) at /home/u411614341/domains/cms.oraclemachinetech.com/public_html/vendor/laravel/framework/src/Illuminate/Database/Connection.php:801)
[stacktrace]
#0 /home/u411614341/domains/cms.oraclemachinetech.com/public_html/vendor/laravel/framework/src/Illuminate/Database/Connection.php(755): Illuminate\\Database\\Connection->runQueryCallback()
#1 /home/u411614341/domains/cms.oraclemachinetech.com/public_html/vendor/laravel/framework/src/Illuminate/Database/Connection.php(424): Illuminate\\Database\\Connection->run()
#2 /home/u411614341/domains/cms.oraclemachinetech.com/public_html/vendor/laravel/framework/src/Illuminate/Database/Query/Builder.php(2752): Illuminate\\Database\\Connection->select()
#3 /home/u411614341/domains/cms.oraclemachinetech.com/public_html/vendor/laravel/framework/src/Illuminate/Database/Query/Builder.php(2740): Illuminate\\Database\\Query\\Builder->runSelect()
#4 /home/u411614341/domains/cms.oraclemachinetech.com/public_html/vendor/laravel/framework/src/Illuminate/Database/Query/Builder.php(3294): Illuminate\\Database\\Query\\Builder->Illuminate\\Database\\Query\\{closure}()
#5 /home/u411614341/domains/cms.oraclemachinetech.com/public_html/vendor/laravel/framework/src/Illuminate/Database/Query/Builder.php(2741): Illuminate\\Database\\Query\\Builder->onceWithColumns()
#6 /home/u411614341/domains/cms.oraclemachinetech.com/public_html/vendor/laravel/framework/src/Illuminate/Database/Eloquent/Builder.php(737): Illuminate\\Database\\Query\\Builder->get()
#7 /home/u411614341/domains/cms.oraclemachinetech.com/public_html/vendor/laravel/framework/src/Illuminate/Database/Eloquent/Builder.php(721): Illuminate\\Database\\Eloquent\\Builder->getModels()
#8 /home/u411614341/domains/cms.oraclemachinetech.com/public_html/storage/framework/views/46ed71ddcee5c862a33e9eb1f53c12f8.php(27): Illuminate\\Database\\Eloquent\\Builder->get()
#9 /home/u411614341/domains/cms.oraclemachinetech.com/public_html/vendor/laravel/framework/src/Illuminate/Filesystem/Filesystem.php(124): require('/home/u41161434...')
#10 /home/u411614341/domains/cms.oraclemachinetech.com/public_html/vendor/laravel/framework/src/Illuminate/Filesystem/Filesystem.php(125): Illuminate\\Filesystem\\Filesystem::Illuminate\\Filesystem\\{closure}()
#11 /home/u411614341/domains/cms.oraclemachinetech.com/public_html/vendor/laravel/framework/src/Illuminate/View/Engines/PhpEngine.php(58): Illuminate\\Filesystem\\Filesystem->getRequire()
#12 /home/u411614341/domains/cms.oraclemachinetech.com/public_html/vendor/laravel/framework/src/Illuminate/View/Engines/CompilerEngine.php(72): Illuminate\\View\\Engines\\PhpEngine->evaluatePath()
#13 /home/u411614341/domains/cms.oraclemachinetech.com/public_html/vendor/laravel/framework/src/Illuminate/View/View.php(195): Illuminate\\View\\Engines\\CompilerEngine->get()
#14 /home/u411614341/domains/cms.oraclemachinetech.com/public_html/vendor/laravel/framework/src/Illuminate/View/View.php(178): Illuminate\\View\\View->getContents()
#15 /home/u411614341/domains/cms.oraclemachinetech.com/public_html/vendor/laravel/framework/src/Illuminate/View/View.php(147): Illuminate\\View\\View->renderContents()
#16 /home/u411614341/domains/cms.oraclemachinetech.com/public_html/vendor/laravel/framework/src/Illuminate/Http/Response.php(69): Illuminate\\View\\View->render()
#17 /home/u411614341/domains/cms.oraclemachinetech.com/public_html/vendor/laravel/framework/src/Illuminate/Http/Response.php(35): Illuminate\\Http\\Response->setContent()
#18 /home/u411614341/domains/cms.oraclemachinetech.com/public_html/vendor/laravel/framework/src/Illuminate/Routing/Router.php(911): Illuminate\\Http\\Response->__construct()
#19 /home/u411614341/domains/cms.oraclemachinetech.com/public_html/vendor/laravel/framework/src/Illuminate/Routing/Router.php(878): Illuminate\\Routing\\Router::toResponse()
#20 /home/u411614341/domains/cms.oraclemachinetech.com/public_html/vendor/laravel/framework/src/Illuminate/Routing/Router.php(799): Illuminate\\Routing\\Router->prepareResponse()
#21 /home/u411614341/domains/cms.oraclemachinetech.com/public_html/vendor/laravel/framework/src/Illuminate/Pipeline/Pipeline.php(141): Illuminate\\Routing\\Router->Illuminate\\Routing\\{closure}()
#22 /home/u411614341/domains/cms.oraclemachinetech.com/public_html/vendor/laravel/framework/src/Illuminate/Routing/Middleware/SubstituteBindings.php(50): Illuminate\\Pipeline\\Pipeline->Illuminate\\Pipeline\\{closure}()
#23 /home/u411614341/domains/cms.oraclemachinetech.com/public_html/vendor/laravel/framework/src/Illuminate/Pipeline/Pipeline.php(180): Illuminate\\Routing\\Middleware\\SubstituteBindings->handle()
#24 /home/u411614341/domains/cms.oraclemachinetech.com/public_html/vendor/laravel/framework/src/Illuminate/Auth/Middleware/Authenticate.php(57): Illuminate\\Pipeline\\Pipeline->Illuminate\\Pipeline\\{closure}()
#25 /home/u411614341/domains/cms.oraclemachinetech.com/public_html/vendor/laravel/framework/src/Illuminate/Pipeline/Pipeline.php(180): Illuminate\\Auth\\Middleware\\Authenticate->handle()
#26 /home/u411614341/domains/cms.oraclemachinetech.com/public_html/app/Http/Middleware/Localization.php(24): Illuminate\\Pipeline\\Pipeline->Illuminate\\Pipeline\\{closure}()
#27 /home/u411614341/domains/cms.oraclemachinetech.com/public_html/vendor/laravel/framework/src/Illuminate/Pipeline/Pipeline.php(180): App\\Http\\Middleware\\Localization->handle()
#28 /home/u411614341/domains/cms.oraclemachinetech.com/public_html/vendor/laravel/framework/src/Illuminate/Foundation/Http/Middleware/VerifyCsrfToken.php(78): Illuminate\\Pipeline\\Pipeline->Illuminate\\Pipeline\\{closure}()
#29 /home/u411614341/domains/cms.oraclemachinetech.com/public_html/vendor/laravel/framework/src/Illuminate/Pipeline/Pipeline.php(180): Illuminate\\Foundation\\Http\\Middleware\\VerifyCsrfToken->handle()
#30 /home/u411614341/domains/cms.oraclemachinetech.com/public_html/vendor/laravel/framework/src/Illuminate/View/Middleware/ShareErrorsFromSession.php(49): Illuminate\\Pipeline\\Pipeline->Illuminate\\Pipeline\\{closure}()
#31 /home/u411614341/domains/cms.oraclemachinetech.com/public_html/vendor/laravel/framework/src/Illuminate/Pipeline/Pipeline.php(180): Illuminate\\View\\Middleware\\ShareErrorsFromSession->handle()
#32 /home/u411614341/domains/cms.oraclemachinetech.com/public_html/vendor/laravel/framework/src/Illuminate/Session/Middleware/StartSession.php(121): Illuminate\\Pipeline\\Pipeline->Illuminate\\Pipeline\\{closure}()
#33 /home/u411614341/domains/cms.oraclemachinetech.com/public_html/vendor/laravel/framework/src/Illuminate/Session/Middleware/StartSession.php(64): Illuminate\\Session\\Middleware\\StartSession->handleStatefulRequest()
#34 /home/u411614341/domains/cms.oraclemachinetech.com/public_html/vendor/laravel/framework/src/Illuminate/Pipeline/Pipeline.php(180): Illuminate\\Session\\Middleware\\StartSession->handle()
#35 /home/u411614341/domains/cms.oraclemachinetech.com/public_html/vendor/laravel/framework/src/Illuminate/Cookie/Middleware/AddQueuedCookiesToResponse.php(37): Illuminate\\Pipeline\\Pipeline->Illuminate\\Pipeline\\{closure}()
#36 /home/u411614341/domains/cms.oraclemachinetech.com/public_html/vendor/laravel/framework/src/Illuminate/Pipeline/Pipeline.php(180): Illuminate\\Cookie\\Middleware\\AddQueuedCookiesToResponse->handle()
#37 /home/u411614341/domains/cms.oraclemachinetech.com/public_html/vendor/laravel/framework/src/Illuminate/Cookie/Middleware/EncryptCookies.php(67): Illuminate\\Pipeline\\Pipeline->Illuminate\\Pipeline\\{closure}()
#38 /home/u411614341/domains/cms.oraclemachinetech.com/public_html/vendor/laravel/framework/src/Illuminate/Pipeline/Pipeline.php(180): Illuminate\\Cookie\\Middleware\\EncryptCookies->handle()
#39 /home/u411614341/domains/cms.oraclemachinetech.com/public_html/vendor/laravel/framework/src/Illuminate/Pipeline/Pipeline.php(116): Illuminate\\Pipeline\\Pipeline->Illuminate\\Pipeline\\{closure}()
#40 /home/u411614341/domains/cms.oraclemachinetech.com/public_html/vendor/laravel/framework/src/Illuminate/Routing/Router.php(800): Illuminate\\Pipeline\\Pipeline->then()
#41 /home/u411614341/domains/cms.oraclemachinetech.com/public_html/vendor/laravel/framework/src/Illuminate/Routing/Router.php(777): Illuminate\\Routing\\Router->runRouteWithinStack()
#42 /home/u411614341/domains/cms.oraclemachinetech.com/public_html/vendor/laravel/framework/src/Illuminate/Routing/Router.php(741): Illuminate\\Routing\\Router->runRoute()
#43 /home/u411614341/domains/cms.oraclemachinetech.com/public_html/vendor/laravel/framework/src/Illuminate/Routing/Router.php(730): Illuminate\\Routing\\Router->dispatchToRoute()
#44 /home/u411614341/domains/cms.oraclemachinetech.com/public_html/vendor/laravel/framework/src/Illuminate/Foundation/Http/Kernel.php(200): Illuminate\\Routing\\Router->dispatch()
#45 /home/u411614341/domains/cms.oraclemachinetech.com/public_html/vendor/laravel/framework/src/Illuminate/Pipeline/Pipeline.php(141): Illuminate\\Foundation\\Http\\Kernel->Illuminate\\Foundation\\Http\\{closure}()
#46 /home/u411614341/domains/cms.oraclemachinetech.com/public_html/vendor/laravel/framework/src/Illuminate/Foundation/Http/Middleware/TransformsRequest.php(21): Illuminate\\Pipeline\\Pipeline->Illuminate\\Pipeline\\{closure}()
#47 /home/u411614341/domains/cms.oraclemachinetech.com/public_html/vendor/laravel/framework/src/Illuminate/Foundation/Http/Middleware/ConvertEmptyStringsToNull.php(31): Illuminate\\Foundation\\Http\\Middleware\\TransformsRequest->handle()
#48 /home/u411614341/domains/cms.oraclemachinetech.com/public_html/vendor/laravel/framework/src/Illuminate/Pipeline/Pipeline.php(180): Illuminate\\Foundation\\Http\\Middleware\\ConvertEmptyStringsToNull->handle()
#49 /home/u411614341/domains/cms.oraclemachinetech.com/public_html/vendor/laravel/framework/src/Illuminate/Foundation/Http/Middleware/TransformsRequest.php(21): Illuminate\\Pipeline\\Pipeline->Illuminate\\Pipeline\\{closure}()
#50 /home/u411614341/domains/cms.oraclemachinetech.com/public_html/vendor/laravel/framework/src/Illuminate/Foundation/Http/Middleware/TrimStrings.php(40): Illuminate\\Foundation\\Http\\Middleware\\TransformsRequest->handle()
#51 /home/u411614341/domains/cms.oraclemachinetech.com/public_html/vendor/laravel/framework/src/Illuminate/Pipeline/Pipeline.php(180): Illuminate\\Foundation\\Http\\Middleware\\TrimStrings->handle()
#52 /home/u411614341/domains/cms.oraclemachinetech.com/public_html/vendor/laravel/framework/src/Illuminate/Foundation/Http/Middleware/ValidatePostSize.php(27): Illuminate\\Pipeline\\Pipeline->Illuminate\\Pipeline\\{closure}()
#53 /home/u411614341/domains/cms.oraclemachinetech.com/public_html/vendor/laravel/framework/src/Illuminate/Pipeline/Pipeline.php(180): Illuminate\\Foundation\\Http\\Middleware\\ValidatePostSize->handle()
#54 /home/u411614341/domains/cms.oraclemachinetech.com/public_html/vendor/laravel/framework/src/Illuminate/Foundation/Http/Middleware/PreventRequestsDuringMaintenance.php(89): Illuminate\\Pipeline\\Pipeline->Illuminate\\Pipeline\\{closure}()
#55 /home/u411614341/domains/cms.oraclemachinetech.com/public_html/vendor/laravel/framework/src/Illuminate/Pipeline/Pipeline.php(180): Illuminate\\Foundation\\Http\\Middleware\\PreventRequestsDuringMaintenance->handle()
#56 /home/u411614341/domains/cms.oraclemachinetech.com/public_html/vendor/laravel/framework/src/Illuminate/Http/Middleware/HandleCors.php(49): Illuminate\\Pipeline\\Pipeline->Illuminate\\Pipeline\\{closure}()
#57 /home/u411614341/domains/cms.oraclemachinetech.com/public_html/vendor/laravel/framework/src/Illuminate/Pipeline/Pipeline.php(180): Illuminate\\Http\\Middleware\\HandleCors->handle()
#58 /home/u411614341/domains/cms.oraclemachinetech.com/public_html/vendor/laravel/framework/src/Illuminate/Http/Middleware/TrustProxies.php(39): Illuminate\\Pipeline\\Pipeline->Illuminate\\Pipeline\\{closure}()
#59 /home/u411614341/domains/cms.oraclemachinetech.com/public_html/vendor/laravel/framework/src/Illuminate/Pipeline/Pipeline.php(180): Illuminate\\Http\\Middleware\\TrustProxies->handle()
#60 /home/u411614341/domains/cms.oraclemachinetech.com/public_html/vendor/laravel/framework/src/Illuminate/Pipeline/Pipeline.php(116): Illuminate\\Pipeline\\Pipeline->Illuminate\\Pipeline\\{closure}()
#61 /home/u411614341/domains/cms.oraclemachinetech.com/public_html/vendor/laravel/framework/src/Illuminate/Foundation/Http/Kernel.php(175): Illuminate\\Pipeline\\Pipeline->then()
#62 /home/u411614341/domains/cms.oraclemachinetech.com/public_html/vendor/laravel/framework/src/Illuminate/Foundation/Http/Kernel.php(144): Illuminate\\Foundation\\Http\\Kernel->sendRequestThroughRouter()
#63 /home/u411614341/domains/cms.oraclemachinetech.com/public_html/index.php(52): Illuminate\\Foundation\\Http\\Kernel->handle()
#64 {main}

[previous exception] [object] (PDOException(code: 42S02): SQLSTATE[42S02]: Base table or view not found: 1146 Table 'u411614341_Invoice.paidamount' doesn't exist at /home/u411614341/domains/cms.oraclemachinetech.com/public_html/vendor/laravel/framework/src/Illuminate/Database/Connection.php:416)
[stacktrace]
#0 /home/u411614341/domains/cms.oraclemachinetech.com/public_html/vendor/laravel/framework/src/Illuminate/Database/Connection.php(416): PDO->prepare()
#1 /home/u411614341/domains/cms.oraclemachinetech.com/public_html/vendor/laravel/framework/src/Illuminate/Database/Connection.php(788): Illuminate\\Database\\Connection->Illuminate\\Database\\{closure}()
#2 /home/u411614341/domains/cms.oraclemachinetech.com/public_html/vendor/laravel/framework/src/Illuminate/Database/Connection.php(755): Illuminate\\Database\\Connection->runQueryCallback()
#3 /home/u411614341/domains/cms.oraclemachinetech.com/public_html/vendor/laravel/framework/src/Illuminate/Database/Connection.php(424): Illuminate\\Database\\Connection->run()
#4 /home/u411614341/domains/cms.oraclemachinetech.com/public_html/vendor/laravel/framework/src/Illuminate/Database/Query/Builder.php(2752): Illuminate\\Database\\Connection->select()
#5 /home/u411614341/domains/cms.oraclemachinetech.com/public_html/vendor/laravel/framework/src/Illuminate/Database/Query/Builder.php(2740): Illuminate\\Database\\Query\\Builder->runSelect()
#6 /home/u411614341/domains/cms.oraclemachinetech.com/public_html/vendor/laravel/framework/src/Illuminate/Database/Query/Builder.php(3294): Illuminate\\Database\\Query\\Builder->Illuminate\\Database\\Query\\{closure}()
#7 /home/u411614341/domains/cms.oraclemachinetech.com/public_html/vendor/laravel/framework/src/Illuminate/Database/Query/Builder.php(2741): Illuminate\\Database\\Query\\Builder->onceWithColumns()
#8 /home/u411614341/domains/cms.oraclemachinetech.com/public_html/vendor/laravel/framework/src/Illuminate/Database/Eloquent/Builder.php(737): Illuminate\\Database\\Query\\Builder->get()
#9 /home/u411614341/domains/cms.oraclemachinetech.com/public_html/vendor/laravel/framework/src/Illuminate/Database/Eloquent/Builder.php(721): Illuminate\\Database\\Eloquent\\Builder->getModels()
#10 /home/u411614341/domains/cms.oraclemachinetech.com/public_html/storage/framework/views/46ed71ddcee5c862a33e9eb1f53c12f8.php(27): Illuminate\\Database\\Eloquent\\Builder->get()
#11 /home/u411614341/domains/cms.oraclemachinetech.com/public_html/vendor/laravel/framework/src/Illuminate/Filesystem/Filesystem.php(124): require('/home/u41161434...')
#12 /home/u411614341/domains/cms.oraclemachinetech.com/public_html/vendor/laravel/framework/src/Illuminate/Filesystem/Filesystem.php(125): Illuminate\\Filesystem\\Filesystem::Illuminate\\Filesystem\\{closure}()
#13 /home/u411614341/domains/cms.oraclemachinetech.com/public_html/vendor/laravel/framework/src/Illuminate/View/Engines/PhpEngine.php(58): Illuminate\\Filesystem\\Filesystem->getRequire()
#14 /home/u411614341/domains/cms.oraclemachinetech.com/public_html/vendor/laravel/framework/src/Illuminate/View/Engines/CompilerEngine.php(72): Illuminate\\View\\Engines\\PhpEngine->evaluatePath()
#15 /home/u411614341/domains/cms.oraclemachinetech.com/public_html/vendor/laravel/framework/src/Illuminate/View/View.php(195): Illuminate\\View\\Engines\\CompilerEngine->get()
#16 /home/u411614341/domains/cms.oraclemachinetech.com/public_html/vendor/laravel/framework/src/Illuminate/View/View.php(178): Illuminate\\View\\View->getContents()
#17 /home/u411614341/domains/cms.oraclemachinetech.com/public_html/vendor/laravel/framework/src/Illuminate/View/View.php(147): Illuminate\\View\\View->renderContents()
#18 /home/u411614341/domains/cms.oraclemachinetech.com/public_html/vendor/laravel/framework/src/Illuminate/Http/Response.php(69): Illuminate\\View\\View->render()
#19 /home/u411614341/domains/cms.oraclemachinetech.com/public_html/vendor/laravel/framework/src/Illuminate/Http/Response.php(35): Illuminate\\Http\\Response->setContent()
#20 /home/u411614341/domains/cms.oraclemachinetech.com/public_html/vendor/laravel/framework/src/Illuminate/Routing/Router.php(911): Illuminate\\Http\\Response->__construct()
#21 /home/u411614341/domains/cms.oraclemachinetech.com/public_html/vendor/laravel/framework/src/Illuminate/Routing/Router.php(878): Illuminate\\Routing\\Router::toResponse()
#22 /home/u411614341/domains/cms.oraclemachinetech.com/public_html/vendor/laravel/framework/src/Illuminate/Routing/Router.php(799): Illuminate\\Routing\\Router->prepareResponse()
#23 /home/u411614341/domains/cms.oraclemachinetech.com/public_html/vendor/laravel/framework/src/Illuminate/Pipeline/Pipeline.php(141): Illuminate\\Routing\\Router->Illuminate\\Routing\\{closure}()
#24 /home/u411614341/domains/cms.oraclemachinetech.com/public_html/vendor/laravel/framework/src/Illuminate/Routing/Middleware/SubstituteBindings.php(50): Illuminate\\Pipeline\\Pipeline->Illuminate\\Pipeline\\{closure}()
#25 /home/u411614341/domains/cms.oraclemachinetech.com/public_html/vendor/laravel/framework/src/Illuminate/Pipeline/Pipeline.php(180): Illuminate\\Routing\\Middleware\\SubstituteBindings->handle()
#26 /home/u411614341/domains/cms.oraclemachinetech.com/public_html/vendor/laravel/framework/src/Illuminate/Auth/Middleware/Authenticate.php(57): Illuminate\\Pipeline\\Pipeline->Illuminate\\Pipeline\\{closure}()
#27 /home/u411614341/domains/cms.oraclemachinetech.com/public_html/vendor/laravel/framework/src/Illuminate/Pipeline/Pipeline.php(180): Illuminate\\Auth\\Middleware\\Authenticate->handle()
#28 /home/u411614341/domains/cms.oraclemachinetech.com/public_html/app/Http/Middleware/Localization.php(24): Illuminate\\Pipeline\\Pipeline->Illuminate\\Pipeline\\{closure}()
#29 /home/u411614341/domains/cms.oraclemachinetech.com/public_html/vendor/laravel/framework/src/Illuminate/Pipeline/Pipeline.php(180): App\\Http\\Middleware\\Localization->handle()
#30 /home/u411614341/domains/cms.oraclemachinetech.com/public_html/vendor/laravel/framework/src/Illuminate/Foundation/Http/Middleware/VerifyCsrfToken.php(78): Illuminate\\Pipeline\\Pipeline->Illuminate\\Pipeline\\{closure}()
#31 /home/u411614341/domains/cms.oraclemachinetech.com/public_html/vendor/laravel/framework/src/Illuminate/Pipeline/Pipeline.php(180): Illuminate\\Foundation\\Http\\Middleware\\VerifyCsrfToken->handle()
#32 /home/u411614341/domains/cms.oraclemachinetech.com/public_html/vendor/laravel/framework/src/Illuminate/View/Middleware/ShareErrorsFromSession.php(49): Illuminate\\Pipeline\\Pipeline->Illuminate\\Pipeline\\{closure}()
#33 /home/u411614341/domains/cms.oraclemachinetech.com/public_html/vendor/laravel/framework/src/Illuminate/Pipeline/Pipeline.php(180): Illuminate\\View\\Middleware\\ShareErrorsFromSession->handle()
#34 /home/u411614341/domains/cms.oraclemachinetech.com/public_html/vendor/laravel/framework/src/Illuminate/Session/Middleware/StartSession.php(121): Illuminate\\Pipeline\\Pipeline->Illuminate\\Pipeline\\{closure}()
#35 /home/u411614341/domains/cms.oraclemachinetech.com/public_html/vendor/laravel/framework/src/Illuminate/Session/Middleware/StartSession.php(64): Illuminate\\Session\\Middleware\\StartSession->handleStatefulRequest()
#36 /home/u411614341/domains/cms.oraclemachinetech.com/public_html/vendor/laravel/framework/src/Illuminate/Pipeline/Pipeline.php(180): Illuminate\\Session\\Middleware\\StartSession->handle()
#37 /home/u411614341/domains/cms.oraclemachinetech.com/public_html/vendor/laravel/framework/src/Illuminate/Cookie/Middleware/AddQueuedCookiesToResponse.php(37): Illuminate\\Pipeline\\Pipeline->Illuminate\\Pipeline\\{closure}()
#38 /home/u411614341/domains/cms.oraclemachinetech.com/public_html/vendor/laravel/framework/src/Illuminate/Pipeline/Pipeline.php(180): Illuminate\\Cookie\\Middleware\\AddQueuedCookiesToResponse->handle()
#39 /home/u411614341/domains/cms.oraclemachinetech.com/public_html/vendor/laravel/framework/src/Illuminate/Cookie/Middleware/EncryptCookies.php(67): Illuminate\\Pipeline\\Pipeline->Illuminate\\Pipeline\\{closure}()
#40 /home/u411614341/domains/cms.oraclemachinetech.com/public_html/vendor/laravel/framework/src/Illuminate/Pipeline/Pipeline.php(180): Illuminate\\Cookie\\Middleware\\EncryptCookies->handle()
#41 /home/u411614341/domains/cms.oraclemachinetech.com/public_html/vendor/laravel/framework/src/Illuminate/Pipeline/Pipeline.php(116): Illuminate\\Pipeline\\Pipeline->Illuminate\\Pipeline\\{closure}()
#42 /home/u411614341/domains/cms.oraclemachinetech.com/public_html/vendor/laravel/framework/src/Illuminate/Routing/Router.php(800): Illuminate\\Pipeline\\Pipeline->then()
#43 /home/u411614341/domains/cms.oraclemachinetech.com/public_html/vendor/laravel/framework/src/Illuminate/Routing/Router.php(777): Illuminate\\Routing\\Router->runRouteWithinStack()
#44 /home/u411614341/domains/cms.oraclemachinetech.com/public_html/vendor/laravel/framework/src/Illuminate/Routing/Router.php(741): Illuminate\\Routing\\Router->runRoute()
#45 /home/u411614341/domains/cms.oraclemachinetech.com/public_html/vendor/laravel/framework/src/Illuminate/Routing/Router.php(730): Illuminate\\Routing\\Router->dispatchToRoute()
#46 /home/u411614341/domains/cms.oraclemachinetech.com/public_html/vendor/laravel/framework/src/Illuminate/Foundation/Http/Kernel.php(200): Illuminate\\Routing\\Router->dispatch()
#47 /home/u411614341/domains/cms.oraclemachinetech.com/public_html/vendor/laravel/framework/src/Illuminate/Pipeline/Pipeline.php(141): Illuminate\\Foundation\\Http\\Kernel->Illuminate\\Foundation\\Http\\{closure}()
#48 /home/u411614341/domains/cms.oraclemachinetech.com/public_html/vendor/laravel/framework/src/Illuminate/Foundation/Http/Middleware/TransformsRequest.php(21): Illuminate\\Pipeline\\Pipeline->Illuminate\\Pipeline\\{closure}()
#49 /home/u411614341/domains/cms.oraclemachinetech.com/public_html/vendor/laravel/framework/src/Illuminate/Foundation/Http/Middleware/ConvertEmptyStringsToNull.php(31): Illuminate\\Foundation\\Http\\Middleware\\TransformsRequest->handle()
#50 /home/u411614341/domains/cms.oraclemachinetech.com/public_html/vendor/laravel/framework/src/Illuminate/Pipeline/Pipeline.php(180): Illuminate\\Foundation\\Http\\Middleware\\ConvertEmptyStringsToNull->handle()
#51 /home/u411614341/domains/cms.oraclemachinetech.com/public_html/vendor/laravel/framework/src/Illuminate/Foundation/Http/Middleware/TransformsRequest.php(21): Illuminate\\Pipeline\\Pipeline->Illuminate\\Pipeline\\{closure}()
#52 /home/u411614341/domains/cms.oraclemachinetech.com/public_html/vendor/laravel/framework/src/Illuminate/Foundation/Http/Middleware/TrimStrings.php(40): Illuminate\\Foundation\\Http\\Middleware\\TransformsRequest->handle()
#53 /home/u411614341/domains/cms.oraclemachinetech.com/public_html/vendor/laravel/framework/src/Illuminate/Pipeline/Pipeline.php(180): Illuminate\\Foundation\\Http\\Middleware\\TrimStrings->handle()
#54 /home/u411614341/domains/cms.oraclemachinetech.com/public_html/vendor/laravel/framework/src/Illuminate/Foundation/Http/Middleware/ValidatePostSize.php(27): Illuminate\\Pipeline\\Pipeline->Illuminate\\Pipeline\\{closure}()
#55 /home/u411614341/domains/cms.oraclemachinetech.com/public_html/vendor/laravel/framework/src/Illuminate/Pipeline/Pipeline.php(180): Illuminate\\Foundation\\Http\\Middleware\\ValidatePostSize->handle()
#56 /home/u411614341/domains/cms.oraclemachinetech.com/public_html/vendor/laravel/framework/src/Illuminate/Foundation/Http/Middleware/PreventRequestsDuringMaintenance.php(89): Illuminate\\Pipeline\\Pipeline->Illuminate\\Pipeline\\{closure}()
#57 /home/u411614341/domains/cms.oraclemachinetech.com/public_html/vendor/laravel/framework/src/Illuminate/Pipeline/Pipeline.php(180): Illuminate\\Foundation\\Http\\Middleware\\PreventRequestsDuringMaintenance->handle()
#58 /home/u411614341/domains/cms.oraclemachinetech.com/public_html/vendor/laravel/framework/src/Illuminate/Http/Middleware/HandleCors.php(49): Illuminate\\Pipeline\\Pipeline->Illuminate\\Pipeline\\{closure}()
#59 /home/u411614341/domains/cms.oraclemachinetech.com/public_html/vendor/laravel/framework/src/Illuminate/Pipeline/Pipeline.php(180): Illuminate\\Http\\Middleware\\HandleCors->handle()
#60 /home/u411614341/domains/cms.oraclemachinetech.com/public_html/vendor/laravel/framework/src/Illuminate/Http/Middleware/TrustProxies.php(39): Illuminate\\Pipeline\\Pipeline->Illuminate\\Pipeline\\{closure}()
#61 /home/u411614341/domains/cms.oraclemachinetech.com/public_html/vendor/laravel/framework/src/Illuminate/Pipeline/Pipeline.php(180): Illuminate\\Http\\Middleware\\TrustProxies->handle()
#62 /home/u411614341/domains/cms.oraclemachinetech.com/public_html/vendor/laravel/framework/src/Illuminate/Pipeline/Pipeline.php(116): Illuminate\\Pipeline\\Pipeline->Illuminate\\Pipeline\\{closure}()
#63 /home/u411614341/domains/cms.oraclemachinetech.com/public_html/vendor/laravel/framework/src/Illuminate/Foundation/Http/Kernel.php(175): Illuminate\\Pipeline\\Pipeline->then()
#64 /home/u411614341/domains/cms.oraclemachinetech.com/public_html/vendor/laravel/framework/src/Illuminate/Foundation/Http/Kernel.php(144): Illuminate\\Foundation\\Http\\Kernel->sendRequestThroughRouter()
#65 /home/u411614341/domains/cms.oraclemachinetech.com/public_html/index.php(52): Illuminate\\Foundation\\Http\\Kernel->handle()
#66 {main}
"} 
[2024-11-27 10:47:58] local.ERROR: SQLSTATE[42S22]: Column not found: 1054 Unknown column 'invoice.customer_id' in 'ON' (Connection: mysql, SQL: select `invoice`.*, `customer`.`id` as `customer_id`, `invoice`.`invoice_id` as `invoice_id` from `customer` left join `invoice` on `invoice`.`customer_id` = `customer`.`id` order by `customer`.`id` desc) {"view":{"view":"/home/u411614341/domains/cms.oraclemachinetech.com/public_html/resources/views/vender.blade.php","data":[]},"userId":1,"exception":"[object] (Spatie\\LaravelIgnition\\Exceptions\\ViewException(code: 0): SQLSTATE[42S22]: Column not found: 1054 Unknown column 'invoice.customer_id' in 'ON' (Connection: mysql, SQL: select `invoice`.*, `customer`.`id` as `customer_id`, `invoice`.`invoice_id` as `invoice_id` from `customer` left join `invoice` on `invoice`.`customer_id` = `customer`.`id` order by `customer`.`id` desc) at /home/u411614341/domains/cms.oraclemachinetech.com/public_html/vendor/laravel/framework/src/Illuminate/Database/Connection.php:801)
[stacktrace]
#0 /home/u411614341/domains/cms.oraclemachinetech.com/public_html/vendor/laravel/framework/src/Illuminate/Database/Connection.php(755): Illuminate\\Database\\Connection->runQueryCallback()
#1 /home/u411614341/domains/cms.oraclemachinetech.com/public_html/vendor/laravel/framework/src/Illuminate/Database/Connection.php(424): Illuminate\\Database\\Connection->run()
#2 /home/u411614341/domains/cms.oraclemachinetech.com/public_html/vendor/laravel/framework/src/Illuminate/Database/Query/Builder.php(2752): Illuminate\\Database\\Connection->select()
#3 /home/u411614341/domains/cms.oraclemachinetech.com/public_html/vendor/laravel/framework/src/Illuminate/Database/Query/Builder.php(2740): Illuminate\\Database\\Query\\Builder->runSelect()
#4 /home/u411614341/domains/cms.oraclemachinetech.com/public_html/vendor/laravel/framework/src/Illuminate/Database/Query/Builder.php(3294): Illuminate\\Database\\Query\\Builder->Illuminate\\Database\\Query\\{closure}()
#5 /home/u411614341/domains/cms.oraclemachinetech.com/public_html/vendor/laravel/framework/src/Illuminate/Database/Query/Builder.php(2741): Illuminate\\Database\\Query\\Builder->onceWithColumns()
#6 /home/u411614341/domains/cms.oraclemachinetech.com/public_html/vendor/laravel/framework/src/Illuminate/Database/Eloquent/Builder.php(737): Illuminate\\Database\\Query\\Builder->get()
#7 /home/u411614341/domains/cms.oraclemachinetech.com/public_html/vendor/laravel/framework/src/Illuminate/Database/Eloquent/Builder.php(721): Illuminate\\Database\\Eloquent\\Builder->getModels()
#8 /home/u411614341/domains/cms.oraclemachinetech.com/public_html/resources/views/vender.blade.php(22): Illuminate\\Database\\Eloquent\\Builder->get()
#9 /home/u411614341/domains/cms.oraclemachinetech.com/public_html/vendor/laravel/framework/src/Illuminate/Filesystem/Filesystem.php(124): require('/home/u41161434...')
#10 /home/u411614341/domains/cms.oraclemachinetech.com/public_html/vendor/laravel/framework/src/Illuminate/Filesystem/Filesystem.php(125): Illuminate\\Filesystem\\Filesystem::Illuminate\\Filesystem\\{closure}()
#11 /home/u411614341/domains/cms.oraclemachinetech.com/public_html/vendor/laravel/framework/src/Illuminate/View/Engines/PhpEngine.php(58): Illuminate\\Filesystem\\Filesystem->getRequire()
#12 /home/u411614341/domains/cms.oraclemachinetech.com/public_html/vendor/laravel/framework/src/Illuminate/View/Engines/CompilerEngine.php(72): Illuminate\\View\\Engines\\PhpEngine->evaluatePath()
#13 /home/u411614341/domains/cms.oraclemachinetech.com/public_html/vendor/laravel/framework/src/Illuminate/View/View.php(195): Illuminate\\View\\Engines\\CompilerEngine->get()
#14 /home/u411614341/domains/cms.oraclemachinetech.com/public_html/vendor/laravel/framework/src/Illuminate/View/View.php(178): Illuminate\\View\\View->getContents()
#15 /home/u411614341/domains/cms.oraclemachinetech.com/public_html/vendor/laravel/framework/src/Illuminate/View/View.php(147): Illuminate\\View\\View->renderContents()
#16 /home/u411614341/domains/cms.oraclemachinetech.com/public_html/vendor/laravel/framework/src/Illuminate/Http/Response.php(69): Illuminate\\View\\View->render()
#17 /home/u411614341/domains/cms.oraclemachinetech.com/public_html/vendor/laravel/framework/src/Illuminate/Http/Response.php(35): Illuminate\\Http\\Response->setContent()
#18 /home/u411614341/domains/cms.oraclemachinetech.com/public_html/vendor/laravel/framework/src/Illuminate/Routing/Router.php(911): Illuminate\\Http\\Response->__construct()
#19 /home/u411614341/domains/cms.oraclemachinetech.com/public_html/vendor/laravel/framework/src/Illuminate/Routing/Router.php(878): Illuminate\\Routing\\Router::toResponse()
#20 /home/u411614341/domains/cms.oraclemachinetech.com/public_html/vendor/laravel/framework/src/Illuminate/Routing/Router.php(799): Illuminate\\Routing\\Router->prepareResponse()
#21 /home/u411614341/domains/cms.oraclemachinetech.com/public_html/vendor/laravel/framework/src/Illuminate/Pipeline/Pipeline.php(141): Illuminate\\Routing\\Router->Illuminate\\Routing\\{closure}()
#22 /home/u411614341/domains/cms.oraclemachinetech.com/public_html/vendor/laravel/framework/src/Illuminate/Routing/Middleware/SubstituteBindings.php(50): Illuminate\\Pipeline\\Pipeline->Illuminate\\Pipeline\\{closure}()
#23 /home/u411614341/domains/cms.oraclemachinetech.com/public_html/vendor/laravel/framework/src/Illuminate/Pipeline/Pipeline.php(180): Illuminate\\Routing\\Middleware\\SubstituteBindings->handle()
#24 /home/u411614341/domains/cms.oraclemachinetech.com/public_html/vendor/laravel/framework/src/Illuminate/Auth/Middleware/Authenticate.php(57): Illuminate\\Pipeline\\Pipeline->Illuminate\\Pipeline\\{closure}()
#25 /home/u411614341/domains/cms.oraclemachinetech.com/public_html/vendor/laravel/framework/src/Illuminate/Pipeline/Pipeline.php(180): Illuminate\\Auth\\Middleware\\Authenticate->handle()
#26 /home/u411614341/domains/cms.oraclemachinetech.com/public_html/app/Http/Middleware/Localization.php(24): Illuminate\\Pipeline\\Pipeline->Illuminate\\Pipeline\\{closure}()
#27 /home/u411614341/domains/cms.oraclemachinetech.com/public_html/vendor/laravel/framework/src/Illuminate/Pipeline/Pipeline.php(180): App\\Http\\Middleware\\Localization->handle()
#28 /home/u411614341/domains/cms.oraclemachinetech.com/public_html/vendor/laravel/framework/src/Illuminate/Foundation/Http/Middleware/VerifyCsrfToken.php(78): Illuminate\\Pipeline\\Pipeline->Illuminate\\Pipeline\\{closure}()
#29 /home/u411614341/domains/cms.oraclemachinetech.com/public_html/vendor/laravel/framework/src/Illuminate/Pipeline/Pipeline.php(180): Illuminate\\Foundation\\Http\\Middleware\\VerifyCsrfToken->handle()
#30 /home/u411614341/domains/cms.oraclemachinetech.com/public_html/vendor/laravel/framework/src/Illuminate/View/Middleware/ShareErrorsFromSession.php(49): Illuminate\\Pipeline\\Pipeline->Illuminate\\Pipeline\\{closure}()
#31 /home/u411614341/domains/cms.oraclemachinetech.com/public_html/vendor/laravel/framework/src/Illuminate/Pipeline/Pipeline.php(180): Illuminate\\View\\Middleware\\ShareErrorsFromSession->handle()
#32 /home/u411614341/domains/cms.oraclemachinetech.com/public_html/vendor/laravel/framework/src/Illuminate/Session/Middleware/StartSession.php(121): Illuminate\\Pipeline\\Pipeline->Illuminate\\Pipeline\\{closure}()
#33 /home/u411614341/domains/cms.oraclemachinetech.com/public_html/vendor/laravel/framework/src/Illuminate/Session/Middleware/StartSession.php(64): Illuminate\\Session\\Middleware\\StartSession->handleStatefulRequest()
#34 /home/u411614341/domains/cms.oraclemachinetech.com/public_html/vendor/laravel/framework/src/Illuminate/Pipeline/Pipeline.php(180): Illuminate\\Session\\Middleware\\StartSession->handle()
#35 /home/u411614341/domains/cms.oraclemachinetech.com/public_html/vendor/laravel/framework/src/Illuminate/Cookie/Middleware/AddQueuedCookiesToResponse.php(37): Illuminate\\Pipeline\\Pipeline->Illuminate\\Pipeline\\{closure}()
#36 /home/u411614341/domains/cms.oraclemachinetech.com/public_html/vendor/laravel/framework/src/Illuminate/Pipeline/Pipeline.php(180): Illuminate\\Cookie\\Middleware\\AddQueuedCookiesToResponse->handle()
#37 /home/u411614341/domains/cms.oraclemachinetech.com/public_html/vendor/laravel/framework/src/Illuminate/Cookie/Middleware/EncryptCookies.php(67): Illuminate\\Pipeline\\Pipeline->Illuminate\\Pipeline\\{closure}()
#38 /home/u411614341/domains/cms.oraclemachinetech.com/public_html/vendor/laravel/framework/src/Illuminate/Pipeline/Pipeline.php(180): Illuminate\\Cookie\\Middleware\\EncryptCookies->handle()
#39 /home/u411614341/domains/cms.oraclemachinetech.com/public_html/vendor/laravel/framework/src/Illuminate/Pipeline/Pipeline.php(116): Illuminate\\Pipeline\\Pipeline->Illuminate\\Pipeline\\{closure}()
#40 /home/u411614341/domains/cms.oraclemachinetech.com/public_html/vendor/laravel/framework/src/Illuminate/Routing/Router.php(800): Illuminate\\Pipeline\\Pipeline->then()
#41 /home/u411614341/domains/cms.oraclemachinetech.com/public_html/vendor/laravel/framework/src/Illuminate/Routing/Router.php(777): Illuminate\\Routing\\Router->runRouteWithinStack()
#42 /home/u411614341/domains/cms.oraclemachinetech.com/public_html/vendor/laravel/framework/src/Illuminate/Routing/Router.php(741): Illuminate\\Routing\\Router->runRoute()
#43 /home/u411614341/domains/cms.oraclemachinetech.com/public_html/vendor/laravel/framework/src/Illuminate/Routing/Router.php(730): Illuminate\\Routing\\Router->dispatchToRoute()
#44 /home/u411614341/domains/cms.oraclemachinetech.com/public_html/vendor/laravel/framework/src/Illuminate/Foundation/Http/Kernel.php(200): Illuminate\\Routing\\Router->dispatch()
#45 /home/u411614341/domains/cms.oraclemachinetech.com/public_html/vendor/laravel/framework/src/Illuminate/Pipeline/Pipeline.php(141): Illuminate\\Foundation\\Http\\Kernel->Illuminate\\Foundation\\Http\\{closure}()
#46 /home/u411614341/domains/cms.oraclemachinetech.com/public_html/vendor/laravel/framework/src/Illuminate/Foundation/Http/Middleware/TransformsRequest.php(21): Illuminate\\Pipeline\\Pipeline->Illuminate\\Pipeline\\{closure}()
#47 /home/u411614341/domains/cms.oraclemachinetech.com/public_html/vendor/laravel/framework/src/Illuminate/Foundation/Http/Middleware/ConvertEmptyStringsToNull.php(31): Illuminate\\Foundation\\Http\\Middleware\\TransformsRequest->handle()
#48 /home/u411614341/domains/cms.oraclemachinetech.com/public_html/vendor/laravel/framework/src/Illuminate/Pipeline/Pipeline.php(180): Illuminate\\Foundation\\Http\\Middleware\\ConvertEmptyStringsToNull->handle()
#49 /home/u411614341/domains/cms.oraclemachinetech.com/public_html/vendor/laravel/framework/src/Illuminate/Foundation/Http/Middleware/TransformsRequest.php(21): Illuminate\\Pipeline\\Pipeline->Illuminate\\Pipeline\\{closure}()
#50 /home/u411614341/domains/cms.oraclemachinetech.com/public_html/vendor/laravel/framework/src/Illuminate/Foundation/Http/Middleware/TrimStrings.php(40): Illuminate\\Foundation\\Http\\Middleware\\TransformsRequest->handle()
#51 /home/u411614341/domains/cms.oraclemachinetech.com/public_html/vendor/laravel/framework/src/Illuminate/Pipeline/Pipeline.php(180): Illuminate\\Foundation\\Http\\Middleware\\TrimStrings->handle()
#52 /home/u411614341/domains/cms.oraclemachinetech.com/public_html/vendor/laravel/framework/src/Illuminate/Foundation/Http/Middleware/ValidatePostSize.php(27): Illuminate\\Pipeline\\Pipeline->Illuminate\\Pipeline\\{closure}()
#53 /home/u411614341/domains/cms.oraclemachinetech.com/public_html/vendor/laravel/framework/src/Illuminate/Pipeline/Pipeline.php(180): Illuminate\\Foundation\\Http\\Middleware\\ValidatePostSize->handle()
#54 /home/u411614341/domains/cms.oraclemachinetech.com/public_html/vendor/laravel/framework/src/Illuminate/Foundation/Http/Middleware/PreventRequestsDuringMaintenance.php(89): Illuminate\\Pipeline\\Pipeline->Illuminate\\Pipeline\\{closure}()
#55 /home/u411614341/domains/cms.oraclemachinetech.com/public_html/vendor/laravel/framework/src/Illuminate/Pipeline/Pipeline.php(180): Illuminate\\Foundation\\Http\\Middleware\\PreventRequestsDuringMaintenance->handle()
#56 /home/u411614341/domains/cms.oraclemachinetech.com/public_html/vendor/laravel/framework/src/Illuminate/Http/Middleware/HandleCors.php(49): Illuminate\\Pipeline\\Pipeline->Illuminate\\Pipeline\\{closure}()
#57 /home/u411614341/domains/cms.oraclemachinetech.com/public_html/vendor/laravel/framework/src/Illuminate/Pipeline/Pipeline.php(180): Illuminate\\Http\\Middleware\\HandleCors->handle()
#58 /home/u411614341/domains/cms.oraclemachinetech.com/public_html/vendor/laravel/framework/src/Illuminate/Http/Middleware/TrustProxies.php(39): Illuminate\\Pipeline\\Pipeline->Illuminate\\Pipeline\\{closure}()
#59 /home/u411614341/domains/cms.oraclemachinetech.com/public_html/vendor/laravel/framework/src/Illuminate/Pipeline/Pipeline.php(180): Illuminate\\Http\\Middleware\\TrustProxies->handle()
#60 /home/u411614341/domains/cms.oraclemachinetech.com/public_html/vendor/laravel/framework/src/Illuminate/Pipeline/Pipeline.php(116): Illuminate\\Pipeline\\Pipeline->Illuminate\\Pipeline\\{closure}()
#61 /home/u411614341/domains/cms.oraclemachinetech.com/public_html/vendor/laravel/framework/src/Illuminate/Foundation/Http/Kernel.php(175): Illuminate\\Pipeline\\Pipeline->then()
#62 /home/u411614341/domains/cms.oraclemachinetech.com/public_html/vendor/laravel/framework/src/Illuminate/Foundation/Http/Kernel.php(144): Illuminate\\Foundation\\Http\\Kernel->sendRequestThroughRouter()
#63 /home/u411614341/domains/cms.oraclemachinetech.com/public_html/index.php(52): Illuminate\\Foundation\\Http\\Kernel->handle()
#64 {main}

[previous exception] [object] (Illuminate\\Database\\QueryException(code: 42S22): SQLSTATE[42S22]: Column not found: 1054 Unknown column 'invoice.customer_id' in 'ON' (Connection: mysql, SQL: select `invoice`.*, `customer`.`id` as `customer_id`, `invoice`.`invoice_id` as `invoice_id` from `customer` left join `invoice` on `invoice`.`customer_id` = `customer`.`id` order by `customer`.`id` desc) at /home/u411614341/domains/cms.oraclemachinetech.com/public_html/vendor/laravel/framework/src/Illuminate/Database/Connection.php:801)
[stacktrace]
#0 /home/u411614341/domains/cms.oraclemachinetech.com/public_html/vendor/laravel/framework/src/Illuminate/Database/Connection.php(755): Illuminate\\Database\\Connection->runQueryCallback()
#1 /home/u411614341/domains/cms.oraclemachinetech.com/public_html/vendor/laravel/framework/src/Illuminate/Database/Connection.php(424): Illuminate\\Database\\Connection->run()
#2 /home/u411614341/domains/cms.oraclemachinetech.com/public_html/vendor/laravel/framework/src/Illuminate/Database/Query/Builder.php(2752): Illuminate\\Database\\Connection->select()
#3 /home/u411614341/domains/cms.oraclemachinetech.com/public_html/vendor/laravel/framework/src/Illuminate/Database/Query/Builder.php(2740): Illuminate\\Database\\Query\\Builder->runSelect()
#4 /home/u411614341/domains/cms.oraclemachinetech.com/public_html/vendor/laravel/framework/src/Illuminate/Database/Query/Builder.php(3294): Illuminate\\Database\\Query\\Builder->Illuminate\\Database\\Query\\{closure}()
#5 /home/u411614341/domains/cms.oraclemachinetech.com/public_html/vendor/laravel/framework/src/Illuminate/Database/Query/Builder.php(2741): Illuminate\\Database\\Query\\Builder->onceWithColumns()
#6 /home/u411614341/domains/cms.oraclemachinetech.com/public_html/vendor/laravel/framework/src/Illuminate/Database/Eloquent/Builder.php(737): Illuminate\\Database\\Query\\Builder->get()
#7 /home/u411614341/domains/cms.oraclemachinetech.com/public_html/vendor/laravel/framework/src/Illuminate/Database/Eloquent/Builder.php(721): Illuminate\\Database\\Eloquent\\Builder->getModels()
#8 /home/u411614341/domains/cms.oraclemachinetech.com/public_html/storage/framework/views/852c3469c3270bba82e1637df2fb4e41.php(26): Illuminate\\Database\\Eloquent\\Builder->get()
#9 /home/u411614341/domains/cms.oraclemachinetech.com/public_html/vendor/laravel/framework/src/Illuminate/Filesystem/Filesystem.php(124): require('/home/u41161434...')
#10 /home/u411614341/domains/cms.oraclemachinetech.com/public_html/vendor/laravel/framework/src/Illuminate/Filesystem/Filesystem.php(125): Illuminate\\Filesystem\\Filesystem::Illuminate\\Filesystem\\{closure}()
#11 /home/u411614341/domains/cms.oraclemachinetech.com/public_html/vendor/laravel/framework/src/Illuminate/View/Engines/PhpEngine.php(58): Illuminate\\Filesystem\\Filesystem->getRequire()
#12 /home/u411614341/domains/cms.oraclemachinetech.com/public_html/vendor/laravel/framework/src/Illuminate/View/Engines/CompilerEngine.php(72): Illuminate\\View\\Engines\\PhpEngine->evaluatePath()
#13 /home/u411614341/domains/cms.oraclemachinetech.com/public_html/vendor/laravel/framework/src/Illuminate/View/View.php(195): Illuminate\\View\\Engines\\CompilerEngine->get()
#14 /home/u411614341/domains/cms.oraclemachinetech.com/public_html/vendor/laravel/framework/src/Illuminate/View/View.php(178): Illuminate\\View\\View->getContents()
#15 /home/u411614341/domains/cms.oraclemachinetech.com/public_html/vendor/laravel/framework/src/Illuminate/View/View.php(147): Illuminate\\View\\View->renderContents()
#16 /home/u411614341/domains/cms.oraclemachinetech.com/public_html/vendor/laravel/framework/src/Illuminate/Http/Response.php(69): Illuminate\\View\\View->render()
#17 /home/u411614341/domains/cms.oraclemachinetech.com/public_html/vendor/laravel/framework/src/Illuminate/Http/Response.php(35): Illuminate\\Http\\Response->setContent()
#18 /home/u411614341/domains/cms.oraclemachinetech.com/public_html/vendor/laravel/framework/src/Illuminate/Routing/Router.php(911): Illuminate\\Http\\Response->__construct()
#19 /home/u411614341/domains/cms.oraclemachinetech.com/public_html/vendor/laravel/framework/src/Illuminate/Routing/Router.php(878): Illuminate\\Routing\\Router::toResponse()
#20 /home/u411614341/domains/cms.oraclemachinetech.com/public_html/vendor/laravel/framework/src/Illuminate/Routing/Router.php(799): Illuminate\\Routing\\Router->prepareResponse()
#21 /home/u411614341/domains/cms.oraclemachinetech.com/public_html/vendor/laravel/framework/src/Illuminate/Pipeline/Pipeline.php(141): Illuminate\\Routing\\Router->Illuminate\\Routing\\{closure}()
#22 /home/u411614341/domains/cms.oraclemachinetech.com/public_html/vendor/laravel/framework/src/Illuminate/Routing/Middleware/SubstituteBindings.php(50): Illuminate\\Pipeline\\Pipeline->Illuminate\\Pipeline\\{closure}()
#23 /home/u411614341/domains/cms.oraclemachinetech.com/public_html/vendor/laravel/framework/src/Illuminate/Pipeline/Pipeline.php(180): Illuminate\\Routing\\Middleware\\SubstituteBindings->handle()
#24 /home/u411614341/domains/cms.oraclemachinetech.com/public_html/vendor/laravel/framework/src/Illuminate/Auth/Middleware/Authenticate.php(57): Illuminate\\Pipeline\\Pipeline->Illuminate\\Pipeline\\{closure}()
#25 /home/u411614341/domains/cms.oraclemachinetech.com/public_html/vendor/laravel/framework/src/Illuminate/Pipeline/Pipeline.php(180): Illuminate\\Auth\\Middleware\\Authenticate->handle()
#26 /home/u411614341/domains/cms.oraclemachinetech.com/public_html/app/Http/Middleware/Localization.php(24): Illuminate\\Pipeline\\Pipeline->Illuminate\\Pipeline\\{closure}()
#27 /home/u411614341/domains/cms.oraclemachinetech.com/public_html/vendor/laravel/framework/src/Illuminate/Pipeline/Pipeline.php(180): App\\Http\\Middleware\\Localization->handle()
#28 /home/u411614341/domains/cms.oraclemachinetech.com/public_html/vendor/laravel/framework/src/Illuminate/Foundation/Http/Middleware/VerifyCsrfToken.php(78): Illuminate\\Pipeline\\Pipeline->Illuminate\\Pipeline\\{closure}()
#29 /home/u411614341/domains/cms.oraclemachinetech.com/public_html/vendor/laravel/framework/src/Illuminate/Pipeline/Pipeline.php(180): Illuminate\\Foundation\\Http\\Middleware\\VerifyCsrfToken->handle()
#30 /home/u411614341/domains/cms.oraclemachinetech.com/public_html/vendor/laravel/framework/src/Illuminate/View/Middleware/ShareErrorsFromSession.php(49): Illuminate\\Pipeline\\Pipeline->Illuminate\\Pipeline\\{closure}()
#31 /home/u411614341/domains/cms.oraclemachinetech.com/public_html/vendor/laravel/framework/src/Illuminate/Pipeline/Pipeline.php(180): Illuminate\\View\\Middleware\\ShareErrorsFromSession->handle()
#32 /home/u411614341/domains/cms.oraclemachinetech.com/public_html/vendor/laravel/framework/src/Illuminate/Session/Middleware/StartSession.php(121): Illuminate\\Pipeline\\Pipeline->Illuminate\\Pipeline\\{closure}()
#33 /home/u411614341/domains/cms.oraclemachinetech.com/public_html/vendor/laravel/framework/src/Illuminate/Session/Middleware/StartSession.php(64): Illuminate\\Session\\Middleware\\StartSession->handleStatefulRequest()
#34 /home/u411614341/domains/cms.oraclemachinetech.com/public_html/vendor/laravel/framework/src/Illuminate/Pipeline/Pipeline.php(180): Illuminate\\Session\\Middleware\\StartSession->handle()
#35 /home/u411614341/domains/cms.oraclemachinetech.com/public_html/vendor/laravel/framework/src/Illuminate/Cookie/Middleware/AddQueuedCookiesToResponse.php(37): Illuminate\\Pipeline\\Pipeline->Illuminate\\Pipeline\\{closure}()
#36 /home/u411614341/domains/cms.oraclemachinetech.com/public_html/vendor/laravel/framework/src/Illuminate/Pipeline/Pipeline.php(180): Illuminate\\Cookie\\Middleware\\AddQueuedCookiesToResponse->handle()
#37 /home/u411614341/domains/cms.oraclemachinetech.com/public_html/vendor/laravel/framework/src/Illuminate/Cookie/Middleware/EncryptCookies.php(67): Illuminate\\Pipeline\\Pipeline->Illuminate\\Pipeline\\{closure}()
#38 /home/u411614341/domains/cms.oraclemachinetech.com/public_html/vendor/laravel/framework/src/Illuminate/Pipeline/Pipeline.php(180): Illuminate\\Cookie\\Middleware\\EncryptCookies->handle()
#39 /home/u411614341/domains/cms.oraclemachinetech.com/public_html/vendor/laravel/framework/src/Illuminate/Pipeline/Pipeline.php(116): Illuminate\\Pipeline\\Pipeline->Illuminate\\Pipeline\\{closure}()
#40 /home/u411614341/domains/cms.oraclemachinetech.com/public_html/vendor/laravel/framework/src/Illuminate/Routing/Router.php(800): Illuminate\\Pipeline\\Pipeline->then()
#41 /home/u411614341/domains/cms.oraclemachinetech.com/public_html/vendor/laravel/framework/src/Illuminate/Routing/Router.php(777): Illuminate\\Routing\\Router->runRouteWithinStack()
#42 /home/u411614341/domains/cms.oraclemachinetech.com/public_html/vendor/laravel/framework/src/Illuminate/Routing/Router.php(741): Illuminate\\Routing\\Router->runRoute()
#43 /home/u411614341/domains/cms.oraclemachinetech.com/public_html/vendor/laravel/framework/src/Illuminate/Routing/Router.php(730): Illuminate\\Routing\\Router->dispatchToRoute()
#44 /home/u411614341/domains/cms.oraclemachinetech.com/public_html/vendor/laravel/framework/src/Illuminate/Foundation/Http/Kernel.php(200): Illuminate\\Routing\\Router->dispatch()
#45 /home/u411614341/domains/cms.oraclemachinetech.com/public_html/vendor/laravel/framework/src/Illuminate/Pipeline/Pipeline.php(141): Illuminate\\Foundation\\Http\\Kernel->Illuminate\\Foundation\\Http\\{closure}()
#46 /home/u411614341/domains/cms.oraclemachinetech.com/public_html/vendor/laravel/framework/src/Illuminate/Foundation/Http/Middleware/TransformsRequest.php(21): Illuminate\\Pipeline\\Pipeline->Illuminate\\Pipeline\\{closure}()
#47 /home/u411614341/domains/cms.oraclemachinetech.com/public_html/vendor/laravel/framework/src/Illuminate/Foundation/Http/Middleware/ConvertEmptyStringsToNull.php(31): Illuminate\\Foundation\\Http\\Middleware\\TransformsRequest->handle()
#48 /home/u411614341/domains/cms.oraclemachinetech.com/public_html/vendor/laravel/framework/src/Illuminate/Pipeline/Pipeline.php(180): Illuminate\\Foundation\\Http\\Middleware\\ConvertEmptyStringsToNull->handle()
#49 /home/u411614341/domains/cms.oraclemachinetech.com/public_html/vendor/laravel/framework/src/Illuminate/Foundation/Http/Middleware/TransformsRequest.php(21): Illuminate\\Pipeline\\Pipeline->Illuminate\\Pipeline\\{closure}()
#50 /home/u411614341/domains/cms.oraclemachinetech.com/public_html/vendor/laravel/framework/src/Illuminate/Foundation/Http/Middleware/TrimStrings.php(40): Illuminate\\Foundation\\Http\\Middleware\\TransformsRequest->handle()
#51 /home/u411614341/domains/cms.oraclemachinetech.com/public_html/vendor/laravel/framework/src/Illuminate/Pipeline/Pipeline.php(180): Illuminate\\Foundation\\Http\\Middleware\\TrimStrings->handle()
#52 /home/u411614341/domains/cms.oraclemachinetech.com/public_html/vendor/laravel/framework/src/Illuminate/Foundation/Http/Middleware/ValidatePostSize.php(27): Illuminate\\Pipeline\\Pipeline->Illuminate\\Pipeline\\{closure}()
#53 /home/u411614341/domains/cms.oraclemachinetech.com/public_html/vendor/laravel/framework/src/Illuminate/Pipeline/Pipeline.php(180): Illuminate\\Foundation\\Http\\Middleware\\ValidatePostSize->handle()
#54 /home/u411614341/domains/cms.oraclemachinetech.com/public_html/vendor/laravel/framework/src/Illuminate/Foundation/Http/Middleware/PreventRequestsDuringMaintenance.php(89): Illuminate\\Pipeline\\Pipeline->Illuminate\\Pipeline\\{closure}()
#55 /home/u411614341/domains/cms.oraclemachinetech.com/public_html/vendor/laravel/framework/src/Illuminate/Pipeline/Pipeline.php(180): Illuminate\\Foundation\\Http\\Middleware\\PreventRequestsDuringMaintenance->handle()
#56 /home/u411614341/domains/cms.oraclemachinetech.com/public_html/vendor/laravel/framework/src/Illuminate/Http/Middleware/HandleCors.php(49): Illuminate\\Pipeline\\Pipeline->Illuminate\\Pipeline\\{closure}()
#57 /home/u411614341/domains/cms.oraclemachinetech.com/public_html/vendor/laravel/framework/src/Illuminate/Pipeline/Pipeline.php(180): Illuminate\\Http\\Middleware\\HandleCors->handle()
#58 /home/u411614341/domains/cms.oraclemachinetech.com/public_html/vendor/laravel/framework/src/Illuminate/Http/Middleware/TrustProxies.php(39): Illuminate\\Pipeline\\Pipeline->Illuminate\\Pipeline\\{closure}()
#59 /home/u411614341/domains/cms.oraclemachinetech.com/public_html/vendor/laravel/framework/src/Illuminate/Pipeline/Pipeline.php(180): Illuminate\\Http\\Middleware\\TrustProxies->handle()
#60 /home/u411614341/domains/cms.oraclemachinetech.com/public_html/vendor/laravel/framework/src/Illuminate/Pipeline/Pipeline.php(116): Illuminate\\Pipeline\\Pipeline->Illuminate\\Pipeline\\{closure}()
#61 /home/u411614341/domains/cms.oraclemachinetech.com/public_html/vendor/laravel/framework/src/Illuminate/Foundation/Http/Kernel.php(175): Illuminate\\Pipeline\\Pipeline->then()
#62 /home/u411614341/domains/cms.oraclemachinetech.com/public_html/vendor/laravel/framework/src/Illuminate/Foundation/Http/Kernel.php(144): Illuminate\\Foundation\\Http\\Kernel->sendRequestThroughRouter()
#63 /home/u411614341/domains/cms.oraclemachinetech.com/public_html/index.php(52): Illuminate\\Foundation\\Http\\Kernel->handle()
#64 {main}

[previous exception] [object] (PDOException(code: 42S22): SQLSTATE[42S22]: Column not found: 1054 Unknown column 'invoice.customer_id' in 'ON' at /home/u411614341/domains/cms.oraclemachinetech.com/public_html/vendor/laravel/framework/src/Illuminate/Database/Connection.php:416)
[stacktrace]
#0 /home/u411614341/domains/cms.oraclemachinetech.com/public_html/vendor/laravel/framework/src/Illuminate/Database/Connection.php(416): PDO->prepare()
#1 /home/u411614341/domains/cms.oraclemachinetech.com/public_html/vendor/laravel/framework/src/Illuminate/Database/Connection.php(788): Illuminate\\Database\\Connection->Illuminate\\Database\\{closure}()
#2 /home/u411614341/domains/cms.oraclemachinetech.com/public_html/vendor/laravel/framework/src/Illuminate/Database/Connection.php(755): Illuminate\\Database\\Connection->runQueryCallback()
#3 /home/u411614341/domains/cms.oraclemachinetech.com/public_html/vendor/laravel/framework/src/Illuminate/Database/Connection.php(424): Illuminate\\Database\\Connection->run()
#4 /home/u411614341/domains/cms.oraclemachinetech.com/public_html/vendor/laravel/framework/src/Illuminate/Database/Query/Builder.php(2752): Illuminate\\Database\\Connection->select()
#5 /home/u411614341/domains/cms.oraclemachinetech.com/public_html/vendor/laravel/framework/src/Illuminate/Database/Query/Builder.php(2740): Illuminate\\Database\\Query\\Builder->runSelect()
#6 /home/u411614341/domains/cms.oraclemachinetech.com/public_html/vendor/laravel/framework/src/Illuminate/Database/Query/Builder.php(3294): Illuminate\\Database\\Query\\Builder->Illuminate\\Database\\Query\\{closure}()
#7 /home/u411614341/domains/cms.oraclemachinetech.com/public_html/vendor/laravel/framework/src/Illuminate/Database/Query/Builder.php(2741): Illuminate\\Database\\Query\\Builder->onceWithColumns()
#8 /home/u411614341/domains/cms.oraclemachinetech.com/public_html/vendor/laravel/framework/src/Illuminate/Database/Eloquent/Builder.php(737): Illuminate\\Database\\Query\\Builder->get()
#9 /home/u411614341/domains/cms.oraclemachinetech.com/public_html/vendor/laravel/framework/src/Illuminate/Database/Eloquent/Builder.php(721): Illuminate\\Database\\Eloquent\\Builder->getModels()
#10 /home/u411614341/domains/cms.oraclemachinetech.com/public_html/storage/framework/views/852c3469c3270bba82e1637df2fb4e41.php(26): Illuminate\\Database\\Eloquent\\Builder->get()
#11 /home/u411614341/domains/cms.oraclemachinetech.com/public_html/vendor/laravel/framework/src/Illuminate/Filesystem/Filesystem.php(124): require('/home/u41161434...')
#12 /home/u411614341/domains/cms.oraclemachinetech.com/public_html/vendor/laravel/framework/src/Illuminate/Filesystem/Filesystem.php(125): Illuminate\\Filesystem\\Filesystem::Illuminate\\Filesystem\\{closure}()
#13 /home/u411614341/domains/cms.oraclemachinetech.com/public_html/vendor/laravel/framework/src/Illuminate/View/Engines/PhpEngine.php(58): Illuminate\\Filesystem\\Filesystem->getRequire()
#14 /home/u411614341/domains/cms.oraclemachinetech.com/public_html/vendor/laravel/framework/src/Illuminate/View/Engines/CompilerEngine.php(72): Illuminate\\View\\Engines\\PhpEngine->evaluatePath()
#15 /home/u411614341/domains/cms.oraclemachinetech.com/public_html/vendor/laravel/framework/src/Illuminate/View/View.php(195): Illuminate\\View\\Engines\\CompilerEngine->get()
#16 /home/u411614341/domains/cms.oraclemachinetech.com/public_html/vendor/laravel/framework/src/Illuminate/View/View.php(178): Illuminate\\View\\View->getContents()
#17 /home/u411614341/domains/cms.oraclemachinetech.com/public_html/vendor/laravel/framework/src/Illuminate/View/View.php(147): Illuminate\\View\\View->renderContents()
#18 /home/u411614341/domains/cms.oraclemachinetech.com/public_html/vendor/laravel/framework/src/Illuminate/Http/Response.php(69): Illuminate\\View\\View->render()
#19 /home/u411614341/domains/cms.oraclemachinetech.com/public_html/vendor/laravel/framework/src/Illuminate/Http/Response.php(35): Illuminate\\Http\\Response->setContent()
#20 /home/u411614341/domains/cms.oraclemachinetech.com/public_html/vendor/laravel/framework/src/Illuminate/Routing/Router.php(911): Illuminate\\Http\\Response->__construct()
#21 /home/u411614341/domains/cms.oraclemachinetech.com/public_html/vendor/laravel/framework/src/Illuminate/Routing/Router.php(878): Illuminate\\Routing\\Router::toResponse()
#22 /home/u411614341/domains/cms.oraclemachinetech.com/public_html/vendor/laravel/framework/src/Illuminate/Routing/Router.php(799): Illuminate\\Routing\\Router->prepareResponse()
#23 /home/u411614341/domains/cms.oraclemachinetech.com/public_html/vendor/laravel/framework/src/Illuminate/Pipeline/Pipeline.php(141): Illuminate\\Routing\\Router->Illuminate\\Routing\\{closure}()
#24 /home/u411614341/domains/cms.oraclemachinetech.com/public_html/vendor/laravel/framework/src/Illuminate/Routing/Middleware/SubstituteBindings.php(50): Illuminate\\Pipeline\\Pipeline->Illuminate\\Pipeline\\{closure}()
#25 /home/u411614341/domains/cms.oraclemachinetech.com/public_html/vendor/laravel/framework/src/Illuminate/Pipeline/Pipeline.php(180): Illuminate\\Routing\\Middleware\\SubstituteBindings->handle()
#26 /home/u411614341/domains/cms.oraclemachinetech.com/public_html/vendor/laravel/framework/src/Illuminate/Auth/Middleware/Authenticate.php(57): Illuminate\\Pipeline\\Pipeline->Illuminate\\Pipeline\\{closure}()
#27 /home/u411614341/domains/cms.oraclemachinetech.com/public_html/vendor/laravel/framework/src/Illuminate/Pipeline/Pipeline.php(180): Illuminate\\Auth\\Middleware\\Authenticate->handle()
#28 /home/u411614341/domains/cms.oraclemachinetech.com/public_html/app/Http/Middleware/Localization.php(24): Illuminate\\Pipeline\\Pipeline->Illuminate\\Pipeline\\{closure}()
#29 /home/u411614341/domains/cms.oraclemachinetech.com/public_html/vendor/laravel/framework/src/Illuminate/Pipeline/Pipeline.php(180): App\\Http\\Middleware\\Localization->handle()
#30 /home/u411614341/domains/cms.oraclemachinetech.com/public_html/vendor/laravel/framework/src/Illuminate/Foundation/Http/Middleware/VerifyCsrfToken.php(78): Illuminate\\Pipeline\\Pipeline->Illuminate\\Pipeline\\{closure}()
#31 /home/u411614341/domains/cms.oraclemachinetech.com/public_html/vendor/laravel/framework/src/Illuminate/Pipeline/Pipeline.php(180): Illuminate\\Foundation\\Http\\Middleware\\VerifyCsrfToken->handle()
#32 /home/u411614341/domains/cms.oraclemachinetech.com/public_html/vendor/laravel/framework/src/Illuminate/View/Middleware/ShareErrorsFromSession.php(49): Illuminate\\Pipeline\\Pipeline->Illuminate\\Pipeline\\{closure}()
#33 /home/u411614341/domains/cms.oraclemachinetech.com/public_html/vendor/laravel/framework/src/Illuminate/Pipeline/Pipeline.php(180): Illuminate\\View\\Middleware\\ShareErrorsFromSession->handle()
#34 /home/u411614341/domains/cms.oraclemachinetech.com/public_html/vendor/laravel/framework/src/Illuminate/Session/Middleware/StartSession.php(121): Illuminate\\Pipeline\\Pipeline->Illuminate\\Pipeline\\{closure}()
#35 /home/u411614341/domains/cms.oraclemachinetech.com/public_html/vendor/laravel/framework/src/Illuminate/Session/Middleware/StartSession.php(64): Illuminate\\Session\\Middleware\\StartSession->handleStatefulRequest()
#36 /home/u411614341/domains/cms.oraclemachinetech.com/public_html/vendor/laravel/framework/src/Illuminate/Pipeline/Pipeline.php(180): Illuminate\\Session\\Middleware\\StartSession->handle()
#37 /home/u411614341/domains/cms.oraclemachinetech.com/public_html/vendor/laravel/framework/src/Illuminate/Cookie/Middleware/AddQueuedCookiesToResponse.php(37): Illuminate\\Pipeline\\Pipeline->Illuminate\\Pipeline\\{closure}()
#38 /home/u411614341/domains/cms.oraclemachinetech.com/public_html/vendor/laravel/framework/src/Illuminate/Pipeline/Pipeline.php(180): Illuminate\\Cookie\\Middleware\\AddQueuedCookiesToResponse->handle()
#39 /home/u411614341/domains/cms.oraclemachinetech.com/public_html/vendor/laravel/framework/src/Illuminate/Cookie/Middleware/EncryptCookies.php(67): Illuminate\\Pipeline\\Pipeline->Illuminate\\Pipeline\\{closure}()
#40 /home/u411614341/domains/cms.oraclemachinetech.com/public_html/vendor/laravel/framework/src/Illuminate/Pipeline/Pipeline.php(180): Illuminate\\Cookie\\Middleware\\EncryptCookies->handle()
#41 /home/u411614341/domains/cms.oraclemachinetech.com/public_html/vendor/laravel/framework/src/Illuminate/Pipeline/Pipeline.php(116): Illuminate\\Pipeline\\Pipeline->Illuminate\\Pipeline\\{closure}()
#42 /home/u411614341/domains/cms.oraclemachinetech.com/public_html/vendor/laravel/framework/src/Illuminate/Routing/Router.php(800): Illuminate\\Pipeline\\Pipeline->then()
#43 /home/u411614341/domains/cms.oraclemachinetech.com/public_html/vendor/laravel/framework/src/Illuminate/Routing/Router.php(777): Illuminate\\Routing\\Router->runRouteWithinStack()
#44 /home/u411614341/domains/cms.oraclemachinetech.com/public_html/vendor/laravel/framework/src/Illuminate/Routing/Router.php(741): Illuminate\\Routing\\Router->runRoute()
#45 /home/u411614341/domains/cms.oraclemachinetech.com/public_html/vendor/laravel/framework/src/Illuminate/Routing/Router.php(730): Illuminate\\Routing\\Router->dispatchToRoute()
#46 /home/u411614341/domains/cms.oraclemachinetech.com/public_html/vendor/laravel/framework/src/Illuminate/Foundation/Http/Kernel.php(200): Illuminate\\Routing\\Router->dispatch()
#47 /home/u411614341/domains/cms.oraclemachinetech.com/public_html/vendor/laravel/framework/src/Illuminate/Pipeline/Pipeline.php(141): Illuminate\\Foundation\\Http\\Kernel->Illuminate\\Foundation\\Http\\{closure}()
#48 /home/u411614341/domains/cms.oraclemachinetech.com/public_html/vendor/laravel/framework/src/Illuminate/Foundation/Http/Middleware/TransformsRequest.php(21): Illuminate\\Pipeline\\Pipeline->Illuminate\\Pipeline\\{closure}()
#49 /home/u411614341/domains/cms.oraclemachinetech.com/public_html/vendor/laravel/framework/src/Illuminate/Foundation/Http/Middleware/ConvertEmptyStringsToNull.php(31): Illuminate\\Foundation\\Http\\Middleware\\TransformsRequest->handle()
#50 /home/u411614341/domains/cms.oraclemachinetech.com/public_html/vendor/laravel/framework/src/Illuminate/Pipeline/Pipeline.php(180): Illuminate\\Foundation\\Http\\Middleware\\ConvertEmptyStringsToNull->handle()
#51 /home/u411614341/domains/cms.oraclemachinetech.com/public_html/vendor/laravel/framework/src/Illuminate/Foundation/Http/Middleware/TransformsRequest.php(21): Illuminate\\Pipeline\\Pipeline->Illuminate\\Pipeline\\{closure}()
#52 /home/u411614341/domains/cms.oraclemachinetech.com/public_html/vendor/laravel/framework/src/Illuminate/Foundation/Http/Middleware/TrimStrings.php(40): Illuminate\\Foundation\\Http\\Middleware\\TransformsRequest->handle()
#53 /home/u411614341/domains/cms.oraclemachinetech.com/public_html/vendor/laravel/framework/src/Illuminate/Pipeline/Pipeline.php(180): Illuminate\\Foundation\\Http\\Middleware\\TrimStrings->handle()
#54 /home/u411614341/domains/cms.oraclemachinetech.com/public_html/vendor/laravel/framework/src/Illuminate/Foundation/Http/Middleware/ValidatePostSize.php(27): Illuminate\\Pipeline\\Pipeline->Illuminate\\Pipeline\\{closure}()
#55 /home/u411614341/domains/cms.oraclemachinetech.com/public_html/vendor/laravel/framework/src/Illuminate/Pipeline/Pipeline.php(180): Illuminate\\Foundation\\Http\\Middleware\\ValidatePostSize->handle()
#56 /home/u411614341/domains/cms.oraclemachinetech.com/public_html/vendor/laravel/framework/src/Illuminate/Foundation/Http/Middleware/PreventRequestsDuringMaintenance.php(89): Illuminate\\Pipeline\\Pipeline->Illuminate\\Pipeline\\{closure}()
#57 /home/u411614341/domains/cms.oraclemachinetech.com/public_html/vendor/laravel/framework/src/Illuminate/Pipeline/Pipeline.php(180): Illuminate\\Foundation\\Http\\Middleware\\PreventRequestsDuringMaintenance->handle()
#58 /home/u411614341/domains/cms.oraclemachinetech.com/public_html/vendor/laravel/framework/src/Illuminate/Http/Middleware/HandleCors.php(49): Illuminate\\Pipeline\\Pipeline->Illuminate\\Pipeline\\{closure}()
#59 /home/u411614341/domains/cms.oraclemachinetech.com/public_html/vendor/laravel/framework/src/Illuminate/Pipeline/Pipeline.php(180): Illuminate\\Http\\Middleware\\HandleCors->handle()
#60 /home/u411614341/domains/cms.oraclemachinetech.com/public_html/vendor/laravel/framework/src/Illuminate/Http/Middleware/TrustProxies.php(39): Illuminate\\Pipeline\\Pipeline->Illuminate\\Pipeline\\{closure}()
#61 /home/u411614341/domains/cms.oraclemachinetech.com/public_html/vendor/laravel/framework/src/Illuminate/Pipeline/Pipeline.php(180): Illuminate\\Http\\Middleware\\TrustProxies->handle()
#62 /home/u411614341/domains/cms.oraclemachinetech.com/public_html/vendor/laravel/framework/src/Illuminate/Pipeline/Pipeline.php(116): Illuminate\\Pipeline\\Pipeline->Illuminate\\Pipeline\\{closure}()
#63 /home/u411614341/domains/cms.oraclemachinetech.com/public_html/vendor/laravel/framework/src/Illuminate/Foundation/Http/Kernel.php(175): Illuminate\\Pipeline\\Pipeline->then()
#64 /home/u411614341/domains/cms.oraclemachinetech.com/public_html/vendor/laravel/framework/src/Illuminate/Foundation/Http/Kernel.php(144): Illuminate\\Foundation\\Http\\Kernel->sendRequestThroughRouter()
#65 /home/u411614341/domains/cms.oraclemachinetech.com/public_html/index.php(52): Illuminate\\Foundation\\Http\\Kernel->handle()
#66 {main}
"} 
[2024-12-20 05:19:43] local.ERROR: SQLSTATE[42S22]: Column not found: 1054 Unknown column 'pono' in 'INSERT INTO' (Connection: mysql, SQL: insert into `invoice` (`invoice_id`, `date`, `paycondition`, `duedate`, `placesupply`, `challanno`, `pono`, `ewaybillno`, `ewaybilldate`, `despatchthrough`, `accountholder`, `bankaccountnumber`, `bankifsccode`, `bankname`, `bankbranchname`, `totalamountbeforetax`, `amount`, `amountwithtax`, `TransportVehicleNo`, `updated_at`, `created_at`) values (#VL31343944, 2024-12-11, 30, 2024-12-17, Gujarat, 123fefer, 123, veve, 2024-12-23, dewfe, Oracal Machine Tech, 7803 0500 0477, ICIC007803, ICIC Bank, Madodhar Branch, 6.48, 42.00, 36.00, gj12bq123, 2024-12-20 05:19:43, 2024-12-20 05:19:43)) {"userId":1,"exception":"[object] (Illuminate\\Database\\QueryException(code: 42S22): SQLSTATE[42S22]: Column not found: 1054 Unknown column 'pono' in 'INSERT INTO' (Connection: mysql, SQL: insert into `invoice` (`invoice_id`, `date`, `paycondition`, `duedate`, `placesupply`, `challanno`, `pono`, `ewaybillno`, `ewaybilldate`, `despatchthrough`, `accountholder`, `bankaccountnumber`, `bankifsccode`, `bankname`, `bankbranchname`, `totalamountbeforetax`, `amount`, `amountwithtax`, `TransportVehicleNo`, `updated_at`, `created_at`) values (#VL31343944, 2024-12-11, 30, 2024-12-17, Gujarat, 123fefer, 123, veve, 2024-12-23, dewfe, Oracal Machine Tech, 7803 0500 0477, ICIC007803, ICIC Bank, Madodhar Branch, 6.48, 42.00, 36.00, gj12bq123, 2024-12-20 05:19:43, 2024-12-20 05:19:43)) at /home/u411614341/domains/cms.oraclemachinetech.com/public_html/vendor/laravel/framework/src/Illuminate/Database/Connection.php:801)
[stacktrace]
#0 /home/u411614341/domains/cms.oraclemachinetech.com/public_html/vendor/laravel/framework/src/Illuminate/Database/Connection.php(755): Illuminate\\Database\\Connection->runQueryCallback()
#1 /home/u411614341/domains/cms.oraclemachinetech.com/public_html/vendor/laravel/framework/src/Illuminate/Database/Connection.php(581): Illuminate\\Database\\Connection->run()
#2 /home/u411614341/domains/cms.oraclemachinetech.com/public_html/vendor/laravel/framework/src/Illuminate/Database/Connection.php(533): Illuminate\\Database\\Connection->statement()
#3 /home/u411614341/domains/cms.oraclemachinetech.com/public_html/vendor/laravel/framework/src/Illuminate/Database/Query/Processors/Processor.php(32): Illuminate\\Database\\Connection->insert()
#4 /home/u411614341/domains/cms.oraclemachinetech.com/public_html/vendor/laravel/framework/src/Illuminate/Database/Query/Builder.php(3387): Illuminate\\Database\\Query\\Processors\\Processor->processInsertGetId()
#5 /home/u411614341/domains/cms.oraclemachinetech.com/public_html/vendor/laravel/framework/src/Illuminate/Database/Eloquent/Builder.php(1968): Illuminate\\Database\\Query\\Builder->insertGetId()
#6 /home/u411614341/domains/cms.oraclemachinetech.com/public_html/vendor/laravel/framework/src/Illuminate/Database/Eloquent/Model.php(1333): Illuminate\\Database\\Eloquent\\Builder->__call()
#7 /home/u411614341/domains/cms.oraclemachinetech.com/public_html/vendor/laravel/framework/src/Illuminate/Database/Eloquent/Model.php(1298): Illuminate\\Database\\Eloquent\\Model->insertAndSetId()
#8 /home/u411614341/domains/cms.oraclemachinetech.com/public_html/vendor/laravel/framework/src/Illuminate/Database/Eloquent/Model.php(1137): Illuminate\\Database\\Eloquent\\Model->performInsert()
#9 /home/u411614341/domains/cms.oraclemachinetech.com/public_html/vendor/laravel/framework/src/Illuminate/Database/Eloquent/Builder.php(1023): Illuminate\\Database\\Eloquent\\Model->save()
#10 /home/u411614341/domains/cms.oraclemachinetech.com/public_html/vendor/laravel/framework/src/Illuminate/Support/helpers.php(307): Illuminate\\Database\\Eloquent\\Builder->Illuminate\\Database\\Eloquent\\{closure}()
#11 /home/u411614341/domains/cms.oraclemachinetech.com/public_html/vendor/laravel/framework/src/Illuminate/Database/Eloquent/Builder.php(1024): tap()
#12 /home/u411614341/domains/cms.oraclemachinetech.com/public_html/vendor/laravel/framework/src/Illuminate/Support/Traits/ForwardsCalls.php(23): Illuminate\\Database\\Eloquent\\Builder->create()
#13 /home/u411614341/domains/cms.oraclemachinetech.com/public_html/vendor/laravel/framework/src/Illuminate/Database/Eloquent/Model.php(2333): Illuminate\\Database\\Eloquent\\Model->forwardCallTo()
#14 /home/u411614341/domains/cms.oraclemachinetech.com/public_html/vendor/laravel/framework/src/Illuminate/Database/Eloquent/Model.php(2345): Illuminate\\Database\\Eloquent\\Model->__call()
#15 /home/u411614341/domains/cms.oraclemachinetech.com/public_html/app/Http/Controllers/InvoiceController.php(119): Illuminate\\Database\\Eloquent\\Model::__callStatic()
#16 /home/u411614341/domains/cms.oraclemachinetech.com/public_html/vendor/laravel/framework/src/Illuminate/Routing/Controller.php(54): App\\Http\\Controllers\\InvoiceController->store()
#17 /home/u411614341/domains/cms.oraclemachinetech.com/public_html/vendor/laravel/framework/src/Illuminate/Routing/ControllerDispatcher.php(43): Illuminate\\Routing\\Controller->callAction()
#18 /home/u411614341/domains/cms.oraclemachinetech.com/public_html/vendor/laravel/framework/src/Illuminate/Routing/Route.php(260): Illuminate\\Routing\\ControllerDispatcher->dispatch()
#19 /home/u411614341/domains/cms.oraclemachinetech.com/public_html/vendor/laravel/framework/src/Illuminate/Routing/Route.php(205): Illuminate\\Routing\\Route->runController()
#20 /home/u411614341/domains/cms.oraclemachinetech.com/public_html/vendor/laravel/framework/src/Illuminate/Routing/Router.php(799): Illuminate\\Routing\\Route->run()
#21 /home/u411614341/domains/cms.oraclemachinetech.com/public_html/vendor/laravel/framework/src/Illuminate/Pipeline/Pipeline.php(141): Illuminate\\Routing\\Router->Illuminate\\Routing\\{closure}()
#22 /home/u411614341/domains/cms.oraclemachinetech.com/public_html/vendor/laravel/framework/src/Illuminate/Routing/Middleware/SubstituteBindings.php(50): Illuminate\\Pipeline\\Pipeline->Illuminate\\Pipeline\\{closure}()
#23 /home/u411614341/domains/cms.oraclemachinetech.com/public_html/vendor/laravel/framework/src/Illuminate/Pipeline/Pipeline.php(180): Illuminate\\Routing\\Middleware\\SubstituteBindings->handle()
#24 /home/u411614341/domains/cms.oraclemachinetech.com/public_html/vendor/laravel/framework/src/Illuminate/Auth/Middleware/Authenticate.php(57): Illuminate\\Pipeline\\Pipeline->Illuminate\\Pipeline\\{closure}()
#25 /home/u411614341/domains/cms.oraclemachinetech.com/public_html/vendor/laravel/framework/src/Illuminate/Pipeline/Pipeline.php(180): Illuminate\\Auth\\Middleware\\Authenticate->handle()
#26 /home/u411614341/domains/cms.oraclemachinetech.com/public_html/app/Http/Middleware/Localization.php(24): Illuminate\\Pipeline\\Pipeline->Illuminate\\Pipeline\\{closure}()
#27 /home/u411614341/domains/cms.oraclemachinetech.com/public_html/vendor/laravel/framework/src/Illuminate/Pipeline/Pipeline.php(180): App\\Http\\Middleware\\Localization->handle()
#28 /home/u411614341/domains/cms.oraclemachinetech.com/public_html/vendor/laravel/framework/src/Illuminate/Foundation/Http/Middleware/VerifyCsrfToken.php(78): Illuminate\\Pipeline\\Pipeline->Illuminate\\Pipeline\\{closure}()
#29 /home/u411614341/domains/cms.oraclemachinetech.com/public_html/vendor/laravel/framework/src/Illuminate/Pipeline/Pipeline.php(180): Illuminate\\Foundation\\Http\\Middleware\\VerifyCsrfToken->handle()
#30 /home/u411614341/domains/cms.oraclemachinetech.com/public_html/vendor/laravel/framework/src/Illuminate/View/Middleware/ShareErrorsFromSession.php(49): Illuminate\\Pipeline\\Pipeline->Illuminate\\Pipeline\\{closure}()
#31 /home/u411614341/domains/cms.oraclemachinetech.com/public_html/vendor/laravel/framework/src/Illuminate/Pipeline/Pipeline.php(180): Illuminate\\View\\Middleware\\ShareErrorsFromSession->handle()
#32 /home/u411614341/domains/cms.oraclemachinetech.com/public_html/vendor/laravel/framework/src/Illuminate/Session/Middleware/StartSession.php(121): Illuminate\\Pipeline\\Pipeline->Illuminate\\Pipeline\\{closure}()
#33 /home/u411614341/domains/cms.oraclemachinetech.com/public_html/vendor/laravel/framework/src/Illuminate/Session/Middleware/StartSession.php(64): Illuminate\\Session\\Middleware\\StartSession->handleStatefulRequest()
#34 /home/u411614341/domains/cms.oraclemachinetech.com/public_html/vendor/laravel/framework/src/Illuminate/Pipeline/Pipeline.php(180): Illuminate\\Session\\Middleware\\StartSession->handle()
#35 /home/u411614341/domains/cms.oraclemachinetech.com/public_html/vendor/laravel/framework/src/Illuminate/Cookie/Middleware/AddQueuedCookiesToResponse.php(37): Illuminate\\Pipeline\\Pipeline->Illuminate\\Pipeline\\{closure}()
#36 /home/u411614341/domains/cms.oraclemachinetech.com/public_html/vendor/laravel/framework/src/Illuminate/Pipeline/Pipeline.php(180): Illuminate\\Cookie\\Middleware\\AddQueuedCookiesToResponse->handle()
#37 /home/u411614341/domains/cms.oraclemachinetech.com/public_html/vendor/laravel/framework/src/Illuminate/Cookie/Middleware/EncryptCookies.php(67): Illuminate\\Pipeline\\Pipeline->Illuminate\\Pipeline\\{closure}()
#38 /home/u411614341/domains/cms.oraclemachinetech.com/public_html/vendor/laravel/framework/src/Illuminate/Pipeline/Pipeline.php(180): Illuminate\\Cookie\\Middleware\\EncryptCookies->handle()
#39 /home/u411614341/domains/cms.oraclemachinetech.com/public_html/vendor/laravel/framework/src/Illuminate/Pipeline/Pipeline.php(116): Illuminate\\Pipeline\\Pipeline->Illuminate\\Pipeline\\{closure}()
#40 /home/u411614341/domains/cms.oraclemachinetech.com/public_html/vendor/laravel/framework/src/Illuminate/Routing/Router.php(800): Illuminate\\Pipeline\\Pipeline->then()
#41 /home/u411614341/domains/cms.oraclemachinetech.com/public_html/vendor/laravel/framework/src/Illuminate/Routing/Router.php(777): Illuminate\\Routing\\Router->runRouteWithinStack()
#42 /home/u411614341/domains/cms.oraclemachinetech.com/public_html/vendor/laravel/framework/src/Illuminate/Routing/Router.php(741): Illuminate\\Routing\\Router->runRoute()
#43 /home/u411614341/domains/cms.oraclemachinetech.com/public_html/vendor/laravel/framework/src/Illuminate/Routing/Router.php(730): Illuminate\\Routing\\Router->dispatchToRoute()
#44 /home/u411614341/domains/cms.oraclemachinetech.com/public_html/vendor/laravel/framework/src/Illuminate/Foundation/Http/Kernel.php(200): Illuminate\\Routing\\Router->dispatch()
#45 /home/u411614341/domains/cms.oraclemachinetech.com/public_html/vendor/laravel/framework/src/Illuminate/Pipeline/Pipeline.php(141): Illuminate\\Foundation\\Http\\Kernel->Illuminate\\Foundation\\Http\\{closure}()
#46 /home/u411614341/domains/cms.oraclemachinetech.com/public_html/vendor/laravel/framework/src/Illuminate/Foundation/Http/Middleware/TransformsRequest.php(21): Illuminate\\Pipeline\\Pipeline->Illuminate\\Pipeline\\{closure}()
#47 /home/u411614341/domains/cms.oraclemachinetech.com/public_html/vendor/laravel/framework/src/Illuminate/Foundation/Http/Middleware/ConvertEmptyStringsToNull.php(31): Illuminate\\Foundation\\Http\\Middleware\\TransformsRequest->handle()
#48 /home/u411614341/domains/cms.oraclemachinetech.com/public_html/vendor/laravel/framework/src/Illuminate/Pipeline/Pipeline.php(180): Illuminate\\Foundation\\Http\\Middleware\\ConvertEmptyStringsToNull->handle()
#49 /home/u411614341/domains/cms.oraclemachinetech.com/public_html/vendor/laravel/framework/src/Illuminate/Foundation/Http/Middleware/TransformsRequest.php(21): Illuminate\\Pipeline\\Pipeline->Illuminate\\Pipeline\\{closure}()
#50 /home/u411614341/domains/cms.oraclemachinetech.com/public_html/vendor/laravel/framework/src/Illuminate/Foundation/Http/Middleware/TrimStrings.php(40): Illuminate\\Foundation\\Http\\Middleware\\TransformsRequest->handle()
#51 /home/u411614341/domains/cms.oraclemachinetech.com/public_html/vendor/laravel/framework/src/Illuminate/Pipeline/Pipeline.php(180): Illuminate\\Foundation\\Http\\Middleware\\TrimStrings->handle()
#52 /home/u411614341/domains/cms.oraclemachinetech.com/public_html/vendor/laravel/framework/src/Illuminate/Foundation/Http/Middleware/ValidatePostSize.php(27): Illuminate\\Pipeline\\Pipeline->Illuminate\\Pipeline\\{closure}()
#53 /home/u411614341/domains/cms.oraclemachinetech.com/public_html/vendor/laravel/framework/src/Illuminate/Pipeline/Pipeline.php(180): Illuminate\\Foundation\\Http\\Middleware\\ValidatePostSize->handle()
#54 /home/u411614341/domains/cms.oraclemachinetech.com/public_html/vendor/laravel/framework/src/Illuminate/Foundation/Http/Middleware/PreventRequestsDuringMaintenance.php(89): Illuminate\\Pipeline\\Pipeline->Illuminate\\Pipeline\\{closure}()
#55 /home/u411614341/domains/cms.oraclemachinetech.com/public_html/vendor/laravel/framework/src/Illuminate/Pipeline/Pipeline.php(180): Illuminate\\Foundation\\Http\\Middleware\\PreventRequestsDuringMaintenance->handle()
#56 /home/u411614341/domains/cms.oraclemachinetech.com/public_html/vendor/laravel/framework/src/Illuminate/Http/Middleware/HandleCors.php(49): Illuminate\\Pipeline\\Pipeline->Illuminate\\Pipeline\\{closure}()
#57 /home/u411614341/domains/cms.oraclemachinetech.com/public_html/vendor/laravel/framework/src/Illuminate/Pipeline/Pipeline.php(180): Illuminate\\Http\\Middleware\\HandleCors->handle()
#58 /home/u411614341/domains/cms.oraclemachinetech.com/public_html/vendor/laravel/framework/src/Illuminate/Http/Middleware/TrustProxies.php(39): Illuminate\\Pipeline\\Pipeline->Illuminate\\Pipeline\\{closure}()
#59 /home/u411614341/domains/cms.oraclemachinetech.com/public_html/vendor/laravel/framework/src/Illuminate/Pipeline/Pipeline.php(180): Illuminate\\Http\\Middleware\\TrustProxies->handle()
#60 /home/u411614341/domains/cms.oraclemachinetech.com/public_html/vendor/laravel/framework/src/Illuminate/Pipeline/Pipeline.php(116): Illuminate\\Pipeline\\Pipeline->Illuminate\\Pipeline\\{closure}()
#61 /home/u411614341/domains/cms.oraclemachinetech.com/public_html/vendor/laravel/framework/src/Illuminate/Foundation/Http/Kernel.php(175): Illuminate\\Pipeline\\Pipeline->then()
#62 /home/u411614341/domains/cms.oraclemachinetech.com/public_html/vendor/laravel/framework/src/Illuminate/Foundation/Http/Kernel.php(144): Illuminate\\Foundation\\Http\\Kernel->sendRequestThroughRouter()
#63 /home/u411614341/domains/cms.oraclemachinetech.com/public_html/index.php(52): Illuminate\\Foundation\\Http\\Kernel->handle()
#64 {main}

[previous exception] [object] (PDOException(code: 42S22): SQLSTATE[42S22]: Column not found: 1054 Unknown column 'pono' in 'INSERT INTO' at /home/u411614341/domains/cms.oraclemachinetech.com/public_html/vendor/laravel/framework/src/Illuminate/Database/Connection.php:574)
[stacktrace]
#0 /home/u411614341/domains/cms.oraclemachinetech.com/public_html/vendor/laravel/framework/src/Illuminate/Database/Connection.php(574): PDO->prepare()
#1 /home/u411614341/domains/cms.oraclemachinetech.com/public_html/vendor/laravel/framework/src/Illuminate/Database/Connection.php(788): Illuminate\\Database\\Connection->Illuminate\\Database\\{closure}()
#2 /home/u411614341/domains/cms.oraclemachinetech.com/public_html/vendor/laravel/framework/src/Illuminate/Database/Connection.php(755): Illuminate\\Database\\Connection->runQueryCallback()
#3 /home/u411614341/domains/cms.oraclemachinetech.com/public_html/vendor/laravel/framework/src/Illuminate/Database/Connection.php(581): Illuminate\\Database\\Connection->run()
#4 /home/u411614341/domains/cms.oraclemachinetech.com/public_html/vendor/laravel/framework/src/Illuminate/Database/Connection.php(533): Illuminate\\Database\\Connection->statement()
#5 /home/u411614341/domains/cms.oraclemachinetech.com/public_html/vendor/laravel/framework/src/Illuminate/Database/Query/Processors/Processor.php(32): Illuminate\\Database\\Connection->insert()
#6 /home/u411614341/domains/cms.oraclemachinetech.com/public_html/vendor/laravel/framework/src/Illuminate/Database/Query/Builder.php(3387): Illuminate\\Database\\Query\\Processors\\Processor->processInsertGetId()
#7 /home/u411614341/domains/cms.oraclemachinetech.com/public_html/vendor/laravel/framework/src/Illuminate/Database/Eloquent/Builder.php(1968): Illuminate\\Database\\Query\\Builder->insertGetId()
#8 /home/u411614341/domains/cms.oraclemachinetech.com/public_html/vendor/laravel/framework/src/Illuminate/Database/Eloquent/Model.php(1333): Illuminate\\Database\\Eloquent\\Builder->__call()
#9 /home/u411614341/domains/cms.oraclemachinetech.com/public_html/vendor/laravel/framework/src/Illuminate/Database/Eloquent/Model.php(1298): Illuminate\\Database\\Eloquent\\Model->insertAndSetId()
#10 /home/u411614341/domains/cms.oraclemachinetech.com/public_html/vendor/laravel/framework/src/Illuminate/Database/Eloquent/Model.php(1137): Illuminate\\Database\\Eloquent\\Model->performInsert()
#11 /home/u411614341/domains/cms.oraclemachinetech.com/public_html/vendor/laravel/framework/src/Illuminate/Database/Eloquent/Builder.php(1023): Illuminate\\Database\\Eloquent\\Model->save()
#12 /home/u411614341/domains/cms.oraclemachinetech.com/public_html/vendor/laravel/framework/src/Illuminate/Support/helpers.php(307): Illuminate\\Database\\Eloquent\\Builder->Illuminate\\Database\\Eloquent\\{closure}()
#13 /home/u411614341/domains/cms.oraclemachinetech.com/public_html/vendor/laravel/framework/src/Illuminate/Database/Eloquent/Builder.php(1024): tap()
#14 /home/u411614341/domains/cms.oraclemachinetech.com/public_html/vendor/laravel/framework/src/Illuminate/Support/Traits/ForwardsCalls.php(23): Illuminate\\Database\\Eloquent\\Builder->create()
#15 /home/u411614341/domains/cms.oraclemachinetech.com/public_html/vendor/laravel/framework/src/Illuminate/Database/Eloquent/Model.php(2333): Illuminate\\Database\\Eloquent\\Model->forwardCallTo()
#16 /home/u411614341/domains/cms.oraclemachinetech.com/public_html/vendor/laravel/framework/src/Illuminate/Database/Eloquent/Model.php(2345): Illuminate\\Database\\Eloquent\\Model->__call()
#17 /home/u411614341/domains/cms.oraclemachinetech.com/public_html/app/Http/Controllers/InvoiceController.php(119): Illuminate\\Database\\Eloquent\\Model::__callStatic()
#18 /home/u411614341/domains/cms.oraclemachinetech.com/public_html/vendor/laravel/framework/src/Illuminate/Routing/Controller.php(54): App\\Http\\Controllers\\InvoiceController->store()
#19 /home/u411614341/domains/cms.oraclemachinetech.com/public_html/vendor/laravel/framework/src/Illuminate/Routing/ControllerDispatcher.php(43): Illuminate\\Routing\\Controller->callAction()
#20 /home/u411614341/domains/cms.oraclemachinetech.com/public_html/vendor/laravel/framework/src/Illuminate/Routing/Route.php(260): Illuminate\\Routing\\ControllerDispatcher->dispatch()
#21 /home/u411614341/domains/cms.oraclemachinetech.com/public_html/vendor/laravel/framework/src/Illuminate/Routing/Route.php(205): Illuminate\\Routing\\Route->runController()
#22 /home/u411614341/domains/cms.oraclemachinetech.com/public_html/vendor/laravel/framework/src/Illuminate/Routing/Router.php(799): Illuminate\\Routing\\Route->run()
#23 /home/u411614341/domains/cms.oraclemachinetech.com/public_html/vendor/laravel/framework/src/Illuminate/Pipeline/Pipeline.php(141): Illuminate\\Routing\\Router->Illuminate\\Routing\\{closure}()
#24 /home/u411614341/domains/cms.oraclemachinetech.com/public_html/vendor/laravel/framework/src/Illuminate/Routing/Middleware/SubstituteBindings.php(50): Illuminate\\Pipeline\\Pipeline->Illuminate\\Pipeline\\{closure}()
#25 /home/u411614341/domains/cms.oraclemachinetech.com/public_html/vendor/laravel/framework/src/Illuminate/Pipeline/Pipeline.php(180): Illuminate\\Routing\\Middleware\\SubstituteBindings->handle()
#26 /home/u411614341/domains/cms.oraclemachinetech.com/public_html/vendor/laravel/framework/src/Illuminate/Auth/Middleware/Authenticate.php(57): Illuminate\\Pipeline\\Pipeline->Illuminate\\Pipeline\\{closure}()
#27 /home/u411614341/domains/cms.oraclemachinetech.com/public_html/vendor/laravel/framework/src/Illuminate/Pipeline/Pipeline.php(180): Illuminate\\Auth\\Middleware\\Authenticate->handle()
#28 /home/u411614341/domains/cms.oraclemachinetech.com/public_html/app/Http/Middleware/Localization.php(24): Illuminate\\Pipeline\\Pipeline->Illuminate\\Pipeline\\{closure}()
#29 /home/u411614341/domains/cms.oraclemachinetech.com/public_html/vendor/laravel/framework/src/Illuminate/Pipeline/Pipeline.php(180): App\\Http\\Middleware\\Localization->handle()
#30 /home/u411614341/domains/cms.oraclemachinetech.com/public_html/vendor/laravel/framework/src/Illuminate/Foundation/Http/Middleware/VerifyCsrfToken.php(78): Illuminate\\Pipeline\\Pipeline->Illuminate\\Pipeline\\{closure}()
#31 /home/u411614341/domains/cms.oraclemachinetech.com/public_html/vendor/laravel/framework/src/Illuminate/Pipeline/Pipeline.php(180): Illuminate\\Foundation\\Http\\Middleware\\VerifyCsrfToken->handle()
#32 /home/u411614341/domains/cms.oraclemachinetech.com/public_html/vendor/laravel/framework/src/Illuminate/View/Middleware/ShareErrorsFromSession.php(49): Illuminate\\Pipeline\\Pipeline->Illuminate\\Pipeline\\{closure}()
#33 /home/u411614341/domains/cms.oraclemachinetech.com/public_html/vendor/laravel/framework/src/Illuminate/Pipeline/Pipeline.php(180): Illuminate\\View\\Middleware\\ShareErrorsFromSession->handle()
#34 /home/u411614341/domains/cms.oraclemachinetech.com/public_html/vendor/laravel/framework/src/Illuminate/Session/Middleware/StartSession.php(121): Illuminate\\Pipeline\\Pipeline->Illuminate\\Pipeline\\{closure}()
#35 /home/u411614341/domains/cms.oraclemachinetech.com/public_html/vendor/laravel/framework/src/Illuminate/Session/Middleware/StartSession.php(64): Illuminate\\Session\\Middleware\\StartSession->handleStatefulRequest()
#36 /home/u411614341/domains/cms.oraclemachinetech.com/public_html/vendor/laravel/framework/src/Illuminate/Pipeline/Pipeline.php(180): Illuminate\\Session\\Middleware\\StartSession->handle()
#37 /home/u411614341/domains/cms.oraclemachinetech.com/public_html/vendor/laravel/framework/src/Illuminate/Cookie/Middleware/AddQueuedCookiesToResponse.php(37): Illuminate\\Pipeline\\Pipeline->Illuminate\\Pipeline\\{closure}()
#38 /home/u411614341/domains/cms.oraclemachinetech.com/public_html/vendor/laravel/framework/src/Illuminate/Pipeline/Pipeline.php(180): Illuminate\\Cookie\\Middleware\\AddQueuedCookiesToResponse->handle()
#39 /home/u411614341/domains/cms.oraclemachinetech.com/public_html/vendor/laravel/framework/src/Illuminate/Cookie/Middleware/EncryptCookies.php(67): Illuminate\\Pipeline\\Pipeline->Illuminate\\Pipeline\\{closure}()
#40 /home/u411614341/domains/cms.oraclemachinetech.com/public_html/vendor/laravel/framework/src/Illuminate/Pipeline/Pipeline.php(180): Illuminate\\Cookie\\Middleware\\EncryptCookies->handle()
#41 /home/u411614341/domains/cms.oraclemachinetech.com/public_html/vendor/laravel/framework/src/Illuminate/Pipeline/Pipeline.php(116): Illuminate\\Pipeline\\Pipeline->Illuminate\\Pipeline\\{closure}()
#42 /home/u411614341/domains/cms.oraclemachinetech.com/public_html/vendor/laravel/framework/src/Illuminate/Routing/Router.php(800): Illuminate\\Pipeline\\Pipeline->then()
#43 /home/u411614341/domains/cms.oraclemachinetech.com/public_html/vendor/laravel/framework/src/Illuminate/Routing/Router.php(777): Illuminate\\Routing\\Router->runRouteWithinStack()
#44 /home/u411614341/domains/cms.oraclemachinetech.com/public_html/vendor/laravel/framework/src/Illuminate/Routing/Router.php(741): Illuminate\\Routing\\Router->runRoute()
#45 /home/u411614341/domains/cms.oraclemachinetech.com/public_html/vendor/laravel/framework/src/Illuminate/Routing/Router.php(730): Illuminate\\Routing\\Router->dispatchToRoute()
#46 /home/u411614341/domains/cms.oraclemachinetech.com/public_html/vendor/laravel/framework/src/Illuminate/Foundation/Http/Kernel.php(200): Illuminate\\Routing\\Router->dispatch()
#47 /home/u411614341/domains/cms.oraclemachinetech.com/public_html/vendor/laravel/framework/src/Illuminate/Pipeline/Pipeline.php(141): Illuminate\\Foundation\\Http\\Kernel->Illuminate\\Foundation\\Http\\{closure}()
#48 /home/u411614341/domains/cms.oraclemachinetech.com/public_html/vendor/laravel/framework/src/Illuminate/Foundation/Http/Middleware/TransformsRequest.php(21): Illuminate\\Pipeline\\Pipeline->Illuminate\\Pipeline\\{closure}()
#49 /home/u411614341/domains/cms.oraclemachinetech.com/public_html/vendor/laravel/framework/src/Illuminate/Foundation/Http/Middleware/ConvertEmptyStringsToNull.php(31): Illuminate\\Foundation\\Http\\Middleware\\TransformsRequest->handle()
#50 /home/u411614341/domains/cms.oraclemachinetech.com/public_html/vendor/laravel/framework/src/Illuminate/Pipeline/Pipeline.php(180): Illuminate\\Foundation\\Http\\Middleware\\ConvertEmptyStringsToNull->handle()
#51 /home/u411614341/domains/cms.oraclemachinetech.com/public_html/vendor/laravel/framework/src/Illuminate/Foundation/Http/Middleware/TransformsRequest.php(21): Illuminate\\Pipeline\\Pipeline->Illuminate\\Pipeline\\{closure}()
#52 /home/u411614341/domains/cms.oraclemachinetech.com/public_html/vendor/laravel/framework/src/Illuminate/Foundation/Http/Middleware/TrimStrings.php(40): Illuminate\\Foundation\\Http\\Middleware\\TransformsRequest->handle()
#53 /home/u411614341/domains/cms.oraclemachinetech.com/public_html/vendor/laravel/framework/src/Illuminate/Pipeline/Pipeline.php(180): Illuminate\\Foundation\\Http\\Middleware\\TrimStrings->handle()
#54 /home/u411614341/domains/cms.oraclemachinetech.com/public_html/vendor/laravel/framework/src/Illuminate/Foundation/Http/Middleware/ValidatePostSize.php(27): Illuminate\\Pipeline\\Pipeline->Illuminate\\Pipeline\\{closure}()
#55 /home/u411614341/domains/cms.oraclemachinetech.com/public_html/vendor/laravel/framework/src/Illuminate/Pipeline/Pipeline.php(180): Illuminate\\Foundation\\Http\\Middleware\\ValidatePostSize->handle()
#56 /home/u411614341/domains/cms.oraclemachinetech.com/public_html/vendor/laravel/framework/src/Illuminate/Foundation/Http/Middleware/PreventRequestsDuringMaintenance.php(89): Illuminate\\Pipeline\\Pipeline->Illuminate\\Pipeline\\{closure}()
#57 /home/u411614341/domains/cms.oraclemachinetech.com/public_html/vendor/laravel/framework/src/Illuminate/Pipeline/Pipeline.php(180): Illuminate\\Foundation\\Http\\Middleware\\PreventRequestsDuringMaintenance->handle()
#58 /home/u411614341/domains/cms.oraclemachinetech.com/public_html/vendor/laravel/framework/src/Illuminate/Http/Middleware/HandleCors.php(49): Illuminate\\Pipeline\\Pipeline->Illuminate\\Pipeline\\{closure}()
#59 /home/u411614341/domains/cms.oraclemachinetech.com/public_html/vendor/laravel/framework/src/Illuminate/Pipeline/Pipeline.php(180): Illuminate\\Http\\Middleware\\HandleCors->handle()
#60 /home/u411614341/domains/cms.oraclemachinetech.com/public_html/vendor/laravel/framework/src/Illuminate/Http/Middleware/TrustProxies.php(39): Illuminate\\Pipeline\\Pipeline->Illuminate\\Pipeline\\{closure}()
#61 /home/u411614341/domains/cms.oraclemachinetech.com/public_html/vendor/laravel/framework/src/Illuminate/Pipeline/Pipeline.php(180): Illuminate\\Http\\Middleware\\TrustProxies->handle()
#62 /home/u411614341/domains/cms.oraclemachinetech.com/public_html/vendor/laravel/framework/src/Illuminate/Pipeline/Pipeline.php(116): Illuminate\\Pipeline\\Pipeline->Illuminate\\Pipeline\\{closure}()
#63 /home/u411614341/domains/cms.oraclemachinetech.com/public_html/vendor/laravel/framework/src/Illuminate/Foundation/Http/Kernel.php(175): Illuminate\\Pipeline\\Pipeline->then()
#64 /home/u411614341/domains/cms.oraclemachinetech.com/public_html/vendor/laravel/framework/src/Illuminate/Foundation/Http/Kernel.php(144): Illuminate\\Foundation\\Http\\Kernel->sendRequestThroughRouter()
#65 /home/u411614341/domains/cms.oraclemachinetech.com/public_html/index.php(52): Illuminate\\Foundation\\Http\\Kernel->handle()
#66 {main}
"} 
[2024-12-20 05:19:44] local.ERROR: SQLSTATE[42S22]: Column not found: 1054 Unknown column 'pono' in 'INSERT INTO' (Connection: mysql, SQL: insert into `invoice` (`invoice_id`, `date`, `paycondition`, `duedate`, `placesupply`, `challanno`, `pono`, `ewaybillno`, `ewaybilldate`, `despatchthrough`, `accountholder`, `bankaccountnumber`, `bankifsccode`, `bankname`, `bankbranchname`, `totalamountbeforetax`, `amount`, `amountwithtax`, `TransportVehicleNo`, `updated_at`, `created_at`) values (#VL31343944, 2024-12-11, 30, 2024-12-17, Gujarat, 123fefer, 123, veve, 2024-12-23, dewfe, Oracal Machine Tech, 7803 0500 0477, ICIC007803, ICIC Bank, Madodhar Branch, 6.48, 42.00, 36.00, gj12bq123, 2024-12-20 05:19:44, 2024-12-20 05:19:44)) {"userId":1,"exception":"[object] (Illuminate\\Database\\QueryException(code: 42S22): SQLSTATE[42S22]: Column not found: 1054 Unknown column 'pono' in 'INSERT INTO' (Connection: mysql, SQL: insert into `invoice` (`invoice_id`, `date`, `paycondition`, `duedate`, `placesupply`, `challanno`, `pono`, `ewaybillno`, `ewaybilldate`, `despatchthrough`, `accountholder`, `bankaccountnumber`, `bankifsccode`, `bankname`, `bankbranchname`, `totalamountbeforetax`, `amount`, `amountwithtax`, `TransportVehicleNo`, `updated_at`, `created_at`) values (#VL31343944, 2024-12-11, 30, 2024-12-17, Gujarat, 123fefer, 123, veve, 2024-12-23, dewfe, Oracal Machine Tech, 7803 0500 0477, ICIC007803, ICIC Bank, Madodhar Branch, 6.48, 42.00, 36.00, gj12bq123, 2024-12-20 05:19:44, 2024-12-20 05:19:44)) at /home/u411614341/domains/cms.oraclemachinetech.com/public_html/vendor/laravel/framework/src/Illuminate/Database/Connection.php:801)
[stacktrace]
#0 /home/u411614341/domains/cms.oraclemachinetech.com/public_html/vendor/laravel/framework/src/Illuminate/Database/Connection.php(755): Illuminate\\Database\\Connection->runQueryCallback()
#1 /home/u411614341/domains/cms.oraclemachinetech.com/public_html/vendor/laravel/framework/src/Illuminate/Database/Connection.php(581): Illuminate\\Database\\Connection->run()
#2 /home/u411614341/domains/cms.oraclemachinetech.com/public_html/vendor/laravel/framework/src/Illuminate/Database/Connection.php(533): Illuminate\\Database\\Connection->statement()
#3 /home/u411614341/domains/cms.oraclemachinetech.com/public_html/vendor/laravel/framework/src/Illuminate/Database/Query/Processors/Processor.php(32): Illuminate\\Database\\Connection->insert()
#4 /home/u411614341/domains/cms.oraclemachinetech.com/public_html/vendor/laravel/framework/src/Illuminate/Database/Query/Builder.php(3387): Illuminate\\Database\\Query\\Processors\\Processor->processInsertGetId()
#5 /home/u411614341/domains/cms.oraclemachinetech.com/public_html/vendor/laravel/framework/src/Illuminate/Database/Eloquent/Builder.php(1968): Illuminate\\Database\\Query\\Builder->insertGetId()
#6 /home/u411614341/domains/cms.oraclemachinetech.com/public_html/vendor/laravel/framework/src/Illuminate/Database/Eloquent/Model.php(1333): Illuminate\\Database\\Eloquent\\Builder->__call()
#7 /home/u411614341/domains/cms.oraclemachinetech.com/public_html/vendor/laravel/framework/src/Illuminate/Database/Eloquent/Model.php(1298): Illuminate\\Database\\Eloquent\\Model->insertAndSetId()
#8 /home/u411614341/domains/cms.oraclemachinetech.com/public_html/vendor/laravel/framework/src/Illuminate/Database/Eloquent/Model.php(1137): Illuminate\\Database\\Eloquent\\Model->performInsert()
#9 /home/u411614341/domains/cms.oraclemachinetech.com/public_html/vendor/laravel/framework/src/Illuminate/Database/Eloquent/Builder.php(1023): Illuminate\\Database\\Eloquent\\Model->save()
#10 /home/u411614341/domains/cms.oraclemachinetech.com/public_html/vendor/laravel/framework/src/Illuminate/Support/helpers.php(307): Illuminate\\Database\\Eloquent\\Builder->Illuminate\\Database\\Eloquent\\{closure}()
#11 /home/u411614341/domains/cms.oraclemachinetech.com/public_html/vendor/laravel/framework/src/Illuminate/Database/Eloquent/Builder.php(1024): tap()
#12 /home/u411614341/domains/cms.oraclemachinetech.com/public_html/vendor/laravel/framework/src/Illuminate/Support/Traits/ForwardsCalls.php(23): Illuminate\\Database\\Eloquent\\Builder->create()
#13 /home/u411614341/domains/cms.oraclemachinetech.com/public_html/vendor/laravel/framework/src/Illuminate/Database/Eloquent/Model.php(2333): Illuminate\\Database\\Eloquent\\Model->forwardCallTo()
#14 /home/u411614341/domains/cms.oraclemachinetech.com/public_html/vendor/laravel/framework/src/Illuminate/Database/Eloquent/Model.php(2345): Illuminate\\Database\\Eloquent\\Model->__call()
#15 /home/u411614341/domains/cms.oraclemachinetech.com/public_html/app/Http/Controllers/InvoiceController.php(119): Illuminate\\Database\\Eloquent\\Model::__callStatic()
#16 /home/u411614341/domains/cms.oraclemachinetech.com/public_html/vendor/laravel/framework/src/Illuminate/Routing/Controller.php(54): App\\Http\\Controllers\\InvoiceController->store()
#17 /home/u411614341/domains/cms.oraclemachinetech.com/public_html/vendor/laravel/framework/src/Illuminate/Routing/ControllerDispatcher.php(43): Illuminate\\Routing\\Controller->callAction()
#18 /home/u411614341/domains/cms.oraclemachinetech.com/public_html/vendor/laravel/framework/src/Illuminate/Routing/Route.php(260): Illuminate\\Routing\\ControllerDispatcher->dispatch()
#19 /home/u411614341/domains/cms.oraclemachinetech.com/public_html/vendor/laravel/framework/src/Illuminate/Routing/Route.php(205): Illuminate\\Routing\\Route->runController()
#20 /home/u411614341/domains/cms.oraclemachinetech.com/public_html/vendor/laravel/framework/src/Illuminate/Routing/Router.php(799): Illuminate\\Routing\\Route->run()
#21 /home/u411614341/domains/cms.oraclemachinetech.com/public_html/vendor/laravel/framework/src/Illuminate/Pipeline/Pipeline.php(141): Illuminate\\Routing\\Router->Illuminate\\Routing\\{closure}()
#22 /home/u411614341/domains/cms.oraclemachinetech.com/public_html/vendor/laravel/framework/src/Illuminate/Routing/Middleware/SubstituteBindings.php(50): Illuminate\\Pipeline\\Pipeline->Illuminate\\Pipeline\\{closure}()
#23 /home/u411614341/domains/cms.oraclemachinetech.com/public_html/vendor/laravel/framework/src/Illuminate/Pipeline/Pipeline.php(180): Illuminate\\Routing\\Middleware\\SubstituteBindings->handle()
#24 /home/u411614341/domains/cms.oraclemachinetech.com/public_html/vendor/laravel/framework/src/Illuminate/Auth/Middleware/Authenticate.php(57): Illuminate\\Pipeline\\Pipeline->Illuminate\\Pipeline\\{closure}()
#25 /home/u411614341/domains/cms.oraclemachinetech.com/public_html/vendor/laravel/framework/src/Illuminate/Pipeline/Pipeline.php(180): Illuminate\\Auth\\Middleware\\Authenticate->handle()
#26 /home/u411614341/domains/cms.oraclemachinetech.com/public_html/app/Http/Middleware/Localization.php(24): Illuminate\\Pipeline\\Pipeline->Illuminate\\Pipeline\\{closure}()
#27 /home/u411614341/domains/cms.oraclemachinetech.com/public_html/vendor/laravel/framework/src/Illuminate/Pipeline/Pipeline.php(180): App\\Http\\Middleware\\Localization->handle()
#28 /home/u411614341/domains/cms.oraclemachinetech.com/public_html/vendor/laravel/framework/src/Illuminate/Foundation/Http/Middleware/VerifyCsrfToken.php(78): Illuminate\\Pipeline\\Pipeline->Illuminate\\Pipeline\\{closure}()
#29 /home/u411614341/domains/cms.oraclemachinetech.com/public_html/vendor/laravel/framework/src/Illuminate/Pipeline/Pipeline.php(180): Illuminate\\Foundation\\Http\\Middleware\\VerifyCsrfToken->handle()
#30 /home/u411614341/domains/cms.oraclemachinetech.com/public_html/vendor/laravel/framework/src/Illuminate/View/Middleware/ShareErrorsFromSession.php(49): Illuminate\\Pipeline\\Pipeline->Illuminate\\Pipeline\\{closure}()
#31 /home/u411614341/domains/cms.oraclemachinetech.com/public_html/vendor/laravel/framework/src/Illuminate/Pipeline/Pipeline.php(180): Illuminate\\View\\Middleware\\ShareErrorsFromSession->handle()
#32 /home/u411614341/domains/cms.oraclemachinetech.com/public_html/vendor/laravel/framework/src/Illuminate/Session/Middleware/StartSession.php(121): Illuminate\\Pipeline\\Pipeline->Illuminate\\Pipeline\\{closure}()
#33 /home/u411614341/domains/cms.oraclemachinetech.com/public_html/vendor/laravel/framework/src/Illuminate/Session/Middleware/StartSession.php(64): Illuminate\\Session\\Middleware\\StartSession->handleStatefulRequest()
#34 /home/u411614341/domains/cms.oraclemachinetech.com/public_html/vendor/laravel/framework/src/Illuminate/Pipeline/Pipeline.php(180): Illuminate\\Session\\Middleware\\StartSession->handle()
#35 /home/u411614341/domains/cms.oraclemachinetech.com/public_html/vendor/laravel/framework/src/Illuminate/Cookie/Middleware/AddQueuedCookiesToResponse.php(37): Illuminate\\Pipeline\\Pipeline->Illuminate\\Pipeline\\{closure}()
#36 /home/u411614341/domains/cms.oraclemachinetech.com/public_html/vendor/laravel/framework/src/Illuminate/Pipeline/Pipeline.php(180): Illuminate\\Cookie\\Middleware\\AddQueuedCookiesToResponse->handle()
#37 /home/u411614341/domains/cms.oraclemachinetech.com/public_html/vendor/laravel/framework/src/Illuminate/Cookie/Middleware/EncryptCookies.php(67): Illuminate\\Pipeline\\Pipeline->Illuminate\\Pipeline\\{closure}()
#38 /home/u411614341/domains/cms.oraclemachinetech.com/public_html/vendor/laravel/framework/src/Illuminate/Pipeline/Pipeline.php(180): Illuminate\\Cookie\\Middleware\\EncryptCookies->handle()
#39 /home/u411614341/domains/cms.oraclemachinetech.com/public_html/vendor/laravel/framework/src/Illuminate/Pipeline/Pipeline.php(116): Illuminate\\Pipeline\\Pipeline->Illuminate\\Pipeline\\{closure}()
#40 /home/u411614341/domains/cms.oraclemachinetech.com/public_html/vendor/laravel/framework/src/Illuminate/Routing/Router.php(800): Illuminate\\Pipeline\\Pipeline->then()
#41 /home/u411614341/domains/cms.oraclemachinetech.com/public_html/vendor/laravel/framework/src/Illuminate/Routing/Router.php(777): Illuminate\\Routing\\Router->runRouteWithinStack()
#42 /home/u411614341/domains/cms.oraclemachinetech.com/public_html/vendor/laravel/framework/src/Illuminate/Routing/Router.php(741): Illuminate\\Routing\\Router->runRoute()
#43 /home/u411614341/domains/cms.oraclemachinetech.com/public_html/vendor/laravel/framework/src/Illuminate/Routing/Router.php(730): Illuminate\\Routing\\Router->dispatchToRoute()
#44 /home/u411614341/domains/cms.oraclemachinetech.com/public_html/vendor/laravel/framework/src/Illuminate/Foundation/Http/Kernel.php(200): Illuminate\\Routing\\Router->dispatch()
#45 /home/u411614341/domains/cms.oraclemachinetech.com/public_html/vendor/laravel/framework/src/Illuminate/Pipeline/Pipeline.php(141): Illuminate\\Foundation\\Http\\Kernel->Illuminate\\Foundation\\Http\\{closure}()
#46 /home/u411614341/domains/cms.oraclemachinetech.com/public_html/vendor/laravel/framework/src/Illuminate/Foundation/Http/Middleware/TransformsRequest.php(21): Illuminate\\Pipeline\\Pipeline->Illuminate\\Pipeline\\{closure}()
#47 /home/u411614341/domains/cms.oraclemachinetech.com/public_html/vendor/laravel/framework/src/Illuminate/Foundation/Http/Middleware/ConvertEmptyStringsToNull.php(31): Illuminate\\Foundation\\Http\\Middleware\\TransformsRequest->handle()
#48 /home/u411614341/domains/cms.oraclemachinetech.com/public_html/vendor/laravel/framework/src/Illuminate/Pipeline/Pipeline.php(180): Illuminate\\Foundation\\Http\\Middleware\\ConvertEmptyStringsToNull->handle()
#49 /home/u411614341/domains/cms.oraclemachinetech.com/public_html/vendor/laravel/framework/src/Illuminate/Foundation/Http/Middleware/TransformsRequest.php(21): Illuminate\\Pipeline\\Pipeline->Illuminate\\Pipeline\\{closure}()
#50 /home/u411614341/domains/cms.oraclemachinetech.com/public_html/vendor/laravel/framework/src/Illuminate/Foundation/Http/Middleware/TrimStrings.php(40): Illuminate\\Foundation\\Http\\Middleware\\TransformsRequest->handle()
#51 /home/u411614341/domains/cms.oraclemachinetech.com/public_html/vendor/laravel/framework/src/Illuminate/Pipeline/Pipeline.php(180): Illuminate\\Foundation\\Http\\Middleware\\TrimStrings->handle()
#52 /home/u411614341/domains/cms.oraclemachinetech.com/public_html/vendor/laravel/framework/src/Illuminate/Foundation/Http/Middleware/ValidatePostSize.php(27): Illuminate\\Pipeline\\Pipeline->Illuminate\\Pipeline\\{closure}()
#53 /home/u411614341/domains/cms.oraclemachinetech.com/public_html/vendor/laravel/framework/src/Illuminate/Pipeline/Pipeline.php(180): Illuminate\\Foundation\\Http\\Middleware\\ValidatePostSize->handle()
#54 /home/u411614341/domains/cms.oraclemachinetech.com/public_html/vendor/laravel/framework/src/Illuminate/Foundation/Http/Middleware/PreventRequestsDuringMaintenance.php(89): Illuminate\\Pipeline\\Pipeline->Illuminate\\Pipeline\\{closure}()
#55 /home/u411614341/domains/cms.oraclemachinetech.com/public_html/vendor/laravel/framework/src/Illuminate/Pipeline/Pipeline.php(180): Illuminate\\Foundation\\Http\\Middleware\\PreventRequestsDuringMaintenance->handle()
#56 /home/u411614341/domains/cms.oraclemachinetech.com/public_html/vendor/laravel/framework/src/Illuminate/Http/Middleware/HandleCors.php(49): Illuminate\\Pipeline\\Pipeline->Illuminate\\Pipeline\\{closure}()
#57 /home/u411614341/domains/cms.oraclemachinetech.com/public_html/vendor/laravel/framework/src/Illuminate/Pipeline/Pipeline.php(180): Illuminate\\Http\\Middleware\\HandleCors->handle()
#58 /home/u411614341/domains/cms.oraclemachinetech.com/public_html/vendor/laravel/framework/src/Illuminate/Http/Middleware/TrustProxies.php(39): Illuminate\\Pipeline\\Pipeline->Illuminate\\Pipeline\\{closure}()
#59 /home/u411614341/domains/cms.oraclemachinetech.com/public_html/vendor/laravel/framework/src/Illuminate/Pipeline/Pipeline.php(180): Illuminate\\Http\\Middleware\\TrustProxies->handle()
#60 /home/u411614341/domains/cms.oraclemachinetech.com/public_html/vendor/laravel/framework/src/Illuminate/Pipeline/Pipeline.php(116): Illuminate\\Pipeline\\Pipeline->Illuminate\\Pipeline\\{closure}()
#61 /home/u411614341/domains/cms.oraclemachinetech.com/public_html/vendor/laravel/framework/src/Illuminate/Foundation/Http/Kernel.php(175): Illuminate\\Pipeline\\Pipeline->then()
#62 /home/u411614341/domains/cms.oraclemachinetech.com/public_html/vendor/laravel/framework/src/Illuminate/Foundation/Http/Kernel.php(144): Illuminate\\Foundation\\Http\\Kernel->sendRequestThroughRouter()
#63 /home/u411614341/domains/cms.oraclemachinetech.com/public_html/index.php(52): Illuminate\\Foundation\\Http\\Kernel->handle()
#64 {main}

[previous exception] [object] (PDOException(code: 42S22): SQLSTATE[42S22]: Column not found: 1054 Unknown column 'pono' in 'INSERT INTO' at /home/u411614341/domains/cms.oraclemachinetech.com/public_html/vendor/laravel/framework/src/Illuminate/Database/Connection.php:574)
[stacktrace]
#0 /home/u411614341/domains/cms.oraclemachinetech.com/public_html/vendor/laravel/framework/src/Illuminate/Database/Connection.php(574): PDO->prepare()
#1 /home/u411614341/domains/cms.oraclemachinetech.com/public_html/vendor/laravel/framework/src/Illuminate/Database/Connection.php(788): Illuminate\\Database\\Connection->Illuminate\\Database\\{closure}()
#2 /home/u411614341/domains/cms.oraclemachinetech.com/public_html/vendor/laravel/framework/src/Illuminate/Database/Connection.php(755): Illuminate\\Database\\Connection->runQueryCallback()
#3 /home/u411614341/domains/cms.oraclemachinetech.com/public_html/vendor/laravel/framework/src/Illuminate/Database/Connection.php(581): Illuminate\\Database\\Connection->run()
#4 /home/u411614341/domains/cms.oraclemachinetech.com/public_html/vendor/laravel/framework/src/Illuminate/Database/Connection.php(533): Illuminate\\Database\\Connection->statement()
#5 /home/u411614341/domains/cms.oraclemachinetech.com/public_html/vendor/laravel/framework/src/Illuminate/Database/Query/Processors/Processor.php(32): Illuminate\\Database\\Connection->insert()
#6 /home/u411614341/domains/cms.oraclemachinetech.com/public_html/vendor/laravel/framework/src/Illuminate/Database/Query/Builder.php(3387): Illuminate\\Database\\Query\\Processors\\Processor->processInsertGetId()
#7 /home/u411614341/domains/cms.oraclemachinetech.com/public_html/vendor/laravel/framework/src/Illuminate/Database/Eloquent/Builder.php(1968): Illuminate\\Database\\Query\\Builder->insertGetId()
#8 /home/u411614341/domains/cms.oraclemachinetech.com/public_html/vendor/laravel/framework/src/Illuminate/Database/Eloquent/Model.php(1333): Illuminate\\Database\\Eloquent\\Builder->__call()
#9 /home/u411614341/domains/cms.oraclemachinetech.com/public_html/vendor/laravel/framework/src/Illuminate/Database/Eloquent/Model.php(1298): Illuminate\\Database\\Eloquent\\Model->insertAndSetId()
#10 /home/u411614341/domains/cms.oraclemachinetech.com/public_html/vendor/laravel/framework/src/Illuminate/Database/Eloquent/Model.php(1137): Illuminate\\Database\\Eloquent\\Model->performInsert()
#11 /home/u411614341/domains/cms.oraclemachinetech.com/public_html/vendor/laravel/framework/src/Illuminate/Database/Eloquent/Builder.php(1023): Illuminate\\Database\\Eloquent\\Model->save()
#12 /home/u411614341/domains/cms.oraclemachinetech.com/public_html/vendor/laravel/framework/src/Illuminate/Support/helpers.php(307): Illuminate\\Database\\Eloquent\\Builder->Illuminate\\Database\\Eloquent\\{closure}()
#13 /home/u411614341/domains/cms.oraclemachinetech.com/public_html/vendor/laravel/framework/src/Illuminate/Database/Eloquent/Builder.php(1024): tap()
#14 /home/u411614341/domains/cms.oraclemachinetech.com/public_html/vendor/laravel/framework/src/Illuminate/Support/Traits/ForwardsCalls.php(23): Illuminate\\Database\\Eloquent\\Builder->create()
#15 /home/u411614341/domains/cms.oraclemachinetech.com/public_html/vendor/laravel/framework/src/Illuminate/Database/Eloquent/Model.php(2333): Illuminate\\Database\\Eloquent\\Model->forwardCallTo()
#16 /home/u411614341/domains/cms.oraclemachinetech.com/public_html/vendor/laravel/framework/src/Illuminate/Database/Eloquent/Model.php(2345): Illuminate\\Database\\Eloquent\\Model->__call()
#17 /home/u411614341/domains/cms.oraclemachinetech.com/public_html/app/Http/Controllers/InvoiceController.php(119): Illuminate\\Database\\Eloquent\\Model::__callStatic()
#18 /home/u411614341/domains/cms.oraclemachinetech.com/public_html/vendor/laravel/framework/src/Illuminate/Routing/Controller.php(54): App\\Http\\Controllers\\InvoiceController->store()
#19 /home/u411614341/domains/cms.oraclemachinetech.com/public_html/vendor/laravel/framework/src/Illuminate/Routing/ControllerDispatcher.php(43): Illuminate\\Routing\\Controller->callAction()
#20 /home/u411614341/domains/cms.oraclemachinetech.com/public_html/vendor/laravel/framework/src/Illuminate/Routing/Route.php(260): Illuminate\\Routing\\ControllerDispatcher->dispatch()
#21 /home/u411614341/domains/cms.oraclemachinetech.com/public_html/vendor/laravel/framework/src/Illuminate/Routing/Route.php(205): Illuminate\\Routing\\Route->runController()
#22 /home/u411614341/domains/cms.oraclemachinetech.com/public_html/vendor/laravel/framework/src/Illuminate/Routing/Router.php(799): Illuminate\\Routing\\Route->run()
#23 /home/u411614341/domains/cms.oraclemachinetech.com/public_html/vendor/laravel/framework/src/Illuminate/Pipeline/Pipeline.php(141): Illuminate\\Routing\\Router->Illuminate\\Routing\\{closure}()
#24 /home/u411614341/domains/cms.oraclemachinetech.com/public_html/vendor/laravel/framework/src/Illuminate/Routing/Middleware/SubstituteBindings.php(50): Illuminate\\Pipeline\\Pipeline->Illuminate\\Pipeline\\{closure}()
#25 /home/u411614341/domains/cms.oraclemachinetech.com/public_html/vendor/laravel/framework/src/Illuminate/Pipeline/Pipeline.php(180): Illuminate\\Routing\\Middleware\\SubstituteBindings->handle()
#26 /home/u411614341/domains/cms.oraclemachinetech.com/public_html/vendor/laravel/framework/src/Illuminate/Auth/Middleware/Authenticate.php(57): Illuminate\\Pipeline\\Pipeline->Illuminate\\Pipeline\\{closure}()
#27 /home/u411614341/domains/cms.oraclemachinetech.com/public_html/vendor/laravel/framework/src/Illuminate/Pipeline/Pipeline.php(180): Illuminate\\Auth\\Middleware\\Authenticate->handle()
#28 /home/u411614341/domains/cms.oraclemachinetech.com/public_html/app/Http/Middleware/Localization.php(24): Illuminate\\Pipeline\\Pipeline->Illuminate\\Pipeline\\{closure}()
#29 /home/u411614341/domains/cms.oraclemachinetech.com/public_html/vendor/laravel/framework/src/Illuminate/Pipeline/Pipeline.php(180): App\\Http\\Middleware\\Localization->handle()
#30 /home/u411614341/domains/cms.oraclemachinetech.com/public_html/vendor/laravel/framework/src/Illuminate/Foundation/Http/Middleware/VerifyCsrfToken.php(78): Illuminate\\Pipeline\\Pipeline->Illuminate\\Pipeline\\{closure}()
#31 /home/u411614341/domains/cms.oraclemachinetech.com/public_html/vendor/laravel/framework/src/Illuminate/Pipeline/Pipeline.php(180): Illuminate\\Foundation\\Http\\Middleware\\VerifyCsrfToken->handle()
#32 /home/u411614341/domains/cms.oraclemachinetech.com/public_html/vendor/laravel/framework/src/Illuminate/View/Middleware/ShareErrorsFromSession.php(49): Illuminate\\Pipeline\\Pipeline->Illuminate\\Pipeline\\{closure}()
#33 /home/u411614341/domains/cms.oraclemachinetech.com/public_html/vendor/laravel/framework/src/Illuminate/Pipeline/Pipeline.php(180): Illuminate\\View\\Middleware\\ShareErrorsFromSession->handle()
#34 /home/u411614341/domains/cms.oraclemachinetech.com/public_html/vendor/laravel/framework/src/Illuminate/Session/Middleware/StartSession.php(121): Illuminate\\Pipeline\\Pipeline->Illuminate\\Pipeline\\{closure}()
#35 /home/u411614341/domains/cms.oraclemachinetech.com/public_html/vendor/laravel/framework/src/Illuminate/Session/Middleware/StartSession.php(64): Illuminate\\Session\\Middleware\\StartSession->handleStatefulRequest()
#36 /home/u411614341/domains/cms.oraclemachinetech.com/public_html/vendor/laravel/framework/src/Illuminate/Pipeline/Pipeline.php(180): Illuminate\\Session\\Middleware\\StartSession->handle()
#37 /home/u411614341/domains/cms.oraclemachinetech.com/public_html/vendor/laravel/framework/src/Illuminate/Cookie/Middleware/AddQueuedCookiesToResponse.php(37): Illuminate\\Pipeline\\Pipeline->Illuminate\\Pipeline\\{closure}()
#38 /home/u411614341/domains/cms.oraclemachinetech.com/public_html/vendor/laravel/framework/src/Illuminate/Pipeline/Pipeline.php(180): Illuminate\\Cookie\\Middleware\\AddQueuedCookiesToResponse->handle()
#39 /home/u411614341/domains/cms.oraclemachinetech.com/public_html/vendor/laravel/framework/src/Illuminate/Cookie/Middleware/EncryptCookies.php(67): Illuminate\\Pipeline\\Pipeline->Illuminate\\Pipeline\\{closure}()
#40 /home/u411614341/domains/cms.oraclemachinetech.com/public_html/vendor/laravel/framework/src/Illuminate/Pipeline/Pipeline.php(180): Illuminate\\Cookie\\Middleware\\EncryptCookies->handle()
#41 /home/u411614341/domains/cms.oraclemachinetech.com/public_html/vendor/laravel/framework/src/Illuminate/Pipeline/Pipeline.php(116): Illuminate\\Pipeline\\Pipeline->Illuminate\\Pipeline\\{closure}()
#42 /home/u411614341/domains/cms.oraclemachinetech.com/public_html/vendor/laravel/framework/src/Illuminate/Routing/Router.php(800): Illuminate\\Pipeline\\Pipeline->then()
#43 /home/u411614341/domains/cms.oraclemachinetech.com/public_html/vendor/laravel/framework/src/Illuminate/Routing/Router.php(777): Illuminate\\Routing\\Router->runRouteWithinStack()
#44 /home/u411614341/domains/cms.oraclemachinetech.com/public_html/vendor/laravel/framework/src/Illuminate/Routing/Router.php(741): Illuminate\\Routing\\Router->runRoute()
#45 /home/u411614341/domains/cms.oraclemachinetech.com/public_html/vendor/laravel/framework/src/Illuminate/Routing/Router.php(730): Illuminate\\Routing\\Router->dispatchToRoute()
#46 /home/u411614341/domains/cms.oraclemachinetech.com/public_html/vendor/laravel/framework/src/Illuminate/Foundation/Http/Kernel.php(200): Illuminate\\Routing\\Router->dispatch()
#47 /home/u411614341/domains/cms.oraclemachinetech.com/public_html/vendor/laravel/framework/src/Illuminate/Pipeline/Pipeline.php(141): Illuminate\\Foundation\\Http\\Kernel->Illuminate\\Foundation\\Http\\{closure}()
#48 /home/u411614341/domains/cms.oraclemachinetech.com/public_html/vendor/laravel/framework/src/Illuminate/Foundation/Http/Middleware/TransformsRequest.php(21): Illuminate\\Pipeline\\Pipeline->Illuminate\\Pipeline\\{closure}()
#49 /home/u411614341/domains/cms.oraclemachinetech.com/public_html/vendor/laravel/framework/src/Illuminate/Foundation/Http/Middleware/ConvertEmptyStringsToNull.php(31): Illuminate\\Foundation\\Http\\Middleware\\TransformsRequest->handle()
#50 /home/u411614341/domains/cms.oraclemachinetech.com/public_html/vendor/laravel/framework/src/Illuminate/Pipeline/Pipeline.php(180): Illuminate\\Foundation\\Http\\Middleware\\ConvertEmptyStringsToNull->handle()
#51 /home/u411614341/domains/cms.oraclemachinetech.com/public_html/vendor/laravel/framework/src/Illuminate/Foundation/Http/Middleware/TransformsRequest.php(21): Illuminate\\Pipeline\\Pipeline->Illuminate\\Pipeline\\{closure}()
#52 /home/u411614341/domains/cms.oraclemachinetech.com/public_html/vendor/laravel/framework/src/Illuminate/Foundation/Http/Middleware/TrimStrings.php(40): Illuminate\\Foundation\\Http\\Middleware\\TransformsRequest->handle()
#53 /home/u411614341/domains/cms.oraclemachinetech.com/public_html/vendor/laravel/framework/src/Illuminate/Pipeline/Pipeline.php(180): Illuminate\\Foundation\\Http\\Middleware\\TrimStrings->handle()
#54 /home/u411614341/domains/cms.oraclemachinetech.com/public_html/vendor/laravel/framework/src/Illuminate/Foundation/Http/Middleware/ValidatePostSize.php(27): Illuminate\\Pipeline\\Pipeline->Illuminate\\Pipeline\\{closure}()
#55 /home/u411614341/domains/cms.oraclemachinetech.com/public_html/vendor/laravel/framework/src/Illuminate/Pipeline/Pipeline.php(180): Illuminate\\Foundation\\Http\\Middleware\\ValidatePostSize->handle()
#56 /home/u411614341/domains/cms.oraclemachinetech.com/public_html/vendor/laravel/framework/src/Illuminate/Foundation/Http/Middleware/PreventRequestsDuringMaintenance.php(89): Illuminate\\Pipeline\\Pipeline->Illuminate\\Pipeline\\{closure}()
#57 /home/u411614341/domains/cms.oraclemachinetech.com/public_html/vendor/laravel/framework/src/Illuminate/Pipeline/Pipeline.php(180): Illuminate\\Foundation\\Http\\Middleware\\PreventRequestsDuringMaintenance->handle()
#58 /home/u411614341/domains/cms.oraclemachinetech.com/public_html/vendor/laravel/framework/src/Illuminate/Http/Middleware/HandleCors.php(49): Illuminate\\Pipeline\\Pipeline->Illuminate\\Pipeline\\{closure}()
#59 /home/u411614341/domains/cms.oraclemachinetech.com/public_html/vendor/laravel/framework/src/Illuminate/Pipeline/Pipeline.php(180): Illuminate\\Http\\Middleware\\HandleCors->handle()
#60 /home/u411614341/domains/cms.oraclemachinetech.com/public_html/vendor/laravel/framework/src/Illuminate/Http/Middleware/TrustProxies.php(39): Illuminate\\Pipeline\\Pipeline->Illuminate\\Pipeline\\{closure}()
#61 /home/u411614341/domains/cms.oraclemachinetech.com/public_html/vendor/laravel/framework/src/Illuminate/Pipeline/Pipeline.php(180): Illuminate\\Http\\Middleware\\TrustProxies->handle()
#62 /home/u411614341/domains/cms.oraclemachinetech.com/public_html/vendor/laravel/framework/src/Illuminate/Pipeline/Pipeline.php(116): Illuminate\\Pipeline\\Pipeline->Illuminate\\Pipeline\\{closure}()
#63 /home/u411614341/domains/cms.oraclemachinetech.com/public_html/vendor/laravel/framework/src/Illuminate/Foundation/Http/Kernel.php(175): Illuminate\\Pipeline\\Pipeline->then()
#64 /home/u411614341/domains/cms.oraclemachinetech.com/public_html/vendor/laravel/framework/src/Illuminate/Foundation/Http/Kernel.php(144): Illuminate\\Foundation\\Http\\Kernel->sendRequestThroughRouter()
#65 /home/u411614341/domains/cms.oraclemachinetech.com/public_html/index.php(52): Illuminate\\Foundation\\Http\\Kernel->handle()
#66 {main}
"} 
[2024-12-20 05:20:12] local.ERROR: SQLSTATE[42S22]: Column not found: 1054 Unknown column 'pono' in 'INSERT INTO' (Connection: mysql, SQL: insert into `invoice` (`invoice_id`, `date`, `paycondition`, `duedate`, `placesupply`, `challanno`, `pono`, `ewaybillno`, `ewaybilldate`, `despatchthrough`, `accountholder`, `bankaccountnumber`, `bankifsccode`, `bankname`, `bankbranchname`, `totalamountbeforetax`, `amount`, `amountwithtax`, `TransportVehicleNo`, `updated_at`, `created_at`) values (#VL31343944, 2024-12-11, 30, 2024-12-17, Gujarat, 123fefer, 123, veve, 2024-12-23, dewfe, Oracal Machine Tech, 7803 0500 0477, ICIC007803, ICIC Bank, Madodhar Branch, 6.48, 42.00, 36.00, gj12bq123, 2024-12-20 05:20:12, 2024-12-20 05:20:12)) {"userId":1,"exception":"[object] (Illuminate\\Database\\QueryException(code: 42S22): SQLSTATE[42S22]: Column not found: 1054 Unknown column 'pono' in 'INSERT INTO' (Connection: mysql, SQL: insert into `invoice` (`invoice_id`, `date`, `paycondition`, `duedate`, `placesupply`, `challanno`, `pono`, `ewaybillno`, `ewaybilldate`, `despatchthrough`, `accountholder`, `bankaccountnumber`, `bankifsccode`, `bankname`, `bankbranchname`, `totalamountbeforetax`, `amount`, `amountwithtax`, `TransportVehicleNo`, `updated_at`, `created_at`) values (#VL31343944, 2024-12-11, 30, 2024-12-17, Gujarat, 123fefer, 123, veve, 2024-12-23, dewfe, Oracal Machine Tech, 7803 0500 0477, ICIC007803, ICIC Bank, Madodhar Branch, 6.48, 42.00, 36.00, gj12bq123, 2024-12-20 05:20:12, 2024-12-20 05:20:12)) at /home/u411614341/domains/cms.oraclemachinetech.com/public_html/vendor/laravel/framework/src/Illuminate/Database/Connection.php:801)
[stacktrace]
#0 /home/u411614341/domains/cms.oraclemachinetech.com/public_html/vendor/laravel/framework/src/Illuminate/Database/Connection.php(755): Illuminate\\Database\\Connection->runQueryCallback()
#1 /home/u411614341/domains/cms.oraclemachinetech.com/public_html/vendor/laravel/framework/src/Illuminate/Database/Connection.php(581): Illuminate\\Database\\Connection->run()
#2 /home/u411614341/domains/cms.oraclemachinetech.com/public_html/vendor/laravel/framework/src/Illuminate/Database/Connection.php(533): Illuminate\\Database\\Connection->statement()
#3 /home/u411614341/domains/cms.oraclemachinetech.com/public_html/vendor/laravel/framework/src/Illuminate/Database/Query/Processors/Processor.php(32): Illuminate\\Database\\Connection->insert()
#4 /home/u411614341/domains/cms.oraclemachinetech.com/public_html/vendor/laravel/framework/src/Illuminate/Database/Query/Builder.php(3387): Illuminate\\Database\\Query\\Processors\\Processor->processInsertGetId()
#5 /home/u411614341/domains/cms.oraclemachinetech.com/public_html/vendor/laravel/framework/src/Illuminate/Database/Eloquent/Builder.php(1968): Illuminate\\Database\\Query\\Builder->insertGetId()
#6 /home/u411614341/domains/cms.oraclemachinetech.com/public_html/vendor/laravel/framework/src/Illuminate/Database/Eloquent/Model.php(1333): Illuminate\\Database\\Eloquent\\Builder->__call()
#7 /home/u411614341/domains/cms.oraclemachinetech.com/public_html/vendor/laravel/framework/src/Illuminate/Database/Eloquent/Model.php(1298): Illuminate\\Database\\Eloquent\\Model->insertAndSetId()
#8 /home/u411614341/domains/cms.oraclemachinetech.com/public_html/vendor/laravel/framework/src/Illuminate/Database/Eloquent/Model.php(1137): Illuminate\\Database\\Eloquent\\Model->performInsert()
#9 /home/u411614341/domains/cms.oraclemachinetech.com/public_html/vendor/laravel/framework/src/Illuminate/Database/Eloquent/Builder.php(1023): Illuminate\\Database\\Eloquent\\Model->save()
#10 /home/u411614341/domains/cms.oraclemachinetech.com/public_html/vendor/laravel/framework/src/Illuminate/Support/helpers.php(307): Illuminate\\Database\\Eloquent\\Builder->Illuminate\\Database\\Eloquent\\{closure}()
#11 /home/u411614341/domains/cms.oraclemachinetech.com/public_html/vendor/laravel/framework/src/Illuminate/Database/Eloquent/Builder.php(1024): tap()
#12 /home/u411614341/domains/cms.oraclemachinetech.com/public_html/vendor/laravel/framework/src/Illuminate/Support/Traits/ForwardsCalls.php(23): Illuminate\\Database\\Eloquent\\Builder->create()
#13 /home/u411614341/domains/cms.oraclemachinetech.com/public_html/vendor/laravel/framework/src/Illuminate/Database/Eloquent/Model.php(2333): Illuminate\\Database\\Eloquent\\Model->forwardCallTo()
#14 /home/u411614341/domains/cms.oraclemachinetech.com/public_html/vendor/laravel/framework/src/Illuminate/Database/Eloquent/Model.php(2345): Illuminate\\Database\\Eloquent\\Model->__call()
#15 /home/u411614341/domains/cms.oraclemachinetech.com/public_html/app/Http/Controllers/InvoiceController.php(119): Illuminate\\Database\\Eloquent\\Model::__callStatic()
#16 /home/u411614341/domains/cms.oraclemachinetech.com/public_html/vendor/laravel/framework/src/Illuminate/Routing/Controller.php(54): App\\Http\\Controllers\\InvoiceController->store()
#17 /home/u411614341/domains/cms.oraclemachinetech.com/public_html/vendor/laravel/framework/src/Illuminate/Routing/ControllerDispatcher.php(43): Illuminate\\Routing\\Controller->callAction()
#18 /home/u411614341/domains/cms.oraclemachinetech.com/public_html/vendor/laravel/framework/src/Illuminate/Routing/Route.php(260): Illuminate\\Routing\\ControllerDispatcher->dispatch()
#19 /home/u411614341/domains/cms.oraclemachinetech.com/public_html/vendor/laravel/framework/src/Illuminate/Routing/Route.php(205): Illuminate\\Routing\\Route->runController()
#20 /home/u411614341/domains/cms.oraclemachinetech.com/public_html/vendor/laravel/framework/src/Illuminate/Routing/Router.php(799): Illuminate\\Routing\\Route->run()
#21 /home/u411614341/domains/cms.oraclemachinetech.com/public_html/vendor/laravel/framework/src/Illuminate/Pipeline/Pipeline.php(141): Illuminate\\Routing\\Router->Illuminate\\Routing\\{closure}()
#22 /home/u411614341/domains/cms.oraclemachinetech.com/public_html/vendor/laravel/framework/src/Illuminate/Routing/Middleware/SubstituteBindings.php(50): Illuminate\\Pipeline\\Pipeline->Illuminate\\Pipeline\\{closure}()
#23 /home/u411614341/domains/cms.oraclemachinetech.com/public_html/vendor/laravel/framework/src/Illuminate/Pipeline/Pipeline.php(180): Illuminate\\Routing\\Middleware\\SubstituteBindings->handle()
#24 /home/u411614341/domains/cms.oraclemachinetech.com/public_html/vendor/laravel/framework/src/Illuminate/Auth/Middleware/Authenticate.php(57): Illuminate\\Pipeline\\Pipeline->Illuminate\\Pipeline\\{closure}()
#25 /home/u411614341/domains/cms.oraclemachinetech.com/public_html/vendor/laravel/framework/src/Illuminate/Pipeline/Pipeline.php(180): Illuminate\\Auth\\Middleware\\Authenticate->handle()
#26 /home/u411614341/domains/cms.oraclemachinetech.com/public_html/app/Http/Middleware/Localization.php(24): Illuminate\\Pipeline\\Pipeline->Illuminate\\Pipeline\\{closure}()
#27 /home/u411614341/domains/cms.oraclemachinetech.com/public_html/vendor/laravel/framework/src/Illuminate/Pipeline/Pipeline.php(180): App\\Http\\Middleware\\Localization->handle()
#28 /home/u411614341/domains/cms.oraclemachinetech.com/public_html/vendor/laravel/framework/src/Illuminate/Foundation/Http/Middleware/VerifyCsrfToken.php(78): Illuminate\\Pipeline\\Pipeline->Illuminate\\Pipeline\\{closure}()
#29 /home/u411614341/domains/cms.oraclemachinetech.com/public_html/vendor/laravel/framework/src/Illuminate/Pipeline/Pipeline.php(180): Illuminate\\Foundation\\Http\\Middleware\\VerifyCsrfToken->handle()
#30 /home/u411614341/domains/cms.oraclemachinetech.com/public_html/vendor/laravel/framework/src/Illuminate/View/Middleware/ShareErrorsFromSession.php(49): Illuminate\\Pipeline\\Pipeline->Illuminate\\Pipeline\\{closure}()
#31 /home/u411614341/domains/cms.oraclemachinetech.com/public_html/vendor/laravel/framework/src/Illuminate/Pipeline/Pipeline.php(180): Illuminate\\View\\Middleware\\ShareErrorsFromSession->handle()
#32 /home/u411614341/domains/cms.oraclemachinetech.com/public_html/vendor/laravel/framework/src/Illuminate/Session/Middleware/StartSession.php(121): Illuminate\\Pipeline\\Pipeline->Illuminate\\Pipeline\\{closure}()
#33 /home/u411614341/domains/cms.oraclemachinetech.com/public_html/vendor/laravel/framework/src/Illuminate/Session/Middleware/StartSession.php(64): Illuminate\\Session\\Middleware\\StartSession->handleStatefulRequest()
#34 /home/u411614341/domains/cms.oraclemachinetech.com/public_html/vendor/laravel/framework/src/Illuminate/Pipeline/Pipeline.php(180): Illuminate\\Session\\Middleware\\StartSession->handle()
#35 /home/u411614341/domains/cms.oraclemachinetech.com/public_html/vendor/laravel/framework/src/Illuminate/Cookie/Middleware/AddQueuedCookiesToResponse.php(37): Illuminate\\Pipeline\\Pipeline->Illuminate\\Pipeline\\{closure}()
#36 /home/u411614341/domains/cms.oraclemachinetech.com/public_html/vendor/laravel/framework/src/Illuminate/Pipeline/Pipeline.php(180): Illuminate\\Cookie\\Middleware\\AddQueuedCookiesToResponse->handle()
#37 /home/u411614341/domains/cms.oraclemachinetech.com/public_html/vendor/laravel/framework/src/Illuminate/Cookie/Middleware/EncryptCookies.php(67): Illuminate\\Pipeline\\Pipeline->Illuminate\\Pipeline\\{closure}()
#38 /home/u411614341/domains/cms.oraclemachinetech.com/public_html/vendor/laravel/framework/src/Illuminate/Pipeline/Pipeline.php(180): Illuminate\\Cookie\\Middleware\\EncryptCookies->handle()
#39 /home/u411614341/domains/cms.oraclemachinetech.com/public_html/vendor/laravel/framework/src/Illuminate/Pipeline/Pipeline.php(116): Illuminate\\Pipeline\\Pipeline->Illuminate\\Pipeline\\{closure}()
#40 /home/u411614341/domains/cms.oraclemachinetech.com/public_html/vendor/laravel/framework/src/Illuminate/Routing/Router.php(800): Illuminate\\Pipeline\\Pipeline->then()
#41 /home/u411614341/domains/cms.oraclemachinetech.com/public_html/vendor/laravel/framework/src/Illuminate/Routing/Router.php(777): Illuminate\\Routing\\Router->runRouteWithinStack()
#42 /home/u411614341/domains/cms.oraclemachinetech.com/public_html/vendor/laravel/framework/src/Illuminate/Routing/Router.php(741): Illuminate\\Routing\\Router->runRoute()
#43 /home/u411614341/domains/cms.oraclemachinetech.com/public_html/vendor/laravel/framework/src/Illuminate/Routing/Router.php(730): Illuminate\\Routing\\Router->dispatchToRoute()
#44 /home/u411614341/domains/cms.oraclemachinetech.com/public_html/vendor/laravel/framework/src/Illuminate/Foundation/Http/Kernel.php(200): Illuminate\\Routing\\Router->dispatch()
#45 /home/u411614341/domains/cms.oraclemachinetech.com/public_html/vendor/laravel/framework/src/Illuminate/Pipeline/Pipeline.php(141): Illuminate\\Foundation\\Http\\Kernel->Illuminate\\Foundation\\Http\\{closure}()
#46 /home/u411614341/domains/cms.oraclemachinetech.com/public_html/vendor/laravel/framework/src/Illuminate/Foundation/Http/Middleware/TransformsRequest.php(21): Illuminate\\Pipeline\\Pipeline->Illuminate\\Pipeline\\{closure}()
#47 /home/u411614341/domains/cms.oraclemachinetech.com/public_html/vendor/laravel/framework/src/Illuminate/Foundation/Http/Middleware/ConvertEmptyStringsToNull.php(31): Illuminate\\Foundation\\Http\\Middleware\\TransformsRequest->handle()
#48 /home/u411614341/domains/cms.oraclemachinetech.com/public_html/vendor/laravel/framework/src/Illuminate/Pipeline/Pipeline.php(180): Illuminate\\Foundation\\Http\\Middleware\\ConvertEmptyStringsToNull->handle()
#49 /home/u411614341/domains/cms.oraclemachinetech.com/public_html/vendor/laravel/framework/src/Illuminate/Foundation/Http/Middleware/TransformsRequest.php(21): Illuminate\\Pipeline\\Pipeline->Illuminate\\Pipeline\\{closure}()
#50 /home/u411614341/domains/cms.oraclemachinetech.com/public_html/vendor/laravel/framework/src/Illuminate/Foundation/Http/Middleware/TrimStrings.php(40): Illuminate\\Foundation\\Http\\Middleware\\TransformsRequest->handle()
#51 /home/u411614341/domains/cms.oraclemachinetech.com/public_html/vendor/laravel/framework/src/Illuminate/Pipeline/Pipeline.php(180): Illuminate\\Foundation\\Http\\Middleware\\TrimStrings->handle()
#52 /home/u411614341/domains/cms.oraclemachinetech.com/public_html/vendor/laravel/framework/src/Illuminate/Foundation/Http/Middleware/ValidatePostSize.php(27): Illuminate\\Pipeline\\Pipeline->Illuminate\\Pipeline\\{closure}()
#53 /home/u411614341/domains/cms.oraclemachinetech.com/public_html/vendor/laravel/framework/src/Illuminate/Pipeline/Pipeline.php(180): Illuminate\\Foundation\\Http\\Middleware\\ValidatePostSize->handle()
#54 /home/u411614341/domains/cms.oraclemachinetech.com/public_html/vendor/laravel/framework/src/Illuminate/Foundation/Http/Middleware/PreventRequestsDuringMaintenance.php(89): Illuminate\\Pipeline\\Pipeline->Illuminate\\Pipeline\\{closure}()
#55 /home/u411614341/domains/cms.oraclemachinetech.com/public_html/vendor/laravel/framework/src/Illuminate/Pipeline/Pipeline.php(180): Illuminate\\Foundation\\Http\\Middleware\\PreventRequestsDuringMaintenance->handle()
#56 /home/u411614341/domains/cms.oraclemachinetech.com/public_html/vendor/laravel/framework/src/Illuminate/Http/Middleware/HandleCors.php(49): Illuminate\\Pipeline\\Pipeline->Illuminate\\Pipeline\\{closure}()
#57 /home/u411614341/domains/cms.oraclemachinetech.com/public_html/vendor/laravel/framework/src/Illuminate/Pipeline/Pipeline.php(180): Illuminate\\Http\\Middleware\\HandleCors->handle()
#58 /home/u411614341/domains/cms.oraclemachinetech.com/public_html/vendor/laravel/framework/src/Illuminate/Http/Middleware/TrustProxies.php(39): Illuminate\\Pipeline\\Pipeline->Illuminate\\Pipeline\\{closure}()
#59 /home/u411614341/domains/cms.oraclemachinetech.com/public_html/vendor/laravel/framework/src/Illuminate/Pipeline/Pipeline.php(180): Illuminate\\Http\\Middleware\\TrustProxies->handle()
#60 /home/u411614341/domains/cms.oraclemachinetech.com/public_html/vendor/laravel/framework/src/Illuminate/Pipeline/Pipeline.php(116): Illuminate\\Pipeline\\Pipeline->Illuminate\\Pipeline\\{closure}()
#61 /home/u411614341/domains/cms.oraclemachinetech.com/public_html/vendor/laravel/framework/src/Illuminate/Foundation/Http/Kernel.php(175): Illuminate\\Pipeline\\Pipeline->then()
#62 /home/u411614341/domains/cms.oraclemachinetech.com/public_html/vendor/laravel/framework/src/Illuminate/Foundation/Http/Kernel.php(144): Illuminate\\Foundation\\Http\\Kernel->sendRequestThroughRouter()
#63 /home/u411614341/domains/cms.oraclemachinetech.com/public_html/index.php(52): Illuminate\\Foundation\\Http\\Kernel->handle()
#64 {main}

[previous exception] [object] (PDOException(code: 42S22): SQLSTATE[42S22]: Column not found: 1054 Unknown column 'pono' in 'INSERT INTO' at /home/u411614341/domains/cms.oraclemachinetech.com/public_html/vendor/laravel/framework/src/Illuminate/Database/Connection.php:574)
[stacktrace]
#0 /home/u411614341/domains/cms.oraclemachinetech.com/public_html/vendor/laravel/framework/src/Illuminate/Database/Connection.php(574): PDO->prepare()
#1 /home/u411614341/domains/cms.oraclemachinetech.com/public_html/vendor/laravel/framework/src/Illuminate/Database/Connection.php(788): Illuminate\\Database\\Connection->Illuminate\\Database\\{closure}()
#2 /home/u411614341/domains/cms.oraclemachinetech.com/public_html/vendor/laravel/framework/src/Illuminate/Database/Connection.php(755): Illuminate\\Database\\Connection->runQueryCallback()
#3 /home/u411614341/domains/cms.oraclemachinetech.com/public_html/vendor/laravel/framework/src/Illuminate/Database/Connection.php(581): Illuminate\\Database\\Connection->run()
#4 /home/u411614341/domains/cms.oraclemachinetech.com/public_html/vendor/laravel/framework/src/Illuminate/Database/Connection.php(533): Illuminate\\Database\\Connection->statement()
#5 /home/u411614341/domains/cms.oraclemachinetech.com/public_html/vendor/laravel/framework/src/Illuminate/Database/Query/Processors/Processor.php(32): Illuminate\\Database\\Connection->insert()
#6 /home/u411614341/domains/cms.oraclemachinetech.com/public_html/vendor/laravel/framework/src/Illuminate/Database/Query/Builder.php(3387): Illuminate\\Database\\Query\\Processors\\Processor->processInsertGetId()
#7 /home/u411614341/domains/cms.oraclemachinetech.com/public_html/vendor/laravel/framework/src/Illuminate/Database/Eloquent/Builder.php(1968): Illuminate\\Database\\Query\\Builder->insertGetId()
#8 /home/u411614341/domains/cms.oraclemachinetech.com/public_html/vendor/laravel/framework/src/Illuminate/Database/Eloquent/Model.php(1333): Illuminate\\Database\\Eloquent\\Builder->__call()
#9 /home/u411614341/domains/cms.oraclemachinetech.com/public_html/vendor/laravel/framework/src/Illuminate/Database/Eloquent/Model.php(1298): Illuminate\\Database\\Eloquent\\Model->insertAndSetId()
#10 /home/u411614341/domains/cms.oraclemachinetech.com/public_html/vendor/laravel/framework/src/Illuminate/Database/Eloquent/Model.php(1137): Illuminate\\Database\\Eloquent\\Model->performInsert()
#11 /home/u411614341/domains/cms.oraclemachinetech.com/public_html/vendor/laravel/framework/src/Illuminate/Database/Eloquent/Builder.php(1023): Illuminate\\Database\\Eloquent\\Model->save()
#12 /home/u411614341/domains/cms.oraclemachinetech.com/public_html/vendor/laravel/framework/src/Illuminate/Support/helpers.php(307): Illuminate\\Database\\Eloquent\\Builder->Illuminate\\Database\\Eloquent\\{closure}()
#13 /home/u411614341/domains/cms.oraclemachinetech.com/public_html/vendor/laravel/framework/src/Illuminate/Database/Eloquent/Builder.php(1024): tap()
#14 /home/u411614341/domains/cms.oraclemachinetech.com/public_html/vendor/laravel/framework/src/Illuminate/Support/Traits/ForwardsCalls.php(23): Illuminate\\Database\\Eloquent\\Builder->create()
#15 /home/u411614341/domains/cms.oraclemachinetech.com/public_html/vendor/laravel/framework/src/Illuminate/Database/Eloquent/Model.php(2333): Illuminate\\Database\\Eloquent\\Model->forwardCallTo()
#16 /home/u411614341/domains/cms.oraclemachinetech.com/public_html/vendor/laravel/framework/src/Illuminate/Database/Eloquent/Model.php(2345): Illuminate\\Database\\Eloquent\\Model->__call()
#17 /home/u411614341/domains/cms.oraclemachinetech.com/public_html/app/Http/Controllers/InvoiceController.php(119): Illuminate\\Database\\Eloquent\\Model::__callStatic()
#18 /home/u411614341/domains/cms.oraclemachinetech.com/public_html/vendor/laravel/framework/src/Illuminate/Routing/Controller.php(54): App\\Http\\Controllers\\InvoiceController->store()
#19 /home/u411614341/domains/cms.oraclemachinetech.com/public_html/vendor/laravel/framework/src/Illuminate/Routing/ControllerDispatcher.php(43): Illuminate\\Routing\\Controller->callAction()
#20 /home/u411614341/domains/cms.oraclemachinetech.com/public_html/vendor/laravel/framework/src/Illuminate/Routing/Route.php(260): Illuminate\\Routing\\ControllerDispatcher->dispatch()
#21 /home/u411614341/domains/cms.oraclemachinetech.com/public_html/vendor/laravel/framework/src/Illuminate/Routing/Route.php(205): Illuminate\\Routing\\Route->runController()
#22 /home/u411614341/domains/cms.oraclemachinetech.com/public_html/vendor/laravel/framework/src/Illuminate/Routing/Router.php(799): Illuminate\\Routing\\Route->run()
#23 /home/u411614341/domains/cms.oraclemachinetech.com/public_html/vendor/laravel/framework/src/Illuminate/Pipeline/Pipeline.php(141): Illuminate\\Routing\\Router->Illuminate\\Routing\\{closure}()
#24 /home/u411614341/domains/cms.oraclemachinetech.com/public_html/vendor/laravel/framework/src/Illuminate/Routing/Middleware/SubstituteBindings.php(50): Illuminate\\Pipeline\\Pipeline->Illuminate\\Pipeline\\{closure}()
#25 /home/u411614341/domains/cms.oraclemachinetech.com/public_html/vendor/laravel/framework/src/Illuminate/Pipeline/Pipeline.php(180): Illuminate\\Routing\\Middleware\\SubstituteBindings->handle()
#26 /home/u411614341/domains/cms.oraclemachinetech.com/public_html/vendor/laravel/framework/src/Illuminate/Auth/Middleware/Authenticate.php(57): Illuminate\\Pipeline\\Pipeline->Illuminate\\Pipeline\\{closure}()
#27 /home/u411614341/domains/cms.oraclemachinetech.com/public_html/vendor/laravel/framework/src/Illuminate/Pipeline/Pipeline.php(180): Illuminate\\Auth\\Middleware\\Authenticate->handle()
#28 /home/u411614341/domains/cms.oraclemachinetech.com/public_html/app/Http/Middleware/Localization.php(24): Illuminate\\Pipeline\\Pipeline->Illuminate\\Pipeline\\{closure}()
#29 /home/u411614341/domains/cms.oraclemachinetech.com/public_html/vendor/laravel/framework/src/Illuminate/Pipeline/Pipeline.php(180): App\\Http\\Middleware\\Localization->handle()
#30 /home/u411614341/domains/cms.oraclemachinetech.com/public_html/vendor/laravel/framework/src/Illuminate/Foundation/Http/Middleware/VerifyCsrfToken.php(78): Illuminate\\Pipeline\\Pipeline->Illuminate\\Pipeline\\{closure}()
#31 /home/u411614341/domains/cms.oraclemachinetech.com/public_html/vendor/laravel/framework/src/Illuminate/Pipeline/Pipeline.php(180): Illuminate\\Foundation\\Http\\Middleware\\VerifyCsrfToken->handle()
#32 /home/u411614341/domains/cms.oraclemachinetech.com/public_html/vendor/laravel/framework/src/Illuminate/View/Middleware/ShareErrorsFromSession.php(49): Illuminate\\Pipeline\\Pipeline->Illuminate\\Pipeline\\{closure}()
#33 /home/u411614341/domains/cms.oraclemachinetech.com/public_html/vendor/laravel/framework/src/Illuminate/Pipeline/Pipeline.php(180): Illuminate\\View\\Middleware\\ShareErrorsFromSession->handle()
#34 /home/u411614341/domains/cms.oraclemachinetech.com/public_html/vendor/laravel/framework/src/Illuminate/Session/Middleware/StartSession.php(121): Illuminate\\Pipeline\\Pipeline->Illuminate\\Pipeline\\{closure}()
#35 /home/u411614341/domains/cms.oraclemachinetech.com/public_html/vendor/laravel/framework/src/Illuminate/Session/Middleware/StartSession.php(64): Illuminate\\Session\\Middleware\\StartSession->handleStatefulRequest()
#36 /home/u411614341/domains/cms.oraclemachinetech.com/public_html/vendor/laravel/framework/src/Illuminate/Pipeline/Pipeline.php(180): Illuminate\\Session\\Middleware\\StartSession->handle()
#37 /home/u411614341/domains/cms.oraclemachinetech.com/public_html/vendor/laravel/framework/src/Illuminate/Cookie/Middleware/AddQueuedCookiesToResponse.php(37): Illuminate\\Pipeline\\Pipeline->Illuminate\\Pipeline\\{closure}()
#38 /home/u411614341/domains/cms.oraclemachinetech.com/public_html/vendor/laravel/framework/src/Illuminate/Pipeline/Pipeline.php(180): Illuminate\\Cookie\\Middleware\\AddQueuedCookiesToResponse->handle()
#39 /home/u411614341/domains/cms.oraclemachinetech.com/public_html/vendor/laravel/framework/src/Illuminate/Cookie/Middleware/EncryptCookies.php(67): Illuminate\\Pipeline\\Pipeline->Illuminate\\Pipeline\\{closure}()
#40 /home/u411614341/domains/cms.oraclemachinetech.com/public_html/vendor/laravel/framework/src/Illuminate/Pipeline/Pipeline.php(180): Illuminate\\Cookie\\Middleware\\EncryptCookies->handle()
#41 /home/u411614341/domains/cms.oraclemachinetech.com/public_html/vendor/laravel/framework/src/Illuminate/Pipeline/Pipeline.php(116): Illuminate\\Pipeline\\Pipeline->Illuminate\\Pipeline\\{closure}()
#42 /home/u411614341/domains/cms.oraclemachinetech.com/public_html/vendor/laravel/framework/src/Illuminate/Routing/Router.php(800): Illuminate\\Pipeline\\Pipeline->then()
#43 /home/u411614341/domains/cms.oraclemachinetech.com/public_html/vendor/laravel/framework/src/Illuminate/Routing/Router.php(777): Illuminate\\Routing\\Router->runRouteWithinStack()
#44 /home/u411614341/domains/cms.oraclemachinetech.com/public_html/vendor/laravel/framework/src/Illuminate/Routing/Router.php(741): Illuminate\\Routing\\Router->runRoute()
#45 /home/u411614341/domains/cms.oraclemachinetech.com/public_html/vendor/laravel/framework/src/Illuminate/Routing/Router.php(730): Illuminate\\Routing\\Router->dispatchToRoute()
#46 /home/u411614341/domains/cms.oraclemachinetech.com/public_html/vendor/laravel/framework/src/Illuminate/Foundation/Http/Kernel.php(200): Illuminate\\Routing\\Router->dispatch()
#47 /home/u411614341/domains/cms.oraclemachinetech.com/public_html/vendor/laravel/framework/src/Illuminate/Pipeline/Pipeline.php(141): Illuminate\\Foundation\\Http\\Kernel->Illuminate\\Foundation\\Http\\{closure}()
#48 /home/u411614341/domains/cms.oraclemachinetech.com/public_html/vendor/laravel/framework/src/Illuminate/Foundation/Http/Middleware/TransformsRequest.php(21): Illuminate\\Pipeline\\Pipeline->Illuminate\\Pipeline\\{closure}()
#49 /home/u411614341/domains/cms.oraclemachinetech.com/public_html/vendor/laravel/framework/src/Illuminate/Foundation/Http/Middleware/ConvertEmptyStringsToNull.php(31): Illuminate\\Foundation\\Http\\Middleware\\TransformsRequest->handle()
#50 /home/u411614341/domains/cms.oraclemachinetech.com/public_html/vendor/laravel/framework/src/Illuminate/Pipeline/Pipeline.php(180): Illuminate\\Foundation\\Http\\Middleware\\ConvertEmptyStringsToNull->handle()
#51 /home/u411614341/domains/cms.oraclemachinetech.com/public_html/vendor/laravel/framework/src/Illuminate/Foundation/Http/Middleware/TransformsRequest.php(21): Illuminate\\Pipeline\\Pipeline->Illuminate\\Pipeline\\{closure}()
#52 /home/u411614341/domains/cms.oraclemachinetech.com/public_html/vendor/laravel/framework/src/Illuminate/Foundation/Http/Middleware/TrimStrings.php(40): Illuminate\\Foundation\\Http\\Middleware\\TransformsRequest->handle()
#53 /home/u411614341/domains/cms.oraclemachinetech.com/public_html/vendor/laravel/framework/src/Illuminate/Pipeline/Pipeline.php(180): Illuminate\\Foundation\\Http\\Middleware\\TrimStrings->handle()
#54 /home/u411614341/domains/cms.oraclemachinetech.com/public_html/vendor/laravel/framework/src/Illuminate/Foundation/Http/Middleware/ValidatePostSize.php(27): Illuminate\\Pipeline\\Pipeline->Illuminate\\Pipeline\\{closure}()
#55 /home/u411614341/domains/cms.oraclemachinetech.com/public_html/vendor/laravel/framework/src/Illuminate/Pipeline/Pipeline.php(180): Illuminate\\Foundation\\Http\\Middleware\\ValidatePostSize->handle()
#56 /home/u411614341/domains/cms.oraclemachinetech.com/public_html/vendor/laravel/framework/src/Illuminate/Foundation/Http/Middleware/PreventRequestsDuringMaintenance.php(89): Illuminate\\Pipeline\\Pipeline->Illuminate\\Pipeline\\{closure}()
#57 /home/u411614341/domains/cms.oraclemachinetech.com/public_html/vendor/laravel/framework/src/Illuminate/Pipeline/Pipeline.php(180): Illuminate\\Foundation\\Http\\Middleware\\PreventRequestsDuringMaintenance->handle()
#58 /home/u411614341/domains/cms.oraclemachinetech.com/public_html/vendor/laravel/framework/src/Illuminate/Http/Middleware/HandleCors.php(49): Illuminate\\Pipeline\\Pipeline->Illuminate\\Pipeline\\{closure}()
#59 /home/u411614341/domains/cms.oraclemachinetech.com/public_html/vendor/laravel/framework/src/Illuminate/Pipeline/Pipeline.php(180): Illuminate\\Http\\Middleware\\HandleCors->handle()
#60 /home/u411614341/domains/cms.oraclemachinetech.com/public_html/vendor/laravel/framework/src/Illuminate/Http/Middleware/TrustProxies.php(39): Illuminate\\Pipeline\\Pipeline->Illuminate\\Pipeline\\{closure}()
#61 /home/u411614341/domains/cms.oraclemachinetech.com/public_html/vendor/laravel/framework/src/Illuminate/Pipeline/Pipeline.php(180): Illuminate\\Http\\Middleware\\TrustProxies->handle()
#62 /home/u411614341/domains/cms.oraclemachinetech.com/public_html/vendor/laravel/framework/src/Illuminate/Pipeline/Pipeline.php(116): Illuminate\\Pipeline\\Pipeline->Illuminate\\Pipeline\\{closure}()
#63 /home/u411614341/domains/cms.oraclemachinetech.com/public_html/vendor/laravel/framework/src/Illuminate/Foundation/Http/Kernel.php(175): Illuminate\\Pipeline\\Pipeline->then()
#64 /home/u411614341/domains/cms.oraclemachinetech.com/public_html/vendor/laravel/framework/src/Illuminate/Foundation/Http/Kernel.php(144): Illuminate\\Foundation\\Http\\Kernel->sendRequestThroughRouter()
#65 /home/u411614341/domains/cms.oraclemachinetech.com/public_html/index.php(52): Illuminate\\Foundation\\Http\\Kernel->handle()
#66 {main}
"} 
[2024-12-20 05:25:35] local.ERROR: SQLSTATE[42S22]: Column not found: 1054 Unknown column 'invoice.customer_id' in 'ON' (Connection: mysql, SQL: select `invoice`.*, `customer`.`id` as `customer_id`, `invoice`.`invoice_id` as `invoice_id` from `customer` left join `invoice` on `invoice`.`customer_id` = `customer`.`id` order by `customer`.`id` desc) {"view":{"view":"/home/u411614341/domains/cms.oraclemachinetech.com/public_html/resources/views/vender.blade.php","data":[]},"userId":1,"exception":"[object] (Spatie\\LaravelIgnition\\Exceptions\\ViewException(code: 0): SQLSTATE[42S22]: Column not found: 1054 Unknown column 'invoice.customer_id' in 'ON' (Connection: mysql, SQL: select `invoice`.*, `customer`.`id` as `customer_id`, `invoice`.`invoice_id` as `invoice_id` from `customer` left join `invoice` on `invoice`.`customer_id` = `customer`.`id` order by `customer`.`id` desc) at /home/u411614341/domains/cms.oraclemachinetech.com/public_html/vendor/laravel/framework/src/Illuminate/Database/Connection.php:801)
[stacktrace]
#0 /home/u411614341/domains/cms.oraclemachinetech.com/public_html/vendor/laravel/framework/src/Illuminate/Database/Connection.php(755): Illuminate\\Database\\Connection->runQueryCallback()
#1 /home/u411614341/domains/cms.oraclemachinetech.com/public_html/vendor/laravel/framework/src/Illuminate/Database/Connection.php(424): Illuminate\\Database\\Connection->run()
#2 /home/u411614341/domains/cms.oraclemachinetech.com/public_html/vendor/laravel/framework/src/Illuminate/Database/Query/Builder.php(2752): Illuminate\\Database\\Connection->select()
#3 /home/u411614341/domains/cms.oraclemachinetech.com/public_html/vendor/laravel/framework/src/Illuminate/Database/Query/Builder.php(2740): Illuminate\\Database\\Query\\Builder->runSelect()
#4 /home/u411614341/domains/cms.oraclemachinetech.com/public_html/vendor/laravel/framework/src/Illuminate/Database/Query/Builder.php(3294): Illuminate\\Database\\Query\\Builder->Illuminate\\Database\\Query\\{closure}()
#5 /home/u411614341/domains/cms.oraclemachinetech.com/public_html/vendor/laravel/framework/src/Illuminate/Database/Query/Builder.php(2741): Illuminate\\Database\\Query\\Builder->onceWithColumns()
#6 /home/u411614341/domains/cms.oraclemachinetech.com/public_html/vendor/laravel/framework/src/Illuminate/Database/Eloquent/Builder.php(737): Illuminate\\Database\\Query\\Builder->get()
#7 /home/u411614341/domains/cms.oraclemachinetech.com/public_html/vendor/laravel/framework/src/Illuminate/Database/Eloquent/Builder.php(721): Illuminate\\Database\\Eloquent\\Builder->getModels()
#8 /home/u411614341/domains/cms.oraclemachinetech.com/public_html/resources/views/vender.blade.php(22): Illuminate\\Database\\Eloquent\\Builder->get()
#9 /home/u411614341/domains/cms.oraclemachinetech.com/public_html/vendor/laravel/framework/src/Illuminate/Filesystem/Filesystem.php(124): require('/home/u41161434...')
#10 /home/u411614341/domains/cms.oraclemachinetech.com/public_html/vendor/laravel/framework/src/Illuminate/Filesystem/Filesystem.php(125): Illuminate\\Filesystem\\Filesystem::Illuminate\\Filesystem\\{closure}()
#11 /home/u411614341/domains/cms.oraclemachinetech.com/public_html/vendor/laravel/framework/src/Illuminate/View/Engines/PhpEngine.php(58): Illuminate\\Filesystem\\Filesystem->getRequire()
#12 /home/u411614341/domains/cms.oraclemachinetech.com/public_html/vendor/laravel/framework/src/Illuminate/View/Engines/CompilerEngine.php(72): Illuminate\\View\\Engines\\PhpEngine->evaluatePath()
#13 /home/u411614341/domains/cms.oraclemachinetech.com/public_html/vendor/laravel/framework/src/Illuminate/View/View.php(195): Illuminate\\View\\Engines\\CompilerEngine->get()
#14 /home/u411614341/domains/cms.oraclemachinetech.com/public_html/vendor/laravel/framework/src/Illuminate/View/View.php(178): Illuminate\\View\\View->getContents()
#15 /home/u411614341/domains/cms.oraclemachinetech.com/public_html/vendor/laravel/framework/src/Illuminate/View/View.php(147): Illuminate\\View\\View->renderContents()
#16 /home/u411614341/domains/cms.oraclemachinetech.com/public_html/vendor/laravel/framework/src/Illuminate/Http/Response.php(69): Illuminate\\View\\View->render()
#17 /home/u411614341/domains/cms.oraclemachinetech.com/public_html/vendor/laravel/framework/src/Illuminate/Http/Response.php(35): Illuminate\\Http\\Response->setContent()
#18 /home/u411614341/domains/cms.oraclemachinetech.com/public_html/vendor/laravel/framework/src/Illuminate/Routing/Router.php(911): Illuminate\\Http\\Response->__construct()
#19 /home/u411614341/domains/cms.oraclemachinetech.com/public_html/vendor/laravel/framework/src/Illuminate/Routing/Router.php(878): Illuminate\\Routing\\Router::toResponse()
#20 /home/u411614341/domains/cms.oraclemachinetech.com/public_html/vendor/laravel/framework/src/Illuminate/Routing/Router.php(799): Illuminate\\Routing\\Router->prepareResponse()
#21 /home/u411614341/domains/cms.oraclemachinetech.com/public_html/vendor/laravel/framework/src/Illuminate/Pipeline/Pipeline.php(141): Illuminate\\Routing\\Router->Illuminate\\Routing\\{closure}()
#22 /home/u411614341/domains/cms.oraclemachinetech.com/public_html/vendor/laravel/framework/src/Illuminate/Routing/Middleware/SubstituteBindings.php(50): Illuminate\\Pipeline\\Pipeline->Illuminate\\Pipeline\\{closure}()
#23 /home/u411614341/domains/cms.oraclemachinetech.com/public_html/vendor/laravel/framework/src/Illuminate/Pipeline/Pipeline.php(180): Illuminate\\Routing\\Middleware\\SubstituteBindings->handle()
#24 /home/u411614341/domains/cms.oraclemachinetech.com/public_html/vendor/laravel/framework/src/Illuminate/Auth/Middleware/Authenticate.php(57): Illuminate\\Pipeline\\Pipeline->Illuminate\\Pipeline\\{closure}()
#25 /home/u411614341/domains/cms.oraclemachinetech.com/public_html/vendor/laravel/framework/src/Illuminate/Pipeline/Pipeline.php(180): Illuminate\\Auth\\Middleware\\Authenticate->handle()
#26 /home/u411614341/domains/cms.oraclemachinetech.com/public_html/app/Http/Middleware/Localization.php(24): Illuminate\\Pipeline\\Pipeline->Illuminate\\Pipeline\\{closure}()
#27 /home/u411614341/domains/cms.oraclemachinetech.com/public_html/vendor/laravel/framework/src/Illuminate/Pipeline/Pipeline.php(180): App\\Http\\Middleware\\Localization->handle()
#28 /home/u411614341/domains/cms.oraclemachinetech.com/public_html/vendor/laravel/framework/src/Illuminate/Foundation/Http/Middleware/VerifyCsrfToken.php(78): Illuminate\\Pipeline\\Pipeline->Illuminate\\Pipeline\\{closure}()
#29 /home/u411614341/domains/cms.oraclemachinetech.com/public_html/vendor/laravel/framework/src/Illuminate/Pipeline/Pipeline.php(180): Illuminate\\Foundation\\Http\\Middleware\\VerifyCsrfToken->handle()
#30 /home/u411614341/domains/cms.oraclemachinetech.com/public_html/vendor/laravel/framework/src/Illuminate/View/Middleware/ShareErrorsFromSession.php(49): Illuminate\\Pipeline\\Pipeline->Illuminate\\Pipeline\\{closure}()
#31 /home/u411614341/domains/cms.oraclemachinetech.com/public_html/vendor/laravel/framework/src/Illuminate/Pipeline/Pipeline.php(180): Illuminate\\View\\Middleware\\ShareErrorsFromSession->handle()
#32 /home/u411614341/domains/cms.oraclemachinetech.com/public_html/vendor/laravel/framework/src/Illuminate/Session/Middleware/StartSession.php(121): Illuminate\\Pipeline\\Pipeline->Illuminate\\Pipeline\\{closure}()
#33 /home/u411614341/domains/cms.oraclemachinetech.com/public_html/vendor/laravel/framework/src/Illuminate/Session/Middleware/StartSession.php(64): Illuminate\\Session\\Middleware\\StartSession->handleStatefulRequest()
#34 /home/u411614341/domains/cms.oraclemachinetech.com/public_html/vendor/laravel/framework/src/Illuminate/Pipeline/Pipeline.php(180): Illuminate\\Session\\Middleware\\StartSession->handle()
#35 /home/u411614341/domains/cms.oraclemachinetech.com/public_html/vendor/laravel/framework/src/Illuminate/Cookie/Middleware/AddQueuedCookiesToResponse.php(37): Illuminate\\Pipeline\\Pipeline->Illuminate\\Pipeline\\{closure}()
#36 /home/u411614341/domains/cms.oraclemachinetech.com/public_html/vendor/laravel/framework/src/Illuminate/Pipeline/Pipeline.php(180): Illuminate\\Cookie\\Middleware\\AddQueuedCookiesToResponse->handle()
#37 /home/u411614341/domains/cms.oraclemachinetech.com/public_html/vendor/laravel/framework/src/Illuminate/Cookie/Middleware/EncryptCookies.php(67): Illuminate\\Pipeline\\Pipeline->Illuminate\\Pipeline\\{closure}()
#38 /home/u411614341/domains/cms.oraclemachinetech.com/public_html/vendor/laravel/framework/src/Illuminate/Pipeline/Pipeline.php(180): Illuminate\\Cookie\\Middleware\\EncryptCookies->handle()
#39 /home/u411614341/domains/cms.oraclemachinetech.com/public_html/vendor/laravel/framework/src/Illuminate/Pipeline/Pipeline.php(116): Illuminate\\Pipeline\\Pipeline->Illuminate\\Pipeline\\{closure}()
#40 /home/u411614341/domains/cms.oraclemachinetech.com/public_html/vendor/laravel/framework/src/Illuminate/Routing/Router.php(800): Illuminate\\Pipeline\\Pipeline->then()
#41 /home/u411614341/domains/cms.oraclemachinetech.com/public_html/vendor/laravel/framework/src/Illuminate/Routing/Router.php(777): Illuminate\\Routing\\Router->runRouteWithinStack()
#42 /home/u411614341/domains/cms.oraclemachinetech.com/public_html/vendor/laravel/framework/src/Illuminate/Routing/Router.php(741): Illuminate\\Routing\\Router->runRoute()
#43 /home/u411614341/domains/cms.oraclemachinetech.com/public_html/vendor/laravel/framework/src/Illuminate/Routing/Router.php(730): Illuminate\\Routing\\Router->dispatchToRoute()
#44 /home/u411614341/domains/cms.oraclemachinetech.com/public_html/vendor/laravel/framework/src/Illuminate/Foundation/Http/Kernel.php(200): Illuminate\\Routing\\Router->dispatch()
#45 /home/u411614341/domains/cms.oraclemachinetech.com/public_html/vendor/laravel/framework/src/Illuminate/Pipeline/Pipeline.php(141): Illuminate\\Foundation\\Http\\Kernel->Illuminate\\Foundation\\Http\\{closure}()
#46 /home/u411614341/domains/cms.oraclemachinetech.com/public_html/vendor/laravel/framework/src/Illuminate/Foundation/Http/Middleware/TransformsRequest.php(21): Illuminate\\Pipeline\\Pipeline->Illuminate\\Pipeline\\{closure}()
#47 /home/u411614341/domains/cms.oraclemachinetech.com/public_html/vendor/laravel/framework/src/Illuminate/Foundation/Http/Middleware/ConvertEmptyStringsToNull.php(31): Illuminate\\Foundation\\Http\\Middleware\\TransformsRequest->handle()
#48 /home/u411614341/domains/cms.oraclemachinetech.com/public_html/vendor/laravel/framework/src/Illuminate/Pipeline/Pipeline.php(180): Illuminate\\Foundation\\Http\\Middleware\\ConvertEmptyStringsToNull->handle()
#49 /home/u411614341/domains/cms.oraclemachinetech.com/public_html/vendor/laravel/framework/src/Illuminate/Foundation/Http/Middleware/TransformsRequest.php(21): Illuminate\\Pipeline\\Pipeline->Illuminate\\Pipeline\\{closure}()
#50 /home/u411614341/domains/cms.oraclemachinetech.com/public_html/vendor/laravel/framework/src/Illuminate/Foundation/Http/Middleware/TrimStrings.php(40): Illuminate\\Foundation\\Http\\Middleware\\TransformsRequest->handle()
#51 /home/u411614341/domains/cms.oraclemachinetech.com/public_html/vendor/laravel/framework/src/Illuminate/Pipeline/Pipeline.php(180): Illuminate\\Foundation\\Http\\Middleware\\TrimStrings->handle()
#52 /home/u411614341/domains/cms.oraclemachinetech.com/public_html/vendor/laravel/framework/src/Illuminate/Foundation/Http/Middleware/ValidatePostSize.php(27): Illuminate\\Pipeline\\Pipeline->Illuminate\\Pipeline\\{closure}()
#53 /home/u411614341/domains/cms.oraclemachinetech.com/public_html/vendor/laravel/framework/src/Illuminate/Pipeline/Pipeline.php(180): Illuminate\\Foundation\\Http\\Middleware\\ValidatePostSize->handle()
#54 /home/u411614341/domains/cms.oraclemachinetech.com/public_html/vendor/laravel/framework/src/Illuminate/Foundation/Http/Middleware/PreventRequestsDuringMaintenance.php(89): Illuminate\\Pipeline\\Pipeline->Illuminate\\Pipeline\\{closure}()
#55 /home/u411614341/domains/cms.oraclemachinetech.com/public_html/vendor/laravel/framework/src/Illuminate/Pipeline/Pipeline.php(180): Illuminate\\Foundation\\Http\\Middleware\\PreventRequestsDuringMaintenance->handle()
#56 /home/u411614341/domains/cms.oraclemachinetech.com/public_html/vendor/laravel/framework/src/Illuminate/Http/Middleware/HandleCors.php(49): Illuminate\\Pipeline\\Pipeline->Illuminate\\Pipeline\\{closure}()
#57 /home/u411614341/domains/cms.oraclemachinetech.com/public_html/vendor/laravel/framework/src/Illuminate/Pipeline/Pipeline.php(180): Illuminate\\Http\\Middleware\\HandleCors->handle()
#58 /home/u411614341/domains/cms.oraclemachinetech.com/public_html/vendor/laravel/framework/src/Illuminate/Http/Middleware/TrustProxies.php(39): Illuminate\\Pipeline\\Pipeline->Illuminate\\Pipeline\\{closure}()
#59 /home/u411614341/domains/cms.oraclemachinetech.com/public_html/vendor/laravel/framework/src/Illuminate/Pipeline/Pipeline.php(180): Illuminate\\Http\\Middleware\\TrustProxies->handle()
#60 /home/u411614341/domains/cms.oraclemachinetech.com/public_html/vendor/laravel/framework/src/Illuminate/Pipeline/Pipeline.php(116): Illuminate\\Pipeline\\Pipeline->Illuminate\\Pipeline\\{closure}()
#61 /home/u411614341/domains/cms.oraclemachinetech.com/public_html/vendor/laravel/framework/src/Illuminate/Foundation/Http/Kernel.php(175): Illuminate\\Pipeline\\Pipeline->then()
#62 /home/u411614341/domains/cms.oraclemachinetech.com/public_html/vendor/laravel/framework/src/Illuminate/Foundation/Http/Kernel.php(144): Illuminate\\Foundation\\Http\\Kernel->sendRequestThroughRouter()
#63 /home/u411614341/domains/cms.oraclemachinetech.com/public_html/index.php(52): Illuminate\\Foundation\\Http\\Kernel->handle()
#64 {main}

[previous exception] [object] (Illuminate\\Database\\QueryException(code: 42S22): SQLSTATE[42S22]: Column not found: 1054 Unknown column 'invoice.customer_id' in 'ON' (Connection: mysql, SQL: select `invoice`.*, `customer`.`id` as `customer_id`, `invoice`.`invoice_id` as `invoice_id` from `customer` left join `invoice` on `invoice`.`customer_id` = `customer`.`id` order by `customer`.`id` desc) at /home/u411614341/domains/cms.oraclemachinetech.com/public_html/vendor/laravel/framework/src/Illuminate/Database/Connection.php:801)
[stacktrace]
#0 /home/u411614341/domains/cms.oraclemachinetech.com/public_html/vendor/laravel/framework/src/Illuminate/Database/Connection.php(755): Illuminate\\Database\\Connection->runQueryCallback()
#1 /home/u411614341/domains/cms.oraclemachinetech.com/public_html/vendor/laravel/framework/src/Illuminate/Database/Connection.php(424): Illuminate\\Database\\Connection->run()
#2 /home/u411614341/domains/cms.oraclemachinetech.com/public_html/vendor/laravel/framework/src/Illuminate/Database/Query/Builder.php(2752): Illuminate\\Database\\Connection->select()
#3 /home/u411614341/domains/cms.oraclemachinetech.com/public_html/vendor/laravel/framework/src/Illuminate/Database/Query/Builder.php(2740): Illuminate\\Database\\Query\\Builder->runSelect()
#4 /home/u411614341/domains/cms.oraclemachinetech.com/public_html/vendor/laravel/framework/src/Illuminate/Database/Query/Builder.php(3294): Illuminate\\Database\\Query\\Builder->Illuminate\\Database\\Query\\{closure}()
#5 /home/u411614341/domains/cms.oraclemachinetech.com/public_html/vendor/laravel/framework/src/Illuminate/Database/Query/Builder.php(2741): Illuminate\\Database\\Query\\Builder->onceWithColumns()
#6 /home/u411614341/domains/cms.oraclemachinetech.com/public_html/vendor/laravel/framework/src/Illuminate/Database/Eloquent/Builder.php(737): Illuminate\\Database\\Query\\Builder->get()
#7 /home/u411614341/domains/cms.oraclemachinetech.com/public_html/vendor/laravel/framework/src/Illuminate/Database/Eloquent/Builder.php(721): Illuminate\\Database\\Eloquent\\Builder->getModels()
#8 /home/u411614341/domains/cms.oraclemachinetech.com/public_html/storage/framework/views/852c3469c3270bba82e1637df2fb4e41.php(26): Illuminate\\Database\\Eloquent\\Builder->get()
#9 /home/u411614341/domains/cms.oraclemachinetech.com/public_html/vendor/laravel/framework/src/Illuminate/Filesystem/Filesystem.php(124): require('/home/u41161434...')
#10 /home/u411614341/domains/cms.oraclemachinetech.com/public_html/vendor/laravel/framework/src/Illuminate/Filesystem/Filesystem.php(125): Illuminate\\Filesystem\\Filesystem::Illuminate\\Filesystem\\{closure}()
#11 /home/u411614341/domains/cms.oraclemachinetech.com/public_html/vendor/laravel/framework/src/Illuminate/View/Engines/PhpEngine.php(58): Illuminate\\Filesystem\\Filesystem->getRequire()
#12 /home/u411614341/domains/cms.oraclemachinetech.com/public_html/vendor/laravel/framework/src/Illuminate/View/Engines/CompilerEngine.php(72): Illuminate\\View\\Engines\\PhpEngine->evaluatePath()
#13 /home/u411614341/domains/cms.oraclemachinetech.com/public_html/vendor/laravel/framework/src/Illuminate/View/View.php(195): Illuminate\\View\\Engines\\CompilerEngine->get()
#14 /home/u411614341/domains/cms.oraclemachinetech.com/public_html/vendor/laravel/framework/src/Illuminate/View/View.php(178): Illuminate\\View\\View->getContents()
#15 /home/u411614341/domains/cms.oraclemachinetech.com/public_html/vendor/laravel/framework/src/Illuminate/View/View.php(147): Illuminate\\View\\View->renderContents()
#16 /home/u411614341/domains/cms.oraclemachinetech.com/public_html/vendor/laravel/framework/src/Illuminate/Http/Response.php(69): Illuminate\\View\\View->render()
#17 /home/u411614341/domains/cms.oraclemachinetech.com/public_html/vendor/laravel/framework/src/Illuminate/Http/Response.php(35): Illuminate\\Http\\Response->setContent()
#18 /home/u411614341/domains/cms.oraclemachinetech.com/public_html/vendor/laravel/framework/src/Illuminate/Routing/Router.php(911): Illuminate\\Http\\Response->__construct()
#19 /home/u411614341/domains/cms.oraclemachinetech.com/public_html/vendor/laravel/framework/src/Illuminate/Routing/Router.php(878): Illuminate\\Routing\\Router::toResponse()
#20 /home/u411614341/domains/cms.oraclemachinetech.com/public_html/vendor/laravel/framework/src/Illuminate/Routing/Router.php(799): Illuminate\\Routing\\Router->prepareResponse()
#21 /home/u411614341/domains/cms.oraclemachinetech.com/public_html/vendor/laravel/framework/src/Illuminate/Pipeline/Pipeline.php(141): Illuminate\\Routing\\Router->Illuminate\\Routing\\{closure}()
#22 /home/u411614341/domains/cms.oraclemachinetech.com/public_html/vendor/laravel/framework/src/Illuminate/Routing/Middleware/SubstituteBindings.php(50): Illuminate\\Pipeline\\Pipeline->Illuminate\\Pipeline\\{closure}()
#23 /home/u411614341/domains/cms.oraclemachinetech.com/public_html/vendor/laravel/framework/src/Illuminate/Pipeline/Pipeline.php(180): Illuminate\\Routing\\Middleware\\SubstituteBindings->handle()
#24 /home/u411614341/domains/cms.oraclemachinetech.com/public_html/vendor/laravel/framework/src/Illuminate/Auth/Middleware/Authenticate.php(57): Illuminate\\Pipeline\\Pipeline->Illuminate\\Pipeline\\{closure}()
#25 /home/u411614341/domains/cms.oraclemachinetech.com/public_html/vendor/laravel/framework/src/Illuminate/Pipeline/Pipeline.php(180): Illuminate\\Auth\\Middleware\\Authenticate->handle()
#26 /home/u411614341/domains/cms.oraclemachinetech.com/public_html/app/Http/Middleware/Localization.php(24): Illuminate\\Pipeline\\Pipeline->Illuminate\\Pipeline\\{closure}()
#27 /home/u411614341/domains/cms.oraclemachinetech.com/public_html/vendor/laravel/framework/src/Illuminate/Pipeline/Pipeline.php(180): App\\Http\\Middleware\\Localization->handle()
#28 /home/u411614341/domains/cms.oraclemachinetech.com/public_html/vendor/laravel/framework/src/Illuminate/Foundation/Http/Middleware/VerifyCsrfToken.php(78): Illuminate\\Pipeline\\Pipeline->Illuminate\\Pipeline\\{closure}()
#29 /home/u411614341/domains/cms.oraclemachinetech.com/public_html/vendor/laravel/framework/src/Illuminate/Pipeline/Pipeline.php(180): Illuminate\\Foundation\\Http\\Middleware\\VerifyCsrfToken->handle()
#30 /home/u411614341/domains/cms.oraclemachinetech.com/public_html/vendor/laravel/framework/src/Illuminate/View/Middleware/ShareErrorsFromSession.php(49): Illuminate\\Pipeline\\Pipeline->Illuminate\\Pipeline\\{closure}()
#31 /home/u411614341/domains/cms.oraclemachinetech.com/public_html/vendor/laravel/framework/src/Illuminate/Pipeline/Pipeline.php(180): Illuminate\\View\\Middleware\\ShareErrorsFromSession->handle()
#32 /home/u411614341/domains/cms.oraclemachinetech.com/public_html/vendor/laravel/framework/src/Illuminate/Session/Middleware/StartSession.php(121): Illuminate\\Pipeline\\Pipeline->Illuminate\\Pipeline\\{closure}()
#33 /home/u411614341/domains/cms.oraclemachinetech.com/public_html/vendor/laravel/framework/src/Illuminate/Session/Middleware/StartSession.php(64): Illuminate\\Session\\Middleware\\StartSession->handleStatefulRequest()
#34 /home/u411614341/domains/cms.oraclemachinetech.com/public_html/vendor/laravel/framework/src/Illuminate/Pipeline/Pipeline.php(180): Illuminate\\Session\\Middleware\\StartSession->handle()
#35 /home/u411614341/domains/cms.oraclemachinetech.com/public_html/vendor/laravel/framework/src/Illuminate/Cookie/Middleware/AddQueuedCookiesToResponse.php(37): Illuminate\\Pipeline\\Pipeline->Illuminate\\Pipeline\\{closure}()
#36 /home/u411614341/domains/cms.oraclemachinetech.com/public_html/vendor/laravel/framework/src/Illuminate/Pipeline/Pipeline.php(180): Illuminate\\Cookie\\Middleware\\AddQueuedCookiesToResponse->handle()
#37 /home/u411614341/domains/cms.oraclemachinetech.com/public_html/vendor/laravel/framework/src/Illuminate/Cookie/Middleware/EncryptCookies.php(67): Illuminate\\Pipeline\\Pipeline->Illuminate\\Pipeline\\{closure}()
#38 /home/u411614341/domains/cms.oraclemachinetech.com/public_html/vendor/laravel/framework/src/Illuminate/Pipeline/Pipeline.php(180): Illuminate\\Cookie\\Middleware\\EncryptCookies->handle()
#39 /home/u411614341/domains/cms.oraclemachinetech.com/public_html/vendor/laravel/framework/src/Illuminate/Pipeline/Pipeline.php(116): Illuminate\\Pipeline\\Pipeline->Illuminate\\Pipeline\\{closure}()
#40 /home/u411614341/domains/cms.oraclemachinetech.com/public_html/vendor/laravel/framework/src/Illuminate/Routing/Router.php(800): Illuminate\\Pipeline\\Pipeline->then()
#41 /home/u411614341/domains/cms.oraclemachinetech.com/public_html/vendor/laravel/framework/src/Illuminate/Routing/Router.php(777): Illuminate\\Routing\\Router->runRouteWithinStack()
#42 /home/u411614341/domains/cms.oraclemachinetech.com/public_html/vendor/laravel/framework/src/Illuminate/Routing/Router.php(741): Illuminate\\Routing\\Router->runRoute()
#43 /home/u411614341/domains/cms.oraclemachinetech.com/public_html/vendor/laravel/framework/src/Illuminate/Routing/Router.php(730): Illuminate\\Routing\\Router->dispatchToRoute()
#44 /home/u411614341/domains/cms.oraclemachinetech.com/public_html/vendor/laravel/framework/src/Illuminate/Foundation/Http/Kernel.php(200): Illuminate\\Routing\\Router->dispatch()
#45 /home/u411614341/domains/cms.oraclemachinetech.com/public_html/vendor/laravel/framework/src/Illuminate/Pipeline/Pipeline.php(141): Illuminate\\Foundation\\Http\\Kernel->Illuminate\\Foundation\\Http\\{closure}()
#46 /home/u411614341/domains/cms.oraclemachinetech.com/public_html/vendor/laravel/framework/src/Illuminate/Foundation/Http/Middleware/TransformsRequest.php(21): Illuminate\\Pipeline\\Pipeline->Illuminate\\Pipeline\\{closure}()
#47 /home/u411614341/domains/cms.oraclemachinetech.com/public_html/vendor/laravel/framework/src/Illuminate/Foundation/Http/Middleware/ConvertEmptyStringsToNull.php(31): Illuminate\\Foundation\\Http\\Middleware\\TransformsRequest->handle()
#48 /home/u411614341/domains/cms.oraclemachinetech.com/public_html/vendor/laravel/framework/src/Illuminate/Pipeline/Pipeline.php(180): Illuminate\\Foundation\\Http\\Middleware\\ConvertEmptyStringsToNull->handle()
#49 /home/u411614341/domains/cms.oraclemachinetech.com/public_html/vendor/laravel/framework/src/Illuminate/Foundation/Http/Middleware/TransformsRequest.php(21): Illuminate\\Pipeline\\Pipeline->Illuminate\\Pipeline\\{closure}()
#50 /home/u411614341/domains/cms.oraclemachinetech.com/public_html/vendor/laravel/framework/src/Illuminate/Foundation/Http/Middleware/TrimStrings.php(40): Illuminate\\Foundation\\Http\\Middleware\\TransformsRequest->handle()
#51 /home/u411614341/domains/cms.oraclemachinetech.com/public_html/vendor/laravel/framework/src/Illuminate/Pipeline/Pipeline.php(180): Illuminate\\Foundation\\Http\\Middleware\\TrimStrings->handle()
#52 /home/u411614341/domains/cms.oraclemachinetech.com/public_html/vendor/laravel/framework/src/Illuminate/Foundation/Http/Middleware/ValidatePostSize.php(27): Illuminate\\Pipeline\\Pipeline->Illuminate\\Pipeline\\{closure}()
#53 /home/u411614341/domains/cms.oraclemachinetech.com/public_html/vendor/laravel/framework/src/Illuminate/Pipeline/Pipeline.php(180): Illuminate\\Foundation\\Http\\Middleware\\ValidatePostSize->handle()
#54 /home/u411614341/domains/cms.oraclemachinetech.com/public_html/vendor/laravel/framework/src/Illuminate/Foundation/Http/Middleware/PreventRequestsDuringMaintenance.php(89): Illuminate\\Pipeline\\Pipeline->Illuminate\\Pipeline\\{closure}()
#55 /home/u411614341/domains/cms.oraclemachinetech.com/public_html/vendor/laravel/framework/src/Illuminate/Pipeline/Pipeline.php(180): Illuminate\\Foundation\\Http\\Middleware\\PreventRequestsDuringMaintenance->handle()
#56 /home/u411614341/domains/cms.oraclemachinetech.com/public_html/vendor/laravel/framework/src/Illuminate/Http/Middleware/HandleCors.php(49): Illuminate\\Pipeline\\Pipeline->Illuminate\\Pipeline\\{closure}()
#57 /home/u411614341/domains/cms.oraclemachinetech.com/public_html/vendor/laravel/framework/src/Illuminate/Pipeline/Pipeline.php(180): Illuminate\\Http\\Middleware\\HandleCors->handle()
#58 /home/u411614341/domains/cms.oraclemachinetech.com/public_html/vendor/laravel/framework/src/Illuminate/Http/Middleware/TrustProxies.php(39): Illuminate\\Pipeline\\Pipeline->Illuminate\\Pipeline\\{closure}()
#59 /home/u411614341/domains/cms.oraclemachinetech.com/public_html/vendor/laravel/framework/src/Illuminate/Pipeline/Pipeline.php(180): Illuminate\\Http\\Middleware\\TrustProxies->handle()
#60 /home/u411614341/domains/cms.oraclemachinetech.com/public_html/vendor/laravel/framework/src/Illuminate/Pipeline/Pipeline.php(116): Illuminate\\Pipeline\\Pipeline->Illuminate\\Pipeline\\{closure}()
#61 /home/u411614341/domains/cms.oraclemachinetech.com/public_html/vendor/laravel/framework/src/Illuminate/Foundation/Http/Kernel.php(175): Illuminate\\Pipeline\\Pipeline->then()
#62 /home/u411614341/domains/cms.oraclemachinetech.com/public_html/vendor/laravel/framework/src/Illuminate/Foundation/Http/Kernel.php(144): Illuminate\\Foundation\\Http\\Kernel->sendRequestThroughRouter()
#63 /home/u411614341/domains/cms.oraclemachinetech.com/public_html/index.php(52): Illuminate\\Foundation\\Http\\Kernel->handle()
#64 {main}

[previous exception] [object] (PDOException(code: 42S22): SQLSTATE[42S22]: Column not found: 1054 Unknown column 'invoice.customer_id' in 'ON' at /home/u411614341/domains/cms.oraclemachinetech.com/public_html/vendor/laravel/framework/src/Illuminate/Database/Connection.php:416)
[stacktrace]
#0 /home/u411614341/domains/cms.oraclemachinetech.com/public_html/vendor/laravel/framework/src/Illuminate/Database/Connection.php(416): PDO->prepare()
#1 /home/u411614341/domains/cms.oraclemachinetech.com/public_html/vendor/laravel/framework/src/Illuminate/Database/Connection.php(788): Illuminate\\Database\\Connection->Illuminate\\Database\\{closure}()
#2 /home/u411614341/domains/cms.oraclemachinetech.com/public_html/vendor/laravel/framework/src/Illuminate/Database/Connection.php(755): Illuminate\\Database\\Connection->runQueryCallback()
#3 /home/u411614341/domains/cms.oraclemachinetech.com/public_html/vendor/laravel/framework/src/Illuminate/Database/Connection.php(424): Illuminate\\Database\\Connection->run()
#4 /home/u411614341/domains/cms.oraclemachinetech.com/public_html/vendor/laravel/framework/src/Illuminate/Database/Query/Builder.php(2752): Illuminate\\Database\\Connection->select()
#5 /home/u411614341/domains/cms.oraclemachinetech.com/public_html/vendor/laravel/framework/src/Illuminate/Database/Query/Builder.php(2740): Illuminate\\Database\\Query\\Builder->runSelect()
#6 /home/u411614341/domains/cms.oraclemachinetech.com/public_html/vendor/laravel/framework/src/Illuminate/Database/Query/Builder.php(3294): Illuminate\\Database\\Query\\Builder->Illuminate\\Database\\Query\\{closure}()
#7 /home/u411614341/domains/cms.oraclemachinetech.com/public_html/vendor/laravel/framework/src/Illuminate/Database/Query/Builder.php(2741): Illuminate\\Database\\Query\\Builder->onceWithColumns()
#8 /home/u411614341/domains/cms.oraclemachinetech.com/public_html/vendor/laravel/framework/src/Illuminate/Database/Eloquent/Builder.php(737): Illuminate\\Database\\Query\\Builder->get()
#9 /home/u411614341/domains/cms.oraclemachinetech.com/public_html/vendor/laravel/framework/src/Illuminate/Database/Eloquent/Builder.php(721): Illuminate\\Database\\Eloquent\\Builder->getModels()
#10 /home/u411614341/domains/cms.oraclemachinetech.com/public_html/storage/framework/views/852c3469c3270bba82e1637df2fb4e41.php(26): Illuminate\\Database\\Eloquent\\Builder->get()
#11 /home/u411614341/domains/cms.oraclemachinetech.com/public_html/vendor/laravel/framework/src/Illuminate/Filesystem/Filesystem.php(124): require('/home/u41161434...')
#12 /home/u411614341/domains/cms.oraclemachinetech.com/public_html/vendor/laravel/framework/src/Illuminate/Filesystem/Filesystem.php(125): Illuminate\\Filesystem\\Filesystem::Illuminate\\Filesystem\\{closure}()
#13 /home/u411614341/domains/cms.oraclemachinetech.com/public_html/vendor/laravel/framework/src/Illuminate/View/Engines/PhpEngine.php(58): Illuminate\\Filesystem\\Filesystem->getRequire()
#14 /home/u411614341/domains/cms.oraclemachinetech.com/public_html/vendor/laravel/framework/src/Illuminate/View/Engines/CompilerEngine.php(72): Illuminate\\View\\Engines\\PhpEngine->evaluatePath()
#15 /home/u411614341/domains/cms.oraclemachinetech.com/public_html/vendor/laravel/framework/src/Illuminate/View/View.php(195): Illuminate\\View\\Engines\\CompilerEngine->get()
#16 /home/u411614341/domains/cms.oraclemachinetech.com/public_html/vendor/laravel/framework/src/Illuminate/View/View.php(178): Illuminate\\View\\View->getContents()
#17 /home/u411614341/domains/cms.oraclemachinetech.com/public_html/vendor/laravel/framework/src/Illuminate/View/View.php(147): Illuminate\\View\\View->renderContents()
#18 /home/u411614341/domains/cms.oraclemachinetech.com/public_html/vendor/laravel/framework/src/Illuminate/Http/Response.php(69): Illuminate\\View\\View->render()
#19 /home/u411614341/domains/cms.oraclemachinetech.com/public_html/vendor/laravel/framework/src/Illuminate/Http/Response.php(35): Illuminate\\Http\\Response->setContent()
#20 /home/u411614341/domains/cms.oraclemachinetech.com/public_html/vendor/laravel/framework/src/Illuminate/Routing/Router.php(911): Illuminate\\Http\\Response->__construct()
#21 /home/u411614341/domains/cms.oraclemachinetech.com/public_html/vendor/laravel/framework/src/Illuminate/Routing/Router.php(878): Illuminate\\Routing\\Router::toResponse()
#22 /home/u411614341/domains/cms.oraclemachinetech.com/public_html/vendor/laravel/framework/src/Illuminate/Routing/Router.php(799): Illuminate\\Routing\\Router->prepareResponse()
#23 /home/u411614341/domains/cms.oraclemachinetech.com/public_html/vendor/laravel/framework/src/Illuminate/Pipeline/Pipeline.php(141): Illuminate\\Routing\\Router->Illuminate\\Routing\\{closure}()
#24 /home/u411614341/domains/cms.oraclemachinetech.com/public_html/vendor/laravel/framework/src/Illuminate/Routing/Middleware/SubstituteBindings.php(50): Illuminate\\Pipeline\\Pipeline->Illuminate\\Pipeline\\{closure}()
#25 /home/u411614341/domains/cms.oraclemachinetech.com/public_html/vendor/laravel/framework/src/Illuminate/Pipeline/Pipeline.php(180): Illuminate\\Routing\\Middleware\\SubstituteBindings->handle()
#26 /home/u411614341/domains/cms.oraclemachinetech.com/public_html/vendor/laravel/framework/src/Illuminate/Auth/Middleware/Authenticate.php(57): Illuminate\\Pipeline\\Pipeline->Illuminate\\Pipeline\\{closure}()
#27 /home/u411614341/domains/cms.oraclemachinetech.com/public_html/vendor/laravel/framework/src/Illuminate/Pipeline/Pipeline.php(180): Illuminate\\Auth\\Middleware\\Authenticate->handle()
#28 /home/u411614341/domains/cms.oraclemachinetech.com/public_html/app/Http/Middleware/Localization.php(24): Illuminate\\Pipeline\\Pipeline->Illuminate\\Pipeline\\{closure}()
#29 /home/u411614341/domains/cms.oraclemachinetech.com/public_html/vendor/laravel/framework/src/Illuminate/Pipeline/Pipeline.php(180): App\\Http\\Middleware\\Localization->handle()
#30 /home/u411614341/domains/cms.oraclemachinetech.com/public_html/vendor/laravel/framework/src/Illuminate/Foundation/Http/Middleware/VerifyCsrfToken.php(78): Illuminate\\Pipeline\\Pipeline->Illuminate\\Pipeline\\{closure}()
#31 /home/u411614341/domains/cms.oraclemachinetech.com/public_html/vendor/laravel/framework/src/Illuminate/Pipeline/Pipeline.php(180): Illuminate\\Foundation\\Http\\Middleware\\VerifyCsrfToken->handle()
#32 /home/u411614341/domains/cms.oraclemachinetech.com/public_html/vendor/laravel/framework/src/Illuminate/View/Middleware/ShareErrorsFromSession.php(49): Illuminate\\Pipeline\\Pipeline->Illuminate\\Pipeline\\{closure}()
#33 /home/u411614341/domains/cms.oraclemachinetech.com/public_html/vendor/laravel/framework/src/Illuminate/Pipeline/Pipeline.php(180): Illuminate\\View\\Middleware\\ShareErrorsFromSession->handle()
#34 /home/u411614341/domains/cms.oraclemachinetech.com/public_html/vendor/laravel/framework/src/Illuminate/Session/Middleware/StartSession.php(121): Illuminate\\Pipeline\\Pipeline->Illuminate\\Pipeline\\{closure}()
#35 /home/u411614341/domains/cms.oraclemachinetech.com/public_html/vendor/laravel/framework/src/Illuminate/Session/Middleware/StartSession.php(64): Illuminate\\Session\\Middleware\\StartSession->handleStatefulRequest()
#36 /home/u411614341/domains/cms.oraclemachinetech.com/public_html/vendor/laravel/framework/src/Illuminate/Pipeline/Pipeline.php(180): Illuminate\\Session\\Middleware\\StartSession->handle()
#37 /home/u411614341/domains/cms.oraclemachinetech.com/public_html/vendor/laravel/framework/src/Illuminate/Cookie/Middleware/AddQueuedCookiesToResponse.php(37): Illuminate\\Pipeline\\Pipeline->Illuminate\\Pipeline\\{closure}()
#38 /home/u411614341/domains/cms.oraclemachinetech.com/public_html/vendor/laravel/framework/src/Illuminate/Pipeline/Pipeline.php(180): Illuminate\\Cookie\\Middleware\\AddQueuedCookiesToResponse->handle()
#39 /home/u411614341/domains/cms.oraclemachinetech.com/public_html/vendor/laravel/framework/src/Illuminate/Cookie/Middleware/EncryptCookies.php(67): Illuminate\\Pipeline\\Pipeline->Illuminate\\Pipeline\\{closure}()
#40 /home/u411614341/domains/cms.oraclemachinetech.com/public_html/vendor/laravel/framework/src/Illuminate/Pipeline/Pipeline.php(180): Illuminate\\Cookie\\Middleware\\EncryptCookies->handle()
#41 /home/u411614341/domains/cms.oraclemachinetech.com/public_html/vendor/laravel/framework/src/Illuminate/Pipeline/Pipeline.php(116): Illuminate\\Pipeline\\Pipeline->Illuminate\\Pipeline\\{closure}()
#42 /home/u411614341/domains/cms.oraclemachinetech.com/public_html/vendor/laravel/framework/src/Illuminate/Routing/Router.php(800): Illuminate\\Pipeline\\Pipeline->then()
#43 /home/u411614341/domains/cms.oraclemachinetech.com/public_html/vendor/laravel/framework/src/Illuminate/Routing/Router.php(777): Illuminate\\Routing\\Router->runRouteWithinStack()
#44 /home/u411614341/domains/cms.oraclemachinetech.com/public_html/vendor/laravel/framework/src/Illuminate/Routing/Router.php(741): Illuminate\\Routing\\Router->runRoute()
#45 /home/u411614341/domains/cms.oraclemachinetech.com/public_html/vendor/laravel/framework/src/Illuminate/Routing/Router.php(730): Illuminate\\Routing\\Router->dispatchToRoute()
#46 /home/u411614341/domains/cms.oraclemachinetech.com/public_html/vendor/laravel/framework/src/Illuminate/Foundation/Http/Kernel.php(200): Illuminate\\Routing\\Router->dispatch()
#47 /home/u411614341/domains/cms.oraclemachinetech.com/public_html/vendor/laravel/framework/src/Illuminate/Pipeline/Pipeline.php(141): Illuminate\\Foundation\\Http\\Kernel->Illuminate\\Foundation\\Http\\{closure}()
#48 /home/u411614341/domains/cms.oraclemachinetech.com/public_html/vendor/laravel/framework/src/Illuminate/Foundation/Http/Middleware/TransformsRequest.php(21): Illuminate\\Pipeline\\Pipeline->Illuminate\\Pipeline\\{closure}()
#49 /home/u411614341/domains/cms.oraclemachinetech.com/public_html/vendor/laravel/framework/src/Illuminate/Foundation/Http/Middleware/ConvertEmptyStringsToNull.php(31): Illuminate\\Foundation\\Http\\Middleware\\TransformsRequest->handle()
#50 /home/u411614341/domains/cms.oraclemachinetech.com/public_html/vendor/laravel/framework/src/Illuminate/Pipeline/Pipeline.php(180): Illuminate\\Foundation\\Http\\Middleware\\ConvertEmptyStringsToNull->handle()
#51 /home/u411614341/domains/cms.oraclemachinetech.com/public_html/vendor/laravel/framework/src/Illuminate/Foundation/Http/Middleware/TransformsRequest.php(21): Illuminate\\Pipeline\\Pipeline->Illuminate\\Pipeline\\{closure}()
#52 /home/u411614341/domains/cms.oraclemachinetech.com/public_html/vendor/laravel/framework/src/Illuminate/Foundation/Http/Middleware/TrimStrings.php(40): Illuminate\\Foundation\\Http\\Middleware\\TransformsRequest->handle()
#53 /home/u411614341/domains/cms.oraclemachinetech.com/public_html/vendor/laravel/framework/src/Illuminate/Pipeline/Pipeline.php(180): Illuminate\\Foundation\\Http\\Middleware\\TrimStrings->handle()
#54 /home/u411614341/domains/cms.oraclemachinetech.com/public_html/vendor/laravel/framework/src/Illuminate/Foundation/Http/Middleware/ValidatePostSize.php(27): Illuminate\\Pipeline\\Pipeline->Illuminate\\Pipeline\\{closure}()
#55 /home/u411614341/domains/cms.oraclemachinetech.com/public_html/vendor/laravel/framework/src/Illuminate/Pipeline/Pipeline.php(180): Illuminate\\Foundation\\Http\\Middleware\\ValidatePostSize->handle()
#56 /home/u411614341/domains/cms.oraclemachinetech.com/public_html/vendor/laravel/framework/src/Illuminate/Foundation/Http/Middleware/PreventRequestsDuringMaintenance.php(89): Illuminate\\Pipeline\\Pipeline->Illuminate\\Pipeline\\{closure}()
#57 /home/u411614341/domains/cms.oraclemachinetech.com/public_html/vendor/laravel/framework/src/Illuminate/Pipeline/Pipeline.php(180): Illuminate\\Foundation\\Http\\Middleware\\PreventRequestsDuringMaintenance->handle()
#58 /home/u411614341/domains/cms.oraclemachinetech.com/public_html/vendor/laravel/framework/src/Illuminate/Http/Middleware/HandleCors.php(49): Illuminate\\Pipeline\\Pipeline->Illuminate\\Pipeline\\{closure}()
#59 /home/u411614341/domains/cms.oraclemachinetech.com/public_html/vendor/laravel/framework/src/Illuminate/Pipeline/Pipeline.php(180): Illuminate\\Http\\Middleware\\HandleCors->handle()
#60 /home/u411614341/domains/cms.oraclemachinetech.com/public_html/vendor/laravel/framework/src/Illuminate/Http/Middleware/TrustProxies.php(39): Illuminate\\Pipeline\\Pipeline->Illuminate\\Pipeline\\{closure}()
#61 /home/u411614341/domains/cms.oraclemachinetech.com/public_html/vendor/laravel/framework/src/Illuminate/Pipeline/Pipeline.php(180): Illuminate\\Http\\Middleware\\TrustProxies->handle()
#62 /home/u411614341/domains/cms.oraclemachinetech.com/public_html/vendor/laravel/framework/src/Illuminate/Pipeline/Pipeline.php(116): Illuminate\\Pipeline\\Pipeline->Illuminate\\Pipeline\\{closure}()
#63 /home/u411614341/domains/cms.oraclemachinetech.com/public_html/vendor/laravel/framework/src/Illuminate/Foundation/Http/Kernel.php(175): Illuminate\\Pipeline\\Pipeline->then()
#64 /home/u411614341/domains/cms.oraclemachinetech.com/public_html/vendor/laravel/framework/src/Illuminate/Foundation/Http/Kernel.php(144): Illuminate\\Foundation\\Http\\Kernel->sendRequestThroughRouter()
#65 /home/u411614341/domains/cms.oraclemachinetech.com/public_html/index.php(52): Illuminate\\Foundation\\Http\\Kernel->handle()
#66 {main}
"} 
[2024-12-20 05:25:39] local.ERROR: SQLSTATE[42S22]: Column not found: 1054 Unknown column 'invoice.customer_id' in 'ON' (Connection: mysql, SQL: select `invoice`.*, `customer`.`id` as `customer_id`, `invoice`.`invoice_id` as `invoice_id` from `customer` left join `invoice` on `invoice`.`customer_id` = `customer`.`id` order by `customer`.`id` desc) {"view":{"view":"/home/u411614341/domains/cms.oraclemachinetech.com/public_html/resources/views/vender.blade.php","data":[]},"userId":1,"exception":"[object] (Spatie\\LaravelIgnition\\Exceptions\\ViewException(code: 0): SQLSTATE[42S22]: Column not found: 1054 Unknown column 'invoice.customer_id' in 'ON' (Connection: mysql, SQL: select `invoice`.*, `customer`.`id` as `customer_id`, `invoice`.`invoice_id` as `invoice_id` from `customer` left join `invoice` on `invoice`.`customer_id` = `customer`.`id` order by `customer`.`id` desc) at /home/u411614341/domains/cms.oraclemachinetech.com/public_html/vendor/laravel/framework/src/Illuminate/Database/Connection.php:801)
[stacktrace]
#0 /home/u411614341/domains/cms.oraclemachinetech.com/public_html/vendor/laravel/framework/src/Illuminate/Database/Connection.php(755): Illuminate\\Database\\Connection->runQueryCallback()
#1 /home/u411614341/domains/cms.oraclemachinetech.com/public_html/vendor/laravel/framework/src/Illuminate/Database/Connection.php(424): Illuminate\\Database\\Connection->run()
#2 /home/u411614341/domains/cms.oraclemachinetech.com/public_html/vendor/laravel/framework/src/Illuminate/Database/Query/Builder.php(2752): Illuminate\\Database\\Connection->select()
#3 /home/u411614341/domains/cms.oraclemachinetech.com/public_html/vendor/laravel/framework/src/Illuminate/Database/Query/Builder.php(2740): Illuminate\\Database\\Query\\Builder->runSelect()
#4 /home/u411614341/domains/cms.oraclemachinetech.com/public_html/vendor/laravel/framework/src/Illuminate/Database/Query/Builder.php(3294): Illuminate\\Database\\Query\\Builder->Illuminate\\Database\\Query\\{closure}()
#5 /home/u411614341/domains/cms.oraclemachinetech.com/public_html/vendor/laravel/framework/src/Illuminate/Database/Query/Builder.php(2741): Illuminate\\Database\\Query\\Builder->onceWithColumns()
#6 /home/u411614341/domains/cms.oraclemachinetech.com/public_html/vendor/laravel/framework/src/Illuminate/Database/Eloquent/Builder.php(737): Illuminate\\Database\\Query\\Builder->get()
#7 /home/u411614341/domains/cms.oraclemachinetech.com/public_html/vendor/laravel/framework/src/Illuminate/Database/Eloquent/Builder.php(721): Illuminate\\Database\\Eloquent\\Builder->getModels()
#8 /home/u411614341/domains/cms.oraclemachinetech.com/public_html/resources/views/vender.blade.php(22): Illuminate\\Database\\Eloquent\\Builder->get()
#9 /home/u411614341/domains/cms.oraclemachinetech.com/public_html/vendor/laravel/framework/src/Illuminate/Filesystem/Filesystem.php(124): require('/home/u41161434...')
#10 /home/u411614341/domains/cms.oraclemachinetech.com/public_html/vendor/laravel/framework/src/Illuminate/Filesystem/Filesystem.php(125): Illuminate\\Filesystem\\Filesystem::Illuminate\\Filesystem\\{closure}()
#11 /home/u411614341/domains/cms.oraclemachinetech.com/public_html/vendor/laravel/framework/src/Illuminate/View/Engines/PhpEngine.php(58): Illuminate\\Filesystem\\Filesystem->getRequire()
#12 /home/u411614341/domains/cms.oraclemachinetech.com/public_html/vendor/laravel/framework/src/Illuminate/View/Engines/CompilerEngine.php(72): Illuminate\\View\\Engines\\PhpEngine->evaluatePath()
#13 /home/u411614341/domains/cms.oraclemachinetech.com/public_html/vendor/laravel/framework/src/Illuminate/View/View.php(195): Illuminate\\View\\Engines\\CompilerEngine->get()
#14 /home/u411614341/domains/cms.oraclemachinetech.com/public_html/vendor/laravel/framework/src/Illuminate/View/View.php(178): Illuminate\\View\\View->getContents()
#15 /home/u411614341/domains/cms.oraclemachinetech.com/public_html/vendor/laravel/framework/src/Illuminate/View/View.php(147): Illuminate\\View\\View->renderContents()
#16 /home/u411614341/domains/cms.oraclemachinetech.com/public_html/vendor/laravel/framework/src/Illuminate/Http/Response.php(69): Illuminate\\View\\View->render()
#17 /home/u411614341/domains/cms.oraclemachinetech.com/public_html/vendor/laravel/framework/src/Illuminate/Http/Response.php(35): Illuminate\\Http\\Response->setContent()
#18 /home/u411614341/domains/cms.oraclemachinetech.com/public_html/vendor/laravel/framework/src/Illuminate/Routing/Router.php(911): Illuminate\\Http\\Response->__construct()
#19 /home/u411614341/domains/cms.oraclemachinetech.com/public_html/vendor/laravel/framework/src/Illuminate/Routing/Router.php(878): Illuminate\\Routing\\Router::toResponse()
#20 /home/u411614341/domains/cms.oraclemachinetech.com/public_html/vendor/laravel/framework/src/Illuminate/Routing/Router.php(799): Illuminate\\Routing\\Router->prepareResponse()
#21 /home/u411614341/domains/cms.oraclemachinetech.com/public_html/vendor/laravel/framework/src/Illuminate/Pipeline/Pipeline.php(141): Illuminate\\Routing\\Router->Illuminate\\Routing\\{closure}()
#22 /home/u411614341/domains/cms.oraclemachinetech.com/public_html/vendor/laravel/framework/src/Illuminate/Routing/Middleware/SubstituteBindings.php(50): Illuminate\\Pipeline\\Pipeline->Illuminate\\Pipeline\\{closure}()
#23 /home/u411614341/domains/cms.oraclemachinetech.com/public_html/vendor/laravel/framework/src/Illuminate/Pipeline/Pipeline.php(180): Illuminate\\Routing\\Middleware\\SubstituteBindings->handle()
#24 /home/u411614341/domains/cms.oraclemachinetech.com/public_html/vendor/laravel/framework/src/Illuminate/Auth/Middleware/Authenticate.php(57): Illuminate\\Pipeline\\Pipeline->Illuminate\\Pipeline\\{closure}()
#25 /home/u411614341/domains/cms.oraclemachinetech.com/public_html/vendor/laravel/framework/src/Illuminate/Pipeline/Pipeline.php(180): Illuminate\\Auth\\Middleware\\Authenticate->handle()
#26 /home/u411614341/domains/cms.oraclemachinetech.com/public_html/app/Http/Middleware/Localization.php(24): Illuminate\\Pipeline\\Pipeline->Illuminate\\Pipeline\\{closure}()
#27 /home/u411614341/domains/cms.oraclemachinetech.com/public_html/vendor/laravel/framework/src/Illuminate/Pipeline/Pipeline.php(180): App\\Http\\Middleware\\Localization->handle()
#28 /home/u411614341/domains/cms.oraclemachinetech.com/public_html/vendor/laravel/framework/src/Illuminate/Foundation/Http/Middleware/VerifyCsrfToken.php(78): Illuminate\\Pipeline\\Pipeline->Illuminate\\Pipeline\\{closure}()
#29 /home/u411614341/domains/cms.oraclemachinetech.com/public_html/vendor/laravel/framework/src/Illuminate/Pipeline/Pipeline.php(180): Illuminate\\Foundation\\Http\\Middleware\\VerifyCsrfToken->handle()
#30 /home/u411614341/domains/cms.oraclemachinetech.com/public_html/vendor/laravel/framework/src/Illuminate/View/Middleware/ShareErrorsFromSession.php(49): Illuminate\\Pipeline\\Pipeline->Illuminate\\Pipeline\\{closure}()
#31 /home/u411614341/domains/cms.oraclemachinetech.com/public_html/vendor/laravel/framework/src/Illuminate/Pipeline/Pipeline.php(180): Illuminate\\View\\Middleware\\ShareErrorsFromSession->handle()
#32 /home/u411614341/domains/cms.oraclemachinetech.com/public_html/vendor/laravel/framework/src/Illuminate/Session/Middleware/StartSession.php(121): Illuminate\\Pipeline\\Pipeline->Illuminate\\Pipeline\\{closure}()
#33 /home/u411614341/domains/cms.oraclemachinetech.com/public_html/vendor/laravel/framework/src/Illuminate/Session/Middleware/StartSession.php(64): Illuminate\\Session\\Middleware\\StartSession->handleStatefulRequest()
#34 /home/u411614341/domains/cms.oraclemachinetech.com/public_html/vendor/laravel/framework/src/Illuminate/Pipeline/Pipeline.php(180): Illuminate\\Session\\Middleware\\StartSession->handle()
#35 /home/u411614341/domains/cms.oraclemachinetech.com/public_html/vendor/laravel/framework/src/Illuminate/Cookie/Middleware/AddQueuedCookiesToResponse.php(37): Illuminate\\Pipeline\\Pipeline->Illuminate\\Pipeline\\{closure}()
#36 /home/u411614341/domains/cms.oraclemachinetech.com/public_html/vendor/laravel/framework/src/Illuminate/Pipeline/Pipeline.php(180): Illuminate\\Cookie\\Middleware\\AddQueuedCookiesToResponse->handle()
#37 /home/u411614341/domains/cms.oraclemachinetech.com/public_html/vendor/laravel/framework/src/Illuminate/Cookie/Middleware/EncryptCookies.php(67): Illuminate\\Pipeline\\Pipeline->Illuminate\\Pipeline\\{closure}()
#38 /home/u411614341/domains/cms.oraclemachinetech.com/public_html/vendor/laravel/framework/src/Illuminate/Pipeline/Pipeline.php(180): Illuminate\\Cookie\\Middleware\\EncryptCookies->handle()
#39 /home/u411614341/domains/cms.oraclemachinetech.com/public_html/vendor/laravel/framework/src/Illuminate/Pipeline/Pipeline.php(116): Illuminate\\Pipeline\\Pipeline->Illuminate\\Pipeline\\{closure}()
#40 /home/u411614341/domains/cms.oraclemachinetech.com/public_html/vendor/laravel/framework/src/Illuminate/Routing/Router.php(800): Illuminate\\Pipeline\\Pipeline->then()
#41 /home/u411614341/domains/cms.oraclemachinetech.com/public_html/vendor/laravel/framework/src/Illuminate/Routing/Router.php(777): Illuminate\\Routing\\Router->runRouteWithinStack()
#42 /home/u411614341/domains/cms.oraclemachinetech.com/public_html/vendor/laravel/framework/src/Illuminate/Routing/Router.php(741): Illuminate\\Routing\\Router->runRoute()
#43 /home/u411614341/domains/cms.oraclemachinetech.com/public_html/vendor/laravel/framework/src/Illuminate/Routing/Router.php(730): Illuminate\\Routing\\Router->dispatchToRoute()
#44 /home/u411614341/domains/cms.oraclemachinetech.com/public_html/vendor/laravel/framework/src/Illuminate/Foundation/Http/Kernel.php(200): Illuminate\\Routing\\Router->dispatch()
#45 /home/u411614341/domains/cms.oraclemachinetech.com/public_html/vendor/laravel/framework/src/Illuminate/Pipeline/Pipeline.php(141): Illuminate\\Foundation\\Http\\Kernel->Illuminate\\Foundation\\Http\\{closure}()
#46 /home/u411614341/domains/cms.oraclemachinetech.com/public_html/vendor/laravel/framework/src/Illuminate/Foundation/Http/Middleware/TransformsRequest.php(21): Illuminate\\Pipeline\\Pipeline->Illuminate\\Pipeline\\{closure}()
#47 /home/u411614341/domains/cms.oraclemachinetech.com/public_html/vendor/laravel/framework/src/Illuminate/Foundation/Http/Middleware/ConvertEmptyStringsToNull.php(31): Illuminate\\Foundation\\Http\\Middleware\\TransformsRequest->handle()
#48 /home/u411614341/domains/cms.oraclemachinetech.com/public_html/vendor/laravel/framework/src/Illuminate/Pipeline/Pipeline.php(180): Illuminate\\Foundation\\Http\\Middleware\\ConvertEmptyStringsToNull->handle()
#49 /home/u411614341/domains/cms.oraclemachinetech.com/public_html/vendor/laravel/framework/src/Illuminate/Foundation/Http/Middleware/TransformsRequest.php(21): Illuminate\\Pipeline\\Pipeline->Illuminate\\Pipeline\\{closure}()
#50 /home/u411614341/domains/cms.oraclemachinetech.com/public_html/vendor/laravel/framework/src/Illuminate/Foundation/Http/Middleware/TrimStrings.php(40): Illuminate\\Foundation\\Http\\Middleware\\TransformsRequest->handle()
#51 /home/u411614341/domains/cms.oraclemachinetech.com/public_html/vendor/laravel/framework/src/Illuminate/Pipeline/Pipeline.php(180): Illuminate\\Foundation\\Http\\Middleware\\TrimStrings->handle()
#52 /home/u411614341/domains/cms.oraclemachinetech.com/public_html/vendor/laravel/framework/src/Illuminate/Foundation/Http/Middleware/ValidatePostSize.php(27): Illuminate\\Pipeline\\Pipeline->Illuminate\\Pipeline\\{closure}()
#53 /home/u411614341/domains/cms.oraclemachinetech.com/public_html/vendor/laravel/framework/src/Illuminate/Pipeline/Pipeline.php(180): Illuminate\\Foundation\\Http\\Middleware\\ValidatePostSize->handle()
#54 /home/u411614341/domains/cms.oraclemachinetech.com/public_html/vendor/laravel/framework/src/Illuminate/Foundation/Http/Middleware/PreventRequestsDuringMaintenance.php(89): Illuminate\\Pipeline\\Pipeline->Illuminate\\Pipeline\\{closure}()
#55 /home/u411614341/domains/cms.oraclemachinetech.com/public_html/vendor/laravel/framework/src/Illuminate/Pipeline/Pipeline.php(180): Illuminate\\Foundation\\Http\\Middleware\\PreventRequestsDuringMaintenance->handle()
#56 /home/u411614341/domains/cms.oraclemachinetech.com/public_html/vendor/laravel/framework/src/Illuminate/Http/Middleware/HandleCors.php(49): Illuminate\\Pipeline\\Pipeline->Illuminate\\Pipeline\\{closure}()
#57 /home/u411614341/domains/cms.oraclemachinetech.com/public_html/vendor/laravel/framework/src/Illuminate/Pipeline/Pipeline.php(180): Illuminate\\Http\\Middleware\\HandleCors->handle()
#58 /home/u411614341/domains/cms.oraclemachinetech.com/public_html/vendor/laravel/framework/src/Illuminate/Http/Middleware/TrustProxies.php(39): Illuminate\\Pipeline\\Pipeline->Illuminate\\Pipeline\\{closure}()
#59 /home/u411614341/domains/cms.oraclemachinetech.com/public_html/vendor/laravel/framework/src/Illuminate/Pipeline/Pipeline.php(180): Illuminate\\Http\\Middleware\\TrustProxies->handle()
#60 /home/u411614341/domains/cms.oraclemachinetech.com/public_html/vendor/laravel/framework/src/Illuminate/Pipeline/Pipeline.php(116): Illuminate\\Pipeline\\Pipeline->Illuminate\\Pipeline\\{closure}()
#61 /home/u411614341/domains/cms.oraclemachinetech.com/public_html/vendor/laravel/framework/src/Illuminate/Foundation/Http/Kernel.php(175): Illuminate\\Pipeline\\Pipeline->then()
#62 /home/u411614341/domains/cms.oraclemachinetech.com/public_html/vendor/laravel/framework/src/Illuminate/Foundation/Http/Kernel.php(144): Illuminate\\Foundation\\Http\\Kernel->sendRequestThroughRouter()
#63 /home/u411614341/domains/cms.oraclemachinetech.com/public_html/index.php(52): Illuminate\\Foundation\\Http\\Kernel->handle()
#64 {main}

[previous exception] [object] (Illuminate\\Database\\QueryException(code: 42S22): SQLSTATE[42S22]: Column not found: 1054 Unknown column 'invoice.customer_id' in 'ON' (Connection: mysql, SQL: select `invoice`.*, `customer`.`id` as `customer_id`, `invoice`.`invoice_id` as `invoice_id` from `customer` left join `invoice` on `invoice`.`customer_id` = `customer`.`id` order by `customer`.`id` desc) at /home/u411614341/domains/cms.oraclemachinetech.com/public_html/vendor/laravel/framework/src/Illuminate/Database/Connection.php:801)
[stacktrace]
#0 /home/u411614341/domains/cms.oraclemachinetech.com/public_html/vendor/laravel/framework/src/Illuminate/Database/Connection.php(755): Illuminate\\Database\\Connection->runQueryCallback()
#1 /home/u411614341/domains/cms.oraclemachinetech.com/public_html/vendor/laravel/framework/src/Illuminate/Database/Connection.php(424): Illuminate\\Database\\Connection->run()
#2 /home/u411614341/domains/cms.oraclemachinetech.com/public_html/vendor/laravel/framework/src/Illuminate/Database/Query/Builder.php(2752): Illuminate\\Database\\Connection->select()
#3 /home/u411614341/domains/cms.oraclemachinetech.com/public_html/vendor/laravel/framework/src/Illuminate/Database/Query/Builder.php(2740): Illuminate\\Database\\Query\\Builder->runSelect()
#4 /home/u411614341/domains/cms.oraclemachinetech.com/public_html/vendor/laravel/framework/src/Illuminate/Database/Query/Builder.php(3294): Illuminate\\Database\\Query\\Builder->Illuminate\\Database\\Query\\{closure}()
#5 /home/u411614341/domains/cms.oraclemachinetech.com/public_html/vendor/laravel/framework/src/Illuminate/Database/Query/Builder.php(2741): Illuminate\\Database\\Query\\Builder->onceWithColumns()
#6 /home/u411614341/domains/cms.oraclemachinetech.com/public_html/vendor/laravel/framework/src/Illuminate/Database/Eloquent/Builder.php(737): Illuminate\\Database\\Query\\Builder->get()
#7 /home/u411614341/domains/cms.oraclemachinetech.com/public_html/vendor/laravel/framework/src/Illuminate/Database/Eloquent/Builder.php(721): Illuminate\\Database\\Eloquent\\Builder->getModels()
#8 /home/u411614341/domains/cms.oraclemachinetech.com/public_html/storage/framework/views/852c3469c3270bba82e1637df2fb4e41.php(26): Illuminate\\Database\\Eloquent\\Builder->get()
#9 /home/u411614341/domains/cms.oraclemachinetech.com/public_html/vendor/laravel/framework/src/Illuminate/Filesystem/Filesystem.php(124): require('/home/u41161434...')
#10 /home/u411614341/domains/cms.oraclemachinetech.com/public_html/vendor/laravel/framework/src/Illuminate/Filesystem/Filesystem.php(125): Illuminate\\Filesystem\\Filesystem::Illuminate\\Filesystem\\{closure}()
#11 /home/u411614341/domains/cms.oraclemachinetech.com/public_html/vendor/laravel/framework/src/Illuminate/View/Engines/PhpEngine.php(58): Illuminate\\Filesystem\\Filesystem->getRequire()
#12 /home/u411614341/domains/cms.oraclemachinetech.com/public_html/vendor/laravel/framework/src/Illuminate/View/Engines/CompilerEngine.php(72): Illuminate\\View\\Engines\\PhpEngine->evaluatePath()
#13 /home/u411614341/domains/cms.oraclemachinetech.com/public_html/vendor/laravel/framework/src/Illuminate/View/View.php(195): Illuminate\\View\\Engines\\CompilerEngine->get()
#14 /home/u411614341/domains/cms.oraclemachinetech.com/public_html/vendor/laravel/framework/src/Illuminate/View/View.php(178): Illuminate\\View\\View->getContents()
#15 /home/u411614341/domains/cms.oraclemachinetech.com/public_html/vendor/laravel/framework/src/Illuminate/View/View.php(147): Illuminate\\View\\View->renderContents()
#16 /home/u411614341/domains/cms.oraclemachinetech.com/public_html/vendor/laravel/framework/src/Illuminate/Http/Response.php(69): Illuminate\\View\\View->render()
#17 /home/u411614341/domains/cms.oraclemachinetech.com/public_html/vendor/laravel/framework/src/Illuminate/Http/Response.php(35): Illuminate\\Http\\Response->setContent()
#18 /home/u411614341/domains/cms.oraclemachinetech.com/public_html/vendor/laravel/framework/src/Illuminate/Routing/Router.php(911): Illuminate\\Http\\Response->__construct()
#19 /home/u411614341/domains/cms.oraclemachinetech.com/public_html/vendor/laravel/framework/src/Illuminate/Routing/Router.php(878): Illuminate\\Routing\\Router::toResponse()
#20 /home/u411614341/domains/cms.oraclemachinetech.com/public_html/vendor/laravel/framework/src/Illuminate/Routing/Router.php(799): Illuminate\\Routing\\Router->prepareResponse()
#21 /home/u411614341/domains/cms.oraclemachinetech.com/public_html/vendor/laravel/framework/src/Illuminate/Pipeline/Pipeline.php(141): Illuminate\\Routing\\Router->Illuminate\\Routing\\{closure}()
#22 /home/u411614341/domains/cms.oraclemachinetech.com/public_html/vendor/laravel/framework/src/Illuminate/Routing/Middleware/SubstituteBindings.php(50): Illuminate\\Pipeline\\Pipeline->Illuminate\\Pipeline\\{closure}()
#23 /home/u411614341/domains/cms.oraclemachinetech.com/public_html/vendor/laravel/framework/src/Illuminate/Pipeline/Pipeline.php(180): Illuminate\\Routing\\Middleware\\SubstituteBindings->handle()
#24 /home/u411614341/domains/cms.oraclemachinetech.com/public_html/vendor/laravel/framework/src/Illuminate/Auth/Middleware/Authenticate.php(57): Illuminate\\Pipeline\\Pipeline->Illuminate\\Pipeline\\{closure}()
#25 /home/u411614341/domains/cms.oraclemachinetech.com/public_html/vendor/laravel/framework/src/Illuminate/Pipeline/Pipeline.php(180): Illuminate\\Auth\\Middleware\\Authenticate->handle()
#26 /home/u411614341/domains/cms.oraclemachinetech.com/public_html/app/Http/Middleware/Localization.php(24): Illuminate\\Pipeline\\Pipeline->Illuminate\\Pipeline\\{closure}()
#27 /home/u411614341/domains/cms.oraclemachinetech.com/public_html/vendor/laravel/framework/src/Illuminate/Pipeline/Pipeline.php(180): App\\Http\\Middleware\\Localization->handle()
#28 /home/u411614341/domains/cms.oraclemachinetech.com/public_html/vendor/laravel/framework/src/Illuminate/Foundation/Http/Middleware/VerifyCsrfToken.php(78): Illuminate\\Pipeline\\Pipeline->Illuminate\\Pipeline\\{closure}()
#29 /home/u411614341/domains/cms.oraclemachinetech.com/public_html/vendor/laravel/framework/src/Illuminate/Pipeline/Pipeline.php(180): Illuminate\\Foundation\\Http\\Middleware\\VerifyCsrfToken->handle()
#30 /home/u411614341/domains/cms.oraclemachinetech.com/public_html/vendor/laravel/framework/src/Illuminate/View/Middleware/ShareErrorsFromSession.php(49): Illuminate\\Pipeline\\Pipeline->Illuminate\\Pipeline\\{closure}()
#31 /home/u411614341/domains/cms.oraclemachinetech.com/public_html/vendor/laravel/framework/src/Illuminate/Pipeline/Pipeline.php(180): Illuminate\\View\\Middleware\\ShareErrorsFromSession->handle()
#32 /home/u411614341/domains/cms.oraclemachinetech.com/public_html/vendor/laravel/framework/src/Illuminate/Session/Middleware/StartSession.php(121): Illuminate\\Pipeline\\Pipeline->Illuminate\\Pipeline\\{closure}()
#33 /home/u411614341/domains/cms.oraclemachinetech.com/public_html/vendor/laravel/framework/src/Illuminate/Session/Middleware/StartSession.php(64): Illuminate\\Session\\Middleware\\StartSession->handleStatefulRequest()
#34 /home/u411614341/domains/cms.oraclemachinetech.com/public_html/vendor/laravel/framework/src/Illuminate/Pipeline/Pipeline.php(180): Illuminate\\Session\\Middleware\\StartSession->handle()
#35 /home/u411614341/domains/cms.oraclemachinetech.com/public_html/vendor/laravel/framework/src/Illuminate/Cookie/Middleware/AddQueuedCookiesToResponse.php(37): Illuminate\\Pipeline\\Pipeline->Illuminate\\Pipeline\\{closure}()
#36 /home/u411614341/domains/cms.oraclemachinetech.com/public_html/vendor/laravel/framework/src/Illuminate/Pipeline/Pipeline.php(180): Illuminate\\Cookie\\Middleware\\AddQueuedCookiesToResponse->handle()
#37 /home/u411614341/domains/cms.oraclemachinetech.com/public_html/vendor/laravel/framework/src/Illuminate/Cookie/Middleware/EncryptCookies.php(67): Illuminate\\Pipeline\\Pipeline->Illuminate\\Pipeline\\{closure}()
#38 /home/u411614341/domains/cms.oraclemachinetech.com/public_html/vendor/laravel/framework/src/Illuminate/Pipeline/Pipeline.php(180): Illuminate\\Cookie\\Middleware\\EncryptCookies->handle()
#39 /home/u411614341/domains/cms.oraclemachinetech.com/public_html/vendor/laravel/framework/src/Illuminate/Pipeline/Pipeline.php(116): Illuminate\\Pipeline\\Pipeline->Illuminate\\Pipeline\\{closure}()
#40 /home/u411614341/domains/cms.oraclemachinetech.com/public_html/vendor/laravel/framework/src/Illuminate/Routing/Router.php(800): Illuminate\\Pipeline\\Pipeline->then()
#41 /home/u411614341/domains/cms.oraclemachinetech.com/public_html/vendor/laravel/framework/src/Illuminate/Routing/Router.php(777): Illuminate\\Routing\\Router->runRouteWithinStack()
#42 /home/u411614341/domains/cms.oraclemachinetech.com/public_html/vendor/laravel/framework/src/Illuminate/Routing/Router.php(741): Illuminate\\Routing\\Router->runRoute()
#43 /home/u411614341/domains/cms.oraclemachinetech.com/public_html/vendor/laravel/framework/src/Illuminate/Routing/Router.php(730): Illuminate\\Routing\\Router->dispatchToRoute()
#44 /home/u411614341/domains/cms.oraclemachinetech.com/public_html/vendor/laravel/framework/src/Illuminate/Foundation/Http/Kernel.php(200): Illuminate\\Routing\\Router->dispatch()
#45 /home/u411614341/domains/cms.oraclemachinetech.com/public_html/vendor/laravel/framework/src/Illuminate/Pipeline/Pipeline.php(141): Illuminate\\Foundation\\Http\\Kernel->Illuminate\\Foundation\\Http\\{closure}()
#46 /home/u411614341/domains/cms.oraclemachinetech.com/public_html/vendor/laravel/framework/src/Illuminate/Foundation/Http/Middleware/TransformsRequest.php(21): Illuminate\\Pipeline\\Pipeline->Illuminate\\Pipeline\\{closure}()
#47 /home/u411614341/domains/cms.oraclemachinetech.com/public_html/vendor/laravel/framework/src/Illuminate/Foundation/Http/Middleware/ConvertEmptyStringsToNull.php(31): Illuminate\\Foundation\\Http\\Middleware\\TransformsRequest->handle()
#48 /home/u411614341/domains/cms.oraclemachinetech.com/public_html/vendor/laravel/framework/src/Illuminate/Pipeline/Pipeline.php(180): Illuminate\\Foundation\\Http\\Middleware\\ConvertEmptyStringsToNull->handle()
#49 /home/u411614341/domains/cms.oraclemachinetech.com/public_html/vendor/laravel/framework/src/Illuminate/Foundation/Http/Middleware/TransformsRequest.php(21): Illuminate\\Pipeline\\Pipeline->Illuminate\\Pipeline\\{closure}()
#50 /home/u411614341/domains/cms.oraclemachinetech.com/public_html/vendor/laravel/framework/src/Illuminate/Foundation/Http/Middleware/TrimStrings.php(40): Illuminate\\Foundation\\Http\\Middleware\\TransformsRequest->handle()
#51 /home/u411614341/domains/cms.oraclemachinetech.com/public_html/vendor/laravel/framework/src/Illuminate/Pipeline/Pipeline.php(180): Illuminate\\Foundation\\Http\\Middleware\\TrimStrings->handle()
#52 /home/u411614341/domains/cms.oraclemachinetech.com/public_html/vendor/laravel/framework/src/Illuminate/Foundation/Http/Middleware/ValidatePostSize.php(27): Illuminate\\Pipeline\\Pipeline->Illuminate\\Pipeline\\{closure}()
#53 /home/u411614341/domains/cms.oraclemachinetech.com/public_html/vendor/laravel/framework/src/Illuminate/Pipeline/Pipeline.php(180): Illuminate\\Foundation\\Http\\Middleware\\ValidatePostSize->handle()
#54 /home/u411614341/domains/cms.oraclemachinetech.com/public_html/vendor/laravel/framework/src/Illuminate/Foundation/Http/Middleware/PreventRequestsDuringMaintenance.php(89): Illuminate\\Pipeline\\Pipeline->Illuminate\\Pipeline\\{closure}()
#55 /home/u411614341/domains/cms.oraclemachinetech.com/public_html/vendor/laravel/framework/src/Illuminate/Pipeline/Pipeline.php(180): Illuminate\\Foundation\\Http\\Middleware\\PreventRequestsDuringMaintenance->handle()
#56 /home/u411614341/domains/cms.oraclemachinetech.com/public_html/vendor/laravel/framework/src/Illuminate/Http/Middleware/HandleCors.php(49): Illuminate\\Pipeline\\Pipeline->Illuminate\\Pipeline\\{closure}()
#57 /home/u411614341/domains/cms.oraclemachinetech.com/public_html/vendor/laravel/framework/src/Illuminate/Pipeline/Pipeline.php(180): Illuminate\\Http\\Middleware\\HandleCors->handle()
#58 /home/u411614341/domains/cms.oraclemachinetech.com/public_html/vendor/laravel/framework/src/Illuminate/Http/Middleware/TrustProxies.php(39): Illuminate\\Pipeline\\Pipeline->Illuminate\\Pipeline\\{closure}()
#59 /home/u411614341/domains/cms.oraclemachinetech.com/public_html/vendor/laravel/framework/src/Illuminate/Pipeline/Pipeline.php(180): Illuminate\\Http\\Middleware\\TrustProxies->handle()
#60 /home/u411614341/domains/cms.oraclemachinetech.com/public_html/vendor/laravel/framework/src/Illuminate/Pipeline/Pipeline.php(116): Illuminate\\Pipeline\\Pipeline->Illuminate\\Pipeline\\{closure}()
#61 /home/u411614341/domains/cms.oraclemachinetech.com/public_html/vendor/laravel/framework/src/Illuminate/Foundation/Http/Kernel.php(175): Illuminate\\Pipeline\\Pipeline->then()
#62 /home/u411614341/domains/cms.oraclemachinetech.com/public_html/vendor/laravel/framework/src/Illuminate/Foundation/Http/Kernel.php(144): Illuminate\\Foundation\\Http\\Kernel->sendRequestThroughRouter()
#63 /home/u411614341/domains/cms.oraclemachinetech.com/public_html/index.php(52): Illuminate\\Foundation\\Http\\Kernel->handle()
#64 {main}

[previous exception] [object] (PDOException(code: 42S22): SQLSTATE[42S22]: Column not found: 1054 Unknown column 'invoice.customer_id' in 'ON' at /home/u411614341/domains/cms.oraclemachinetech.com/public_html/vendor/laravel/framework/src/Illuminate/Database/Connection.php:416)
[stacktrace]
#0 /home/u411614341/domains/cms.oraclemachinetech.com/public_html/vendor/laravel/framework/src/Illuminate/Database/Connection.php(416): PDO->prepare()
#1 /home/u411614341/domains/cms.oraclemachinetech.com/public_html/vendor/laravel/framework/src/Illuminate/Database/Connection.php(788): Illuminate\\Database\\Connection->Illuminate\\Database\\{closure}()
#2 /home/u411614341/domains/cms.oraclemachinetech.com/public_html/vendor/laravel/framework/src/Illuminate/Database/Connection.php(755): Illuminate\\Database\\Connection->runQueryCallback()
#3 /home/u411614341/domains/cms.oraclemachinetech.com/public_html/vendor/laravel/framework/src/Illuminate/Database/Connection.php(424): Illuminate\\Database\\Connection->run()
#4 /home/u411614341/domains/cms.oraclemachinetech.com/public_html/vendor/laravel/framework/src/Illuminate/Database/Query/Builder.php(2752): Illuminate\\Database\\Connection->select()
#5 /home/u411614341/domains/cms.oraclemachinetech.com/public_html/vendor/laravel/framework/src/Illuminate/Database/Query/Builder.php(2740): Illuminate\\Database\\Query\\Builder->runSelect()
#6 /home/u411614341/domains/cms.oraclemachinetech.com/public_html/vendor/laravel/framework/src/Illuminate/Database/Query/Builder.php(3294): Illuminate\\Database\\Query\\Builder->Illuminate\\Database\\Query\\{closure}()
#7 /home/u411614341/domains/cms.oraclemachinetech.com/public_html/vendor/laravel/framework/src/Illuminate/Database/Query/Builder.php(2741): Illuminate\\Database\\Query\\Builder->onceWithColumns()
#8 /home/u411614341/domains/cms.oraclemachinetech.com/public_html/vendor/laravel/framework/src/Illuminate/Database/Eloquent/Builder.php(737): Illuminate\\Database\\Query\\Builder->get()
#9 /home/u411614341/domains/cms.oraclemachinetech.com/public_html/vendor/laravel/framework/src/Illuminate/Database/Eloquent/Builder.php(721): Illuminate\\Database\\Eloquent\\Builder->getModels()
#10 /home/u411614341/domains/cms.oraclemachinetech.com/public_html/storage/framework/views/852c3469c3270bba82e1637df2fb4e41.php(26): Illuminate\\Database\\Eloquent\\Builder->get()
#11 /home/u411614341/domains/cms.oraclemachinetech.com/public_html/vendor/laravel/framework/src/Illuminate/Filesystem/Filesystem.php(124): require('/home/u41161434...')
#12 /home/u411614341/domains/cms.oraclemachinetech.com/public_html/vendor/laravel/framework/src/Illuminate/Filesystem/Filesystem.php(125): Illuminate\\Filesystem\\Filesystem::Illuminate\\Filesystem\\{closure}()
#13 /home/u411614341/domains/cms.oraclemachinetech.com/public_html/vendor/laravel/framework/src/Illuminate/View/Engines/PhpEngine.php(58): Illuminate\\Filesystem\\Filesystem->getRequire()
#14 /home/u411614341/domains/cms.oraclemachinetech.com/public_html/vendor/laravel/framework/src/Illuminate/View/Engines/CompilerEngine.php(72): Illuminate\\View\\Engines\\PhpEngine->evaluatePath()
#15 /home/u411614341/domains/cms.oraclemachinetech.com/public_html/vendor/laravel/framework/src/Illuminate/View/View.php(195): Illuminate\\View\\Engines\\CompilerEngine->get()
#16 /home/u411614341/domains/cms.oraclemachinetech.com/public_html/vendor/laravel/framework/src/Illuminate/View/View.php(178): Illuminate\\View\\View->getContents()
#17 /home/u411614341/domains/cms.oraclemachinetech.com/public_html/vendor/laravel/framework/src/Illuminate/View/View.php(147): Illuminate\\View\\View->renderContents()
#18 /home/u411614341/domains/cms.oraclemachinetech.com/public_html/vendor/laravel/framework/src/Illuminate/Http/Response.php(69): Illuminate\\View\\View->render()
#19 /home/u411614341/domains/cms.oraclemachinetech.com/public_html/vendor/laravel/framework/src/Illuminate/Http/Response.php(35): Illuminate\\Http\\Response->setContent()
#20 /home/u411614341/domains/cms.oraclemachinetech.com/public_html/vendor/laravel/framework/src/Illuminate/Routing/Router.php(911): Illuminate\\Http\\Response->__construct()
#21 /home/u411614341/domains/cms.oraclemachinetech.com/public_html/vendor/laravel/framework/src/Illuminate/Routing/Router.php(878): Illuminate\\Routing\\Router::toResponse()
#22 /home/u411614341/domains/cms.oraclemachinetech.com/public_html/vendor/laravel/framework/src/Illuminate/Routing/Router.php(799): Illuminate\\Routing\\Router->prepareResponse()
#23 /home/u411614341/domains/cms.oraclemachinetech.com/public_html/vendor/laravel/framework/src/Illuminate/Pipeline/Pipeline.php(141): Illuminate\\Routing\\Router->Illuminate\\Routing\\{closure}()
#24 /home/u411614341/domains/cms.oraclemachinetech.com/public_html/vendor/laravel/framework/src/Illuminate/Routing/Middleware/SubstituteBindings.php(50): Illuminate\\Pipeline\\Pipeline->Illuminate\\Pipeline\\{closure}()
#25 /home/u411614341/domains/cms.oraclemachinetech.com/public_html/vendor/laravel/framework/src/Illuminate/Pipeline/Pipeline.php(180): Illuminate\\Routing\\Middleware\\SubstituteBindings->handle()
#26 /home/u411614341/domains/cms.oraclemachinetech.com/public_html/vendor/laravel/framework/src/Illuminate/Auth/Middleware/Authenticate.php(57): Illuminate\\Pipeline\\Pipeline->Illuminate\\Pipeline\\{closure}()
#27 /home/u411614341/domains/cms.oraclemachinetech.com/public_html/vendor/laravel/framework/src/Illuminate/Pipeline/Pipeline.php(180): Illuminate\\Auth\\Middleware\\Authenticate->handle()
#28 /home/u411614341/domains/cms.oraclemachinetech.com/public_html/app/Http/Middleware/Localization.php(24): Illuminate\\Pipeline\\Pipeline->Illuminate\\Pipeline\\{closure}()
#29 /home/u411614341/domains/cms.oraclemachinetech.com/public_html/vendor/laravel/framework/src/Illuminate/Pipeline/Pipeline.php(180): App\\Http\\Middleware\\Localization->handle()
#30 /home/u411614341/domains/cms.oraclemachinetech.com/public_html/vendor/laravel/framework/src/Illuminate/Foundation/Http/Middleware/VerifyCsrfToken.php(78): Illuminate\\Pipeline\\Pipeline->Illuminate\\Pipeline\\{closure}()
#31 /home/u411614341/domains/cms.oraclemachinetech.com/public_html/vendor/laravel/framework/src/Illuminate/Pipeline/Pipeline.php(180): Illuminate\\Foundation\\Http\\Middleware\\VerifyCsrfToken->handle()
#32 /home/u411614341/domains/cms.oraclemachinetech.com/public_html/vendor/laravel/framework/src/Illuminate/View/Middleware/ShareErrorsFromSession.php(49): Illuminate\\Pipeline\\Pipeline->Illuminate\\Pipeline\\{closure}()
#33 /home/u411614341/domains/cms.oraclemachinetech.com/public_html/vendor/laravel/framework/src/Illuminate/Pipeline/Pipeline.php(180): Illuminate\\View\\Middleware\\ShareErrorsFromSession->handle()
#34 /home/u411614341/domains/cms.oraclemachinetech.com/public_html/vendor/laravel/framework/src/Illuminate/Session/Middleware/StartSession.php(121): Illuminate\\Pipeline\\Pipeline->Illuminate\\Pipeline\\{closure}()
#35 /home/u411614341/domains/cms.oraclemachinetech.com/public_html/vendor/laravel/framework/src/Illuminate/Session/Middleware/StartSession.php(64): Illuminate\\Session\\Middleware\\StartSession->handleStatefulRequest()
#36 /home/u411614341/domains/cms.oraclemachinetech.com/public_html/vendor/laravel/framework/src/Illuminate/Pipeline/Pipeline.php(180): Illuminate\\Session\\Middleware\\StartSession->handle()
#37 /home/u411614341/domains/cms.oraclemachinetech.com/public_html/vendor/laravel/framework/src/Illuminate/Cookie/Middleware/AddQueuedCookiesToResponse.php(37): Illuminate\\Pipeline\\Pipeline->Illuminate\\Pipeline\\{closure}()
#38 /home/u411614341/domains/cms.oraclemachinetech.com/public_html/vendor/laravel/framework/src/Illuminate/Pipeline/Pipeline.php(180): Illuminate\\Cookie\\Middleware\\AddQueuedCookiesToResponse->handle()
#39 /home/u411614341/domains/cms.oraclemachinetech.com/public_html/vendor/laravel/framework/src/Illuminate/Cookie/Middleware/EncryptCookies.php(67): Illuminate\\Pipeline\\Pipeline->Illuminate\\Pipeline\\{closure}()
#40 /home/u411614341/domains/cms.oraclemachinetech.com/public_html/vendor/laravel/framework/src/Illuminate/Pipeline/Pipeline.php(180): Illuminate\\Cookie\\Middleware\\EncryptCookies->handle()
#41 /home/u411614341/domains/cms.oraclemachinetech.com/public_html/vendor/laravel/framework/src/Illuminate/Pipeline/Pipeline.php(116): Illuminate\\Pipeline\\Pipeline->Illuminate\\Pipeline\\{closure}()
#42 /home/u411614341/domains/cms.oraclemachinetech.com/public_html/vendor/laravel/framework/src/Illuminate/Routing/Router.php(800): Illuminate\\Pipeline\\Pipeline->then()
#43 /home/u411614341/domains/cms.oraclemachinetech.com/public_html/vendor/laravel/framework/src/Illuminate/Routing/Router.php(777): Illuminate\\Routing\\Router->runRouteWithinStack()
#44 /home/u411614341/domains/cms.oraclemachinetech.com/public_html/vendor/laravel/framework/src/Illuminate/Routing/Router.php(741): Illuminate\\Routing\\Router->runRoute()
#45 /home/u411614341/domains/cms.oraclemachinetech.com/public_html/vendor/laravel/framework/src/Illuminate/Routing/Router.php(730): Illuminate\\Routing\\Router->dispatchToRoute()
#46 /home/u411614341/domains/cms.oraclemachinetech.com/public_html/vendor/laravel/framework/src/Illuminate/Foundation/Http/Kernel.php(200): Illuminate\\Routing\\Router->dispatch()
#47 /home/u411614341/domains/cms.oraclemachinetech.com/public_html/vendor/laravel/framework/src/Illuminate/Pipeline/Pipeline.php(141): Illuminate\\Foundation\\Http\\Kernel->Illuminate\\Foundation\\Http\\{closure}()
#48 /home/u411614341/domains/cms.oraclemachinetech.com/public_html/vendor/laravel/framework/src/Illuminate/Foundation/Http/Middleware/TransformsRequest.php(21): Illuminate\\Pipeline\\Pipeline->Illuminate\\Pipeline\\{closure}()
#49 /home/u411614341/domains/cms.oraclemachinetech.com/public_html/vendor/laravel/framework/src/Illuminate/Foundation/Http/Middleware/ConvertEmptyStringsToNull.php(31): Illuminate\\Foundation\\Http\\Middleware\\TransformsRequest->handle()
#50 /home/u411614341/domains/cms.oraclemachinetech.com/public_html/vendor/laravel/framework/src/Illuminate/Pipeline/Pipeline.php(180): Illuminate\\Foundation\\Http\\Middleware\\ConvertEmptyStringsToNull->handle()
#51 /home/u411614341/domains/cms.oraclemachinetech.com/public_html/vendor/laravel/framework/src/Illuminate/Foundation/Http/Middleware/TransformsRequest.php(21): Illuminate\\Pipeline\\Pipeline->Illuminate\\Pipeline\\{closure}()
#52 /home/u411614341/domains/cms.oraclemachinetech.com/public_html/vendor/laravel/framework/src/Illuminate/Foundation/Http/Middleware/TrimStrings.php(40): Illuminate\\Foundation\\Http\\Middleware\\TransformsRequest->handle()
#53 /home/u411614341/domains/cms.oraclemachinetech.com/public_html/vendor/laravel/framework/src/Illuminate/Pipeline/Pipeline.php(180): Illuminate\\Foundation\\Http\\Middleware\\TrimStrings->handle()
#54 /home/u411614341/domains/cms.oraclemachinetech.com/public_html/vendor/laravel/framework/src/Illuminate/Foundation/Http/Middleware/ValidatePostSize.php(27): Illuminate\\Pipeline\\Pipeline->Illuminate\\Pipeline\\{closure}()
#55 /home/u411614341/domains/cms.oraclemachinetech.com/public_html/vendor/laravel/framework/src/Illuminate/Pipeline/Pipeline.php(180): Illuminate\\Foundation\\Http\\Middleware\\ValidatePostSize->handle()
#56 /home/u411614341/domains/cms.oraclemachinetech.com/public_html/vendor/laravel/framework/src/Illuminate/Foundation/Http/Middleware/PreventRequestsDuringMaintenance.php(89): Illuminate\\Pipeline\\Pipeline->Illuminate\\Pipeline\\{closure}()
#57 /home/u411614341/domains/cms.oraclemachinetech.com/public_html/vendor/laravel/framework/src/Illuminate/Pipeline/Pipeline.php(180): Illuminate\\Foundation\\Http\\Middleware\\PreventRequestsDuringMaintenance->handle()
#58 /home/u411614341/domains/cms.oraclemachinetech.com/public_html/vendor/laravel/framework/src/Illuminate/Http/Middleware/HandleCors.php(49): Illuminate\\Pipeline\\Pipeline->Illuminate\\Pipeline\\{closure}()
#59 /home/u411614341/domains/cms.oraclemachinetech.com/public_html/vendor/laravel/framework/src/Illuminate/Pipeline/Pipeline.php(180): Illuminate\\Http\\Middleware\\HandleCors->handle()
#60 /home/u411614341/domains/cms.oraclemachinetech.com/public_html/vendor/laravel/framework/src/Illuminate/Http/Middleware/TrustProxies.php(39): Illuminate\\Pipeline\\Pipeline->Illuminate\\Pipeline\\{closure}()
#61 /home/u411614341/domains/cms.oraclemachinetech.com/public_html/vendor/laravel/framework/src/Illuminate/Pipeline/Pipeline.php(180): Illuminate\\Http\\Middleware\\TrustProxies->handle()
#62 /home/u411614341/domains/cms.oraclemachinetech.com/public_html/vendor/laravel/framework/src/Illuminate/Pipeline/Pipeline.php(116): Illuminate\\Pipeline\\Pipeline->Illuminate\\Pipeline\\{closure}()
#63 /home/u411614341/domains/cms.oraclemachinetech.com/public_html/vendor/laravel/framework/src/Illuminate/Foundation/Http/Kernel.php(175): Illuminate\\Pipeline\\Pipeline->then()
#64 /home/u411614341/domains/cms.oraclemachinetech.com/public_html/vendor/laravel/framework/src/Illuminate/Foundation/Http/Kernel.php(144): Illuminate\\Foundation\\Http\\Kernel->sendRequestThroughRouter()
#65 /home/u411614341/domains/cms.oraclemachinetech.com/public_html/index.php(52): Illuminate\\Foundation\\Http\\Kernel->handle()
#66 {main}
"} 
[2024-12-20 06:08:14] local.ERROR: SQLSTATE[42S22]: Column not found: 1054 Unknown column 'pono' in 'INSERT INTO' (Connection: mysql, SQL: insert into `invoice` (`invoice_id`, `date`, `paycondition`, `duedate`, `placesupply`, `challanno`, `pono`, `ewaybillno`, `ewaybilldate`, `despatchthrough`, `accountholder`, `bankaccountnumber`, `bankifsccode`, `bankname`, `bankbranchname`, `totalamountbeforetax`, `amount`, `amountwithtax`, `TransportVehicleNo`, `updated_at`, `created_at`) values (#VL32152980, 2024-12-10, 30, 2024-12-17, Gujarat, 123fefer, 123, veve, 2024-12-23, dewfe, Oracal Machine Tech, 7803 0500 0477, ICIC007803, ICIC Bank, Madodhar Branch, 2.16, 14.00, 12.00, gj12bq123, 2024-12-20 06:08:14, 2024-12-20 06:08:14)) {"userId":1,"exception":"[object] (Illuminate\\Database\\QueryException(code: 42S22): SQLSTATE[42S22]: Column not found: 1054 Unknown column 'pono' in 'INSERT INTO' (Connection: mysql, SQL: insert into `invoice` (`invoice_id`, `date`, `paycondition`, `duedate`, `placesupply`, `challanno`, `pono`, `ewaybillno`, `ewaybilldate`, `despatchthrough`, `accountholder`, `bankaccountnumber`, `bankifsccode`, `bankname`, `bankbranchname`, `totalamountbeforetax`, `amount`, `amountwithtax`, `TransportVehicleNo`, `updated_at`, `created_at`) values (#VL32152980, 2024-12-10, 30, 2024-12-17, Gujarat, 123fefer, 123, veve, 2024-12-23, dewfe, Oracal Machine Tech, 7803 0500 0477, ICIC007803, ICIC Bank, Madodhar Branch, 2.16, 14.00, 12.00, gj12bq123, 2024-12-20 06:08:14, 2024-12-20 06:08:14)) at /home/u411614341/domains/cms.oraclemachinetech.com/public_html/vendor/laravel/framework/src/Illuminate/Database/Connection.php:801)
[stacktrace]
#0 /home/u411614341/domains/cms.oraclemachinetech.com/public_html/vendor/laravel/framework/src/Illuminate/Database/Connection.php(755): Illuminate\\Database\\Connection->runQueryCallback()
#1 /home/u411614341/domains/cms.oraclemachinetech.com/public_html/vendor/laravel/framework/src/Illuminate/Database/Connection.php(581): Illuminate\\Database\\Connection->run()
#2 /home/u411614341/domains/cms.oraclemachinetech.com/public_html/vendor/laravel/framework/src/Illuminate/Database/Connection.php(533): Illuminate\\Database\\Connection->statement()
#3 /home/u411614341/domains/cms.oraclemachinetech.com/public_html/vendor/laravel/framework/src/Illuminate/Database/Query/Processors/Processor.php(32): Illuminate\\Database\\Connection->insert()
#4 /home/u411614341/domains/cms.oraclemachinetech.com/public_html/vendor/laravel/framework/src/Illuminate/Database/Query/Builder.php(3387): Illuminate\\Database\\Query\\Processors\\Processor->processInsertGetId()
#5 /home/u411614341/domains/cms.oraclemachinetech.com/public_html/vendor/laravel/framework/src/Illuminate/Database/Eloquent/Builder.php(1968): Illuminate\\Database\\Query\\Builder->insertGetId()
#6 /home/u411614341/domains/cms.oraclemachinetech.com/public_html/vendor/laravel/framework/src/Illuminate/Database/Eloquent/Model.php(1333): Illuminate\\Database\\Eloquent\\Builder->__call()
#7 /home/u411614341/domains/cms.oraclemachinetech.com/public_html/vendor/laravel/framework/src/Illuminate/Database/Eloquent/Model.php(1298): Illuminate\\Database\\Eloquent\\Model->insertAndSetId()
#8 /home/u411614341/domains/cms.oraclemachinetech.com/public_html/vendor/laravel/framework/src/Illuminate/Database/Eloquent/Model.php(1137): Illuminate\\Database\\Eloquent\\Model->performInsert()
#9 /home/u411614341/domains/cms.oraclemachinetech.com/public_html/vendor/laravel/framework/src/Illuminate/Database/Eloquent/Builder.php(1023): Illuminate\\Database\\Eloquent\\Model->save()
#10 /home/u411614341/domains/cms.oraclemachinetech.com/public_html/vendor/laravel/framework/src/Illuminate/Support/helpers.php(307): Illuminate\\Database\\Eloquent\\Builder->Illuminate\\Database\\Eloquent\\{closure}()
#11 /home/u411614341/domains/cms.oraclemachinetech.com/public_html/vendor/laravel/framework/src/Illuminate/Database/Eloquent/Builder.php(1024): tap()
#12 /home/u411614341/domains/cms.oraclemachinetech.com/public_html/vendor/laravel/framework/src/Illuminate/Support/Traits/ForwardsCalls.php(23): Illuminate\\Database\\Eloquent\\Builder->create()
#13 /home/u411614341/domains/cms.oraclemachinetech.com/public_html/vendor/laravel/framework/src/Illuminate/Database/Eloquent/Model.php(2333): Illuminate\\Database\\Eloquent\\Model->forwardCallTo()
#14 /home/u411614341/domains/cms.oraclemachinetech.com/public_html/vendor/laravel/framework/src/Illuminate/Database/Eloquent/Model.php(2345): Illuminate\\Database\\Eloquent\\Model->__call()
#15 /home/u411614341/domains/cms.oraclemachinetech.com/public_html/app/Http/Controllers/InvoiceController.php(119): Illuminate\\Database\\Eloquent\\Model::__callStatic()
#16 /home/u411614341/domains/cms.oraclemachinetech.com/public_html/vendor/laravel/framework/src/Illuminate/Routing/Controller.php(54): App\\Http\\Controllers\\InvoiceController->store()
#17 /home/u411614341/domains/cms.oraclemachinetech.com/public_html/vendor/laravel/framework/src/Illuminate/Routing/ControllerDispatcher.php(43): Illuminate\\Routing\\Controller->callAction()
#18 /home/u411614341/domains/cms.oraclemachinetech.com/public_html/vendor/laravel/framework/src/Illuminate/Routing/Route.php(260): Illuminate\\Routing\\ControllerDispatcher->dispatch()
#19 /home/u411614341/domains/cms.oraclemachinetech.com/public_html/vendor/laravel/framework/src/Illuminate/Routing/Route.php(205): Illuminate\\Routing\\Route->runController()
#20 /home/u411614341/domains/cms.oraclemachinetech.com/public_html/vendor/laravel/framework/src/Illuminate/Routing/Router.php(799): Illuminate\\Routing\\Route->run()
#21 /home/u411614341/domains/cms.oraclemachinetech.com/public_html/vendor/laravel/framework/src/Illuminate/Pipeline/Pipeline.php(141): Illuminate\\Routing\\Router->Illuminate\\Routing\\{closure}()
#22 /home/u411614341/domains/cms.oraclemachinetech.com/public_html/vendor/laravel/framework/src/Illuminate/Routing/Middleware/SubstituteBindings.php(50): Illuminate\\Pipeline\\Pipeline->Illuminate\\Pipeline\\{closure}()
#23 /home/u411614341/domains/cms.oraclemachinetech.com/public_html/vendor/laravel/framework/src/Illuminate/Pipeline/Pipeline.php(180): Illuminate\\Routing\\Middleware\\SubstituteBindings->handle()
#24 /home/u411614341/domains/cms.oraclemachinetech.com/public_html/vendor/laravel/framework/src/Illuminate/Auth/Middleware/Authenticate.php(57): Illuminate\\Pipeline\\Pipeline->Illuminate\\Pipeline\\{closure}()
#25 /home/u411614341/domains/cms.oraclemachinetech.com/public_html/vendor/laravel/framework/src/Illuminate/Pipeline/Pipeline.php(180): Illuminate\\Auth\\Middleware\\Authenticate->handle()
#26 /home/u411614341/domains/cms.oraclemachinetech.com/public_html/app/Http/Middleware/Localization.php(24): Illuminate\\Pipeline\\Pipeline->Illuminate\\Pipeline\\{closure}()
#27 /home/u411614341/domains/cms.oraclemachinetech.com/public_html/vendor/laravel/framework/src/Illuminate/Pipeline/Pipeline.php(180): App\\Http\\Middleware\\Localization->handle()
#28 /home/u411614341/domains/cms.oraclemachinetech.com/public_html/vendor/laravel/framework/src/Illuminate/Foundation/Http/Middleware/VerifyCsrfToken.php(78): Illuminate\\Pipeline\\Pipeline->Illuminate\\Pipeline\\{closure}()
#29 /home/u411614341/domains/cms.oraclemachinetech.com/public_html/vendor/laravel/framework/src/Illuminate/Pipeline/Pipeline.php(180): Illuminate\\Foundation\\Http\\Middleware\\VerifyCsrfToken->handle()
#30 /home/u411614341/domains/cms.oraclemachinetech.com/public_html/vendor/laravel/framework/src/Illuminate/View/Middleware/ShareErrorsFromSession.php(49): Illuminate\\Pipeline\\Pipeline->Illuminate\\Pipeline\\{closure}()
#31 /home/u411614341/domains/cms.oraclemachinetech.com/public_html/vendor/laravel/framework/src/Illuminate/Pipeline/Pipeline.php(180): Illuminate\\View\\Middleware\\ShareErrorsFromSession->handle()
#32 /home/u411614341/domains/cms.oraclemachinetech.com/public_html/vendor/laravel/framework/src/Illuminate/Session/Middleware/StartSession.php(121): Illuminate\\Pipeline\\Pipeline->Illuminate\\Pipeline\\{closure}()
#33 /home/u411614341/domains/cms.oraclemachinetech.com/public_html/vendor/laravel/framework/src/Illuminate/Session/Middleware/StartSession.php(64): Illuminate\\Session\\Middleware\\StartSession->handleStatefulRequest()
#34 /home/u411614341/domains/cms.oraclemachinetech.com/public_html/vendor/laravel/framework/src/Illuminate/Pipeline/Pipeline.php(180): Illuminate\\Session\\Middleware\\StartSession->handle()
#35 /home/u411614341/domains/cms.oraclemachinetech.com/public_html/vendor/laravel/framework/src/Illuminate/Cookie/Middleware/AddQueuedCookiesToResponse.php(37): Illuminate\\Pipeline\\Pipeline->Illuminate\\Pipeline\\{closure}()
#36 /home/u411614341/domains/cms.oraclemachinetech.com/public_html/vendor/laravel/framework/src/Illuminate/Pipeline/Pipeline.php(180): Illuminate\\Cookie\\Middleware\\AddQueuedCookiesToResponse->handle()
#37 /home/u411614341/domains/cms.oraclemachinetech.com/public_html/vendor/laravel/framework/src/Illuminate/Cookie/Middleware/EncryptCookies.php(67): Illuminate\\Pipeline\\Pipeline->Illuminate\\Pipeline\\{closure}()
#38 /home/u411614341/domains/cms.oraclemachinetech.com/public_html/vendor/laravel/framework/src/Illuminate/Pipeline/Pipeline.php(180): Illuminate\\Cookie\\Middleware\\EncryptCookies->handle()
#39 /home/u411614341/domains/cms.oraclemachinetech.com/public_html/vendor/laravel/framework/src/Illuminate/Pipeline/Pipeline.php(116): Illuminate\\Pipeline\\Pipeline->Illuminate\\Pipeline\\{closure}()
#40 /home/u411614341/domains/cms.oraclemachinetech.com/public_html/vendor/laravel/framework/src/Illuminate/Routing/Router.php(800): Illuminate\\Pipeline\\Pipeline->then()
#41 /home/u411614341/domains/cms.oraclemachinetech.com/public_html/vendor/laravel/framework/src/Illuminate/Routing/Router.php(777): Illuminate\\Routing\\Router->runRouteWithinStack()
#42 /home/u411614341/domains/cms.oraclemachinetech.com/public_html/vendor/laravel/framework/src/Illuminate/Routing/Router.php(741): Illuminate\\Routing\\Router->runRoute()
#43 /home/u411614341/domains/cms.oraclemachinetech.com/public_html/vendor/laravel/framework/src/Illuminate/Routing/Router.php(730): Illuminate\\Routing\\Router->dispatchToRoute()
#44 /home/u411614341/domains/cms.oraclemachinetech.com/public_html/vendor/laravel/framework/src/Illuminate/Foundation/Http/Kernel.php(200): Illuminate\\Routing\\Router->dispatch()
#45 /home/u411614341/domains/cms.oraclemachinetech.com/public_html/vendor/laravel/framework/src/Illuminate/Pipeline/Pipeline.php(141): Illuminate\\Foundation\\Http\\Kernel->Illuminate\\Foundation\\Http\\{closure}()
#46 /home/u411614341/domains/cms.oraclemachinetech.com/public_html/vendor/laravel/framework/src/Illuminate/Foundation/Http/Middleware/TransformsRequest.php(21): Illuminate\\Pipeline\\Pipeline->Illuminate\\Pipeline\\{closure}()
#47 /home/u411614341/domains/cms.oraclemachinetech.com/public_html/vendor/laravel/framework/src/Illuminate/Foundation/Http/Middleware/ConvertEmptyStringsToNull.php(31): Illuminate\\Foundation\\Http\\Middleware\\TransformsRequest->handle()
#48 /home/u411614341/domains/cms.oraclemachinetech.com/public_html/vendor/laravel/framework/src/Illuminate/Pipeline/Pipeline.php(180): Illuminate\\Foundation\\Http\\Middleware\\ConvertEmptyStringsToNull->handle()
#49 /home/u411614341/domains/cms.oraclemachinetech.com/public_html/vendor/laravel/framework/src/Illuminate/Foundation/Http/Middleware/TransformsRequest.php(21): Illuminate\\Pipeline\\Pipeline->Illuminate\\Pipeline\\{closure}()
#50 /home/u411614341/domains/cms.oraclemachinetech.com/public_html/vendor/laravel/framework/src/Illuminate/Foundation/Http/Middleware/TrimStrings.php(40): Illuminate\\Foundation\\Http\\Middleware\\TransformsRequest->handle()
#51 /home/u411614341/domains/cms.oraclemachinetech.com/public_html/vendor/laravel/framework/src/Illuminate/Pipeline/Pipeline.php(180): Illuminate\\Foundation\\Http\\Middleware\\TrimStrings->handle()
#52 /home/u411614341/domains/cms.oraclemachinetech.com/public_html/vendor/laravel/framework/src/Illuminate/Foundation/Http/Middleware/ValidatePostSize.php(27): Illuminate\\Pipeline\\Pipeline->Illuminate\\Pipeline\\{closure}()
#53 /home/u411614341/domains/cms.oraclemachinetech.com/public_html/vendor/laravel/framework/src/Illuminate/Pipeline/Pipeline.php(180): Illuminate\\Foundation\\Http\\Middleware\\ValidatePostSize->handle()
#54 /home/u411614341/domains/cms.oraclemachinetech.com/public_html/vendor/laravel/framework/src/Illuminate/Foundation/Http/Middleware/PreventRequestsDuringMaintenance.php(89): Illuminate\\Pipeline\\Pipeline->Illuminate\\Pipeline\\{closure}()
#55 /home/u411614341/domains/cms.oraclemachinetech.com/public_html/vendor/laravel/framework/src/Illuminate/Pipeline/Pipeline.php(180): Illuminate\\Foundation\\Http\\Middleware\\PreventRequestsDuringMaintenance->handle()
#56 /home/u411614341/domains/cms.oraclemachinetech.com/public_html/vendor/laravel/framework/src/Illuminate/Http/Middleware/HandleCors.php(49): Illuminate\\Pipeline\\Pipeline->Illuminate\\Pipeline\\{closure}()
#57 /home/u411614341/domains/cms.oraclemachinetech.com/public_html/vendor/laravel/framework/src/Illuminate/Pipeline/Pipeline.php(180): Illuminate\\Http\\Middleware\\HandleCors->handle()
#58 /home/u411614341/domains/cms.oraclemachinetech.com/public_html/vendor/laravel/framework/src/Illuminate/Http/Middleware/TrustProxies.php(39): Illuminate\\Pipeline\\Pipeline->Illuminate\\Pipeline\\{closure}()
#59 /home/u411614341/domains/cms.oraclemachinetech.com/public_html/vendor/laravel/framework/src/Illuminate/Pipeline/Pipeline.php(180): Illuminate\\Http\\Middleware\\TrustProxies->handle()
#60 /home/u411614341/domains/cms.oraclemachinetech.com/public_html/vendor/laravel/framework/src/Illuminate/Pipeline/Pipeline.php(116): Illuminate\\Pipeline\\Pipeline->Illuminate\\Pipeline\\{closure}()
#61 /home/u411614341/domains/cms.oraclemachinetech.com/public_html/vendor/laravel/framework/src/Illuminate/Foundation/Http/Kernel.php(175): Illuminate\\Pipeline\\Pipeline->then()
#62 /home/u411614341/domains/cms.oraclemachinetech.com/public_html/vendor/laravel/framework/src/Illuminate/Foundation/Http/Kernel.php(144): Illuminate\\Foundation\\Http\\Kernel->sendRequestThroughRouter()
#63 /home/u411614341/domains/cms.oraclemachinetech.com/public_html/index.php(52): Illuminate\\Foundation\\Http\\Kernel->handle()
#64 {main}

[previous exception] [object] (PDOException(code: 42S22): SQLSTATE[42S22]: Column not found: 1054 Unknown column 'pono' in 'INSERT INTO' at /home/u411614341/domains/cms.oraclemachinetech.com/public_html/vendor/laravel/framework/src/Illuminate/Database/Connection.php:574)
[stacktrace]
#0 /home/u411614341/domains/cms.oraclemachinetech.com/public_html/vendor/laravel/framework/src/Illuminate/Database/Connection.php(574): PDO->prepare()
#1 /home/u411614341/domains/cms.oraclemachinetech.com/public_html/vendor/laravel/framework/src/Illuminate/Database/Connection.php(788): Illuminate\\Database\\Connection->Illuminate\\Database\\{closure}()
#2 /home/u411614341/domains/cms.oraclemachinetech.com/public_html/vendor/laravel/framework/src/Illuminate/Database/Connection.php(755): Illuminate\\Database\\Connection->runQueryCallback()
#3 /home/u411614341/domains/cms.oraclemachinetech.com/public_html/vendor/laravel/framework/src/Illuminate/Database/Connection.php(581): Illuminate\\Database\\Connection->run()
#4 /home/u411614341/domains/cms.oraclemachinetech.com/public_html/vendor/laravel/framework/src/Illuminate/Database/Connection.php(533): Illuminate\\Database\\Connection->statement()
#5 /home/u411614341/domains/cms.oraclemachinetech.com/public_html/vendor/laravel/framework/src/Illuminate/Database/Query/Processors/Processor.php(32): Illuminate\\Database\\Connection->insert()
#6 /home/u411614341/domains/cms.oraclemachinetech.com/public_html/vendor/laravel/framework/src/Illuminate/Database/Query/Builder.php(3387): Illuminate\\Database\\Query\\Processors\\Processor->processInsertGetId()
#7 /home/u411614341/domains/cms.oraclemachinetech.com/public_html/vendor/laravel/framework/src/Illuminate/Database/Eloquent/Builder.php(1968): Illuminate\\Database\\Query\\Builder->insertGetId()
#8 /home/u411614341/domains/cms.oraclemachinetech.com/public_html/vendor/laravel/framework/src/Illuminate/Database/Eloquent/Model.php(1333): Illuminate\\Database\\Eloquent\\Builder->__call()
#9 /home/u411614341/domains/cms.oraclemachinetech.com/public_html/vendor/laravel/framework/src/Illuminate/Database/Eloquent/Model.php(1298): Illuminate\\Database\\Eloquent\\Model->insertAndSetId()
#10 /home/u411614341/domains/cms.oraclemachinetech.com/public_html/vendor/laravel/framework/src/Illuminate/Database/Eloquent/Model.php(1137): Illuminate\\Database\\Eloquent\\Model->performInsert()
#11 /home/u411614341/domains/cms.oraclemachinetech.com/public_html/vendor/laravel/framework/src/Illuminate/Database/Eloquent/Builder.php(1023): Illuminate\\Database\\Eloquent\\Model->save()
#12 /home/u411614341/domains/cms.oraclemachinetech.com/public_html/vendor/laravel/framework/src/Illuminate/Support/helpers.php(307): Illuminate\\Database\\Eloquent\\Builder->Illuminate\\Database\\Eloquent\\{closure}()
#13 /home/u411614341/domains/cms.oraclemachinetech.com/public_html/vendor/laravel/framework/src/Illuminate/Database/Eloquent/Builder.php(1024): tap()
#14 /home/u411614341/domains/cms.oraclemachinetech.com/public_html/vendor/laravel/framework/src/Illuminate/Support/Traits/ForwardsCalls.php(23): Illuminate\\Database\\Eloquent\\Builder->create()
#15 /home/u411614341/domains/cms.oraclemachinetech.com/public_html/vendor/laravel/framework/src/Illuminate/Database/Eloquent/Model.php(2333): Illuminate\\Database\\Eloquent\\Model->forwardCallTo()
#16 /home/u411614341/domains/cms.oraclemachinetech.com/public_html/vendor/laravel/framework/src/Illuminate/Database/Eloquent/Model.php(2345): Illuminate\\Database\\Eloquent\\Model->__call()
#17 /home/u411614341/domains/cms.oraclemachinetech.com/public_html/app/Http/Controllers/InvoiceController.php(119): Illuminate\\Database\\Eloquent\\Model::__callStatic()
#18 /home/u411614341/domains/cms.oraclemachinetech.com/public_html/vendor/laravel/framework/src/Illuminate/Routing/Controller.php(54): App\\Http\\Controllers\\InvoiceController->store()
#19 /home/u411614341/domains/cms.oraclemachinetech.com/public_html/vendor/laravel/framework/src/Illuminate/Routing/ControllerDispatcher.php(43): Illuminate\\Routing\\Controller->callAction()
#20 /home/u411614341/domains/cms.oraclemachinetech.com/public_html/vendor/laravel/framework/src/Illuminate/Routing/Route.php(260): Illuminate\\Routing\\ControllerDispatcher->dispatch()
#21 /home/u411614341/domains/cms.oraclemachinetech.com/public_html/vendor/laravel/framework/src/Illuminate/Routing/Route.php(205): Illuminate\\Routing\\Route->runController()
#22 /home/u411614341/domains/cms.oraclemachinetech.com/public_html/vendor/laravel/framework/src/Illuminate/Routing/Router.php(799): Illuminate\\Routing\\Route->run()
#23 /home/u411614341/domains/cms.oraclemachinetech.com/public_html/vendor/laravel/framework/src/Illuminate/Pipeline/Pipeline.php(141): Illuminate\\Routing\\Router->Illuminate\\Routing\\{closure}()
#24 /home/u411614341/domains/cms.oraclemachinetech.com/public_html/vendor/laravel/framework/src/Illuminate/Routing/Middleware/SubstituteBindings.php(50): Illuminate\\Pipeline\\Pipeline->Illuminate\\Pipeline\\{closure}()
#25 /home/u411614341/domains/cms.oraclemachinetech.com/public_html/vendor/laravel/framework/src/Illuminate/Pipeline/Pipeline.php(180): Illuminate\\Routing\\Middleware\\SubstituteBindings->handle()
#26 /home/u411614341/domains/cms.oraclemachinetech.com/public_html/vendor/laravel/framework/src/Illuminate/Auth/Middleware/Authenticate.php(57): Illuminate\\Pipeline\\Pipeline->Illuminate\\Pipeline\\{closure}()
#27 /home/u411614341/domains/cms.oraclemachinetech.com/public_html/vendor/laravel/framework/src/Illuminate/Pipeline/Pipeline.php(180): Illuminate\\Auth\\Middleware\\Authenticate->handle()
#28 /home/u411614341/domains/cms.oraclemachinetech.com/public_html/app/Http/Middleware/Localization.php(24): Illuminate\\Pipeline\\Pipeline->Illuminate\\Pipeline\\{closure}()
#29 /home/u411614341/domains/cms.oraclemachinetech.com/public_html/vendor/laravel/framework/src/Illuminate/Pipeline/Pipeline.php(180): App\\Http\\Middleware\\Localization->handle()
#30 /home/u411614341/domains/cms.oraclemachinetech.com/public_html/vendor/laravel/framework/src/Illuminate/Foundation/Http/Middleware/VerifyCsrfToken.php(78): Illuminate\\Pipeline\\Pipeline->Illuminate\\Pipeline\\{closure}()
#31 /home/u411614341/domains/cms.oraclemachinetech.com/public_html/vendor/laravel/framework/src/Illuminate/Pipeline/Pipeline.php(180): Illuminate\\Foundation\\Http\\Middleware\\VerifyCsrfToken->handle()
#32 /home/u411614341/domains/cms.oraclemachinetech.com/public_html/vendor/laravel/framework/src/Illuminate/View/Middleware/ShareErrorsFromSession.php(49): Illuminate\\Pipeline\\Pipeline->Illuminate\\Pipeline\\{closure}()
#33 /home/u411614341/domains/cms.oraclemachinetech.com/public_html/vendor/laravel/framework/src/Illuminate/Pipeline/Pipeline.php(180): Illuminate\\View\\Middleware\\ShareErrorsFromSession->handle()
#34 /home/u411614341/domains/cms.oraclemachinetech.com/public_html/vendor/laravel/framework/src/Illuminate/Session/Middleware/StartSession.php(121): Illuminate\\Pipeline\\Pipeline->Illuminate\\Pipeline\\{closure}()
#35 /home/u411614341/domains/cms.oraclemachinetech.com/public_html/vendor/laravel/framework/src/Illuminate/Session/Middleware/StartSession.php(64): Illuminate\\Session\\Middleware\\StartSession->handleStatefulRequest()
#36 /home/u411614341/domains/cms.oraclemachinetech.com/public_html/vendor/laravel/framework/src/Illuminate/Pipeline/Pipeline.php(180): Illuminate\\Session\\Middleware\\StartSession->handle()
#37 /home/u411614341/domains/cms.oraclemachinetech.com/public_html/vendor/laravel/framework/src/Illuminate/Cookie/Middleware/AddQueuedCookiesToResponse.php(37): Illuminate\\Pipeline\\Pipeline->Illuminate\\Pipeline\\{closure}()
#38 /home/u411614341/domains/cms.oraclemachinetech.com/public_html/vendor/laravel/framework/src/Illuminate/Pipeline/Pipeline.php(180): Illuminate\\Cookie\\Middleware\\AddQueuedCookiesToResponse->handle()
#39 /home/u411614341/domains/cms.oraclemachinetech.com/public_html/vendor/laravel/framework/src/Illuminate/Cookie/Middleware/EncryptCookies.php(67): Illuminate\\Pipeline\\Pipeline->Illuminate\\Pipeline\\{closure}()
#40 /home/u411614341/domains/cms.oraclemachinetech.com/public_html/vendor/laravel/framework/src/Illuminate/Pipeline/Pipeline.php(180): Illuminate\\Cookie\\Middleware\\EncryptCookies->handle()
#41 /home/u411614341/domains/cms.oraclemachinetech.com/public_html/vendor/laravel/framework/src/Illuminate/Pipeline/Pipeline.php(116): Illuminate\\Pipeline\\Pipeline->Illuminate\\Pipeline\\{closure}()
#42 /home/u411614341/domains/cms.oraclemachinetech.com/public_html/vendor/laravel/framework/src/Illuminate/Routing/Router.php(800): Illuminate\\Pipeline\\Pipeline->then()
#43 /home/u411614341/domains/cms.oraclemachinetech.com/public_html/vendor/laravel/framework/src/Illuminate/Routing/Router.php(777): Illuminate\\Routing\\Router->runRouteWithinStack()
#44 /home/u411614341/domains/cms.oraclemachinetech.com/public_html/vendor/laravel/framework/src/Illuminate/Routing/Router.php(741): Illuminate\\Routing\\Router->runRoute()
#45 /home/u411614341/domains/cms.oraclemachinetech.com/public_html/vendor/laravel/framework/src/Illuminate/Routing/Router.php(730): Illuminate\\Routing\\Router->dispatchToRoute()
#46 /home/u411614341/domains/cms.oraclemachinetech.com/public_html/vendor/laravel/framework/src/Illuminate/Foundation/Http/Kernel.php(200): Illuminate\\Routing\\Router->dispatch()
#47 /home/u411614341/domains/cms.oraclemachinetech.com/public_html/vendor/laravel/framework/src/Illuminate/Pipeline/Pipeline.php(141): Illuminate\\Foundation\\Http\\Kernel->Illuminate\\Foundation\\Http\\{closure}()
#48 /home/u411614341/domains/cms.oraclemachinetech.com/public_html/vendor/laravel/framework/src/Illuminate/Foundation/Http/Middleware/TransformsRequest.php(21): Illuminate\\Pipeline\\Pipeline->Illuminate\\Pipeline\\{closure}()
#49 /home/u411614341/domains/cms.oraclemachinetech.com/public_html/vendor/laravel/framework/src/Illuminate/Foundation/Http/Middleware/ConvertEmptyStringsToNull.php(31): Illuminate\\Foundation\\Http\\Middleware\\TransformsRequest->handle()
#50 /home/u411614341/domains/cms.oraclemachinetech.com/public_html/vendor/laravel/framework/src/Illuminate/Pipeline/Pipeline.php(180): Illuminate\\Foundation\\Http\\Middleware\\ConvertEmptyStringsToNull->handle()
#51 /home/u411614341/domains/cms.oraclemachinetech.com/public_html/vendor/laravel/framework/src/Illuminate/Foundation/Http/Middleware/TransformsRequest.php(21): Illuminate\\Pipeline\\Pipeline->Illuminate\\Pipeline\\{closure}()
#52 /home/u411614341/domains/cms.oraclemachinetech.com/public_html/vendor/laravel/framework/src/Illuminate/Foundation/Http/Middleware/TrimStrings.php(40): Illuminate\\Foundation\\Http\\Middleware\\TransformsRequest->handle()
#53 /home/u411614341/domains/cms.oraclemachinetech.com/public_html/vendor/laravel/framework/src/Illuminate/Pipeline/Pipeline.php(180): Illuminate\\Foundation\\Http\\Middleware\\TrimStrings->handle()
#54 /home/u411614341/domains/cms.oraclemachinetech.com/public_html/vendor/laravel/framework/src/Illuminate/Foundation/Http/Middleware/ValidatePostSize.php(27): Illuminate\\Pipeline\\Pipeline->Illuminate\\Pipeline\\{closure}()
#55 /home/u411614341/domains/cms.oraclemachinetech.com/public_html/vendor/laravel/framework/src/Illuminate/Pipeline/Pipeline.php(180): Illuminate\\Foundation\\Http\\Middleware\\ValidatePostSize->handle()
#56 /home/u411614341/domains/cms.oraclemachinetech.com/public_html/vendor/laravel/framework/src/Illuminate/Foundation/Http/Middleware/PreventRequestsDuringMaintenance.php(89): Illuminate\\Pipeline\\Pipeline->Illuminate\\Pipeline\\{closure}()
#57 /home/u411614341/domains/cms.oraclemachinetech.com/public_html/vendor/laravel/framework/src/Illuminate/Pipeline/Pipeline.php(180): Illuminate\\Foundation\\Http\\Middleware\\PreventRequestsDuringMaintenance->handle()
#58 /home/u411614341/domains/cms.oraclemachinetech.com/public_html/vendor/laravel/framework/src/Illuminate/Http/Middleware/HandleCors.php(49): Illuminate\\Pipeline\\Pipeline->Illuminate\\Pipeline\\{closure}()
#59 /home/u411614341/domains/cms.oraclemachinetech.com/public_html/vendor/laravel/framework/src/Illuminate/Pipeline/Pipeline.php(180): Illuminate\\Http\\Middleware\\HandleCors->handle()
#60 /home/u411614341/domains/cms.oraclemachinetech.com/public_html/vendor/laravel/framework/src/Illuminate/Http/Middleware/TrustProxies.php(39): Illuminate\\Pipeline\\Pipeline->Illuminate\\Pipeline\\{closure}()
#61 /home/u411614341/domains/cms.oraclemachinetech.com/public_html/vendor/laravel/framework/src/Illuminate/Pipeline/Pipeline.php(180): Illuminate\\Http\\Middleware\\TrustProxies->handle()
#62 /home/u411614341/domains/cms.oraclemachinetech.com/public_html/vendor/laravel/framework/src/Illuminate/Pipeline/Pipeline.php(116): Illuminate\\Pipeline\\Pipeline->Illuminate\\Pipeline\\{closure}()
#63 /home/u411614341/domains/cms.oraclemachinetech.com/public_html/vendor/laravel/framework/src/Illuminate/Foundation/Http/Kernel.php(175): Illuminate\\Pipeline\\Pipeline->then()
#64 /home/u411614341/domains/cms.oraclemachinetech.com/public_html/vendor/laravel/framework/src/Illuminate/Foundation/Http/Kernel.php(144): Illuminate\\Foundation\\Http\\Kernel->sendRequestThroughRouter()
#65 /home/u411614341/domains/cms.oraclemachinetech.com/public_html/index.php(52): Illuminate\\Foundation\\Http\\Kernel->handle()
#66 {main}
"} 
[2026-07-15 02:42:45] local.ERROR: The "--columns" option does not exist. {"exception":"[object] (Symfony\\Component\\Console\\Exception\\RuntimeException(code: 0): The \"--columns\" option does not exist. at /Users/meetpatel/_public_html (1)/vendor/symfony/console/Input/ArgvInput.php:222)
[stacktrace]
#0 /Users/meetpatel/_public_html (1)/vendor/symfony/console/Input/ArgvInput.php(149): Symfony\\Component\\Console\\Input\\ArgvInput->addLongOption('columns', 'Method,URI,Name...')
#1 /Users/meetpatel/_public_html (1)/vendor/symfony/console/Input/ArgvInput.php(85): Symfony\\Component\\Console\\Input\\ArgvInput->parseLongOption('--columns=Metho...')
#2 /Users/meetpatel/_public_html (1)/vendor/symfony/console/Input/ArgvInput.php(74): Symfony\\Component\\Console\\Input\\ArgvInput->parseToken('--columns=Metho...', true)
#3 /Users/meetpatel/_public_html (1)/vendor/symfony/console/Input/Input.php(56): Symfony\\Component\\Console\\Input\\ArgvInput->parse()
#4 /Users/meetpatel/_public_html (1)/vendor/symfony/console/Command/Command.php(285): Symfony\\Component\\Console\\Input\\Input->bind(Object(Symfony\\Component\\Console\\Input\\InputDefinition))
#5 /Users/meetpatel/_public_html (1)/vendor/laravel/framework/src/Illuminate/Console/Command.php(180): Symfony\\Component\\Console\\Command\\Command->run(Object(Symfony\\Component\\Console\\Input\\ArgvInput), Object(Illuminate\\Console\\OutputStyle))
#6 /Users/meetpatel/_public_html (1)/vendor/symfony/console/Application.php(1121): Illuminate\\Console\\Command->run(Object(Symfony\\Component\\Console\\Input\\ArgvInput), Object(Symfony\\Component\\Console\\Output\\ConsoleOutput))
#7 /Users/meetpatel/_public_html (1)/vendor/symfony/console/Application.php(324): Symfony\\Component\\Console\\Application->doRunCommand(Object(Illuminate\\Foundation\\Console\\RouteListCommand), Object(Symfony\\Component\\Console\\Input\\ArgvInput), Object(Symfony\\Component\\Console\\Output\\ConsoleOutput))
#8 /Users/meetpatel/_public_html (1)/vendor/symfony/console/Application.php(175): Symfony\\Component\\Console\\Application->doRun(Object(Symfony\\Component\\Console\\Input\\ArgvInput), Object(Symfony\\Component\\Console\\Output\\ConsoleOutput))
#9 /Users/meetpatel/_public_html (1)/vendor/laravel/framework/src/Illuminate/Foundation/Console/Kernel.php(201): Symfony\\Component\\Console\\Application->run(Object(Symfony\\Component\\Console\\Input\\ArgvInput), Object(Symfony\\Component\\Console\\Output\\ConsoleOutput))
#10 /Users/meetpatel/_public_html (1)/artisan(35): Illuminate\\Foundation\\Console\\Kernel->handle(Object(Symfony\\Component\\Console\\Input\\ArgvInput), Object(Symfony\\Component\\Console\\Output\\ConsoleOutput))
#11 {main}
"} 
[2026-07-15 02:48:00] local.ERROR: SQLSTATE[42S01]: Base table or view already exists: 1050 Table 'users' already exists (Connection: mysql, SQL: create table `users` (`id` bigint unsigned not null auto_increment primary key, `name` varchar(191) not null, `email` varchar(191) not null, `email_verified_at` timestamp null, `password` varchar(191) not null, `avatar` text not null, `remember_token` varchar(100) null, `created_at` timestamp null, `updated_at` timestamp null) default character set utf8mb4 collate 'utf8mb4_unicode_ci') {"exception":"[object] (Illuminate\\Database\\QueryException(code: 42S01): SQLSTATE[42S01]: Base table or view already exists: 1050 Table 'users' already exists (Connection: mysql, SQL: create table `users` (`id` bigint unsigned not null auto_increment primary key, `name` varchar(191) not null, `email` varchar(191) not null, `email_verified_at` timestamp null, `password` varchar(191) not null, `avatar` text not null, `remember_token` varchar(100) null, `created_at` timestamp null, `updated_at` timestamp null) default character set utf8mb4 collate 'utf8mb4_unicode_ci') at /Users/meetpatel/_public_html (1)/vendor/laravel/framework/src/Illuminate/Database/Connection.php:829)
[stacktrace]
#0 /Users/meetpatel/_public_html (1)/vendor/laravel/framework/src/Illuminate/Database/Connection.php(783): Illuminate\\Database\\Connection->runQueryCallback('create table `u...', Array, Object(Closure))
#1 /Users/meetpatel/_public_html (1)/vendor/laravel/framework/src/Illuminate/Database/Connection.php(576): Illuminate\\Database\\Connection->run('create table `u...', Array, Object(Closure))
#2 /Users/meetpatel/_public_html (1)/vendor/laravel/framework/src/Illuminate/Database/Schema/Blueprint.php(110): Illuminate\\Database\\Connection->statement('create table `u...')
#3 /Users/meetpatel/_public_html (1)/vendor/laravel/framework/src/Illuminate/Database/Schema/Builder.php(602): Illuminate\\Database\\Schema\\Blueprint->build(Object(Illuminate\\Database\\MySqlConnection), Object(Illuminate\\Database\\Schema\\Grammars\\MySqlGrammar))
#4 /Users/meetpatel/_public_html (1)/vendor/laravel/framework/src/Illuminate/Database/Schema/Builder.php(456): Illuminate\\Database\\Schema\\Builder->build(Object(Illuminate\\Database\\Schema\\Blueprint))
#5 /Users/meetpatel/_public_html (1)/vendor/laravel/framework/src/Illuminate/Support/Facades/Facade.php(355): Illuminate\\Database\\Schema\\Builder->create('users', Object(Closure))
#6 /Users/meetpatel/_public_html (1)/database/migrations/2014_10_12_000000_create_users_table.php(18): Illuminate\\Support\\Facades\\Facade::__callStatic('create', Array)
#7 /Users/meetpatel/_public_html (1)/vendor/laravel/framework/src/Illuminate/Database/Migrations/Migrator.php(501): CreateUsersTable->up()
#8 /Users/meetpatel/_public_html (1)/vendor/laravel/framework/src/Illuminate/Database/Migrations/Migrator.php(418): Illuminate\\Database\\Migrations\\Migrator->runMethod(Object(Illuminate\\Database\\MySqlConnection), Object(CreateUsersTable), 'up')
#9 /Users/meetpatel/_public_html (1)/vendor/laravel/framework/src/Illuminate/Database/Migrations/Migrator.php(427): Illuminate\\Database\\Migrations\\Migrator->Illuminate\\Database\\Migrations\\{closure}()
#10 /Users/meetpatel/_public_html (1)/vendor/laravel/framework/src/Illuminate/Database/Migrations/Migrator.php(224): Illuminate\\Database\\Migrations\\Migrator->runMigration(Object(CreateUsersTable), 'up')
#11 /Users/meetpatel/_public_html (1)/vendor/laravel/framework/src/Illuminate/Console/View/Components/Task.php(37): Illuminate\\Database\\Migrations\\Migrator->Illuminate\\Database\\Migrations\\{closure}()
#12 /Users/meetpatel/_public_html (1)/vendor/laravel/framework/src/Illuminate/Database/Migrations/Migrator.php(783): Illuminate\\Console\\View\\Components\\Task->render('2014_10_12_0000...', Object(Closure))
#13 /Users/meetpatel/_public_html (1)/vendor/laravel/framework/src/Illuminate/Database/Migrations/Migrator.php(224): Illuminate\\Database\\Migrations\\Migrator->write('Illuminate\\\\Cons...', '2014_10_12_0000...', Object(Closure))
#14 /Users/meetpatel/_public_html (1)/vendor/laravel/framework/src/Illuminate/Database/Migrations/Migrator.php(189): Illuminate\\Database\\Migrations\\Migrator->runUp('/Users/meetpate...', 1, false)
#15 /Users/meetpatel/_public_html (1)/vendor/laravel/framework/src/Illuminate/Database/Migrations/Migrator.php(132): Illuminate\\Database\\Migrations\\Migrator->runPending(Array, Array)
#16 /Users/meetpatel/_public_html (1)/vendor/laravel/framework/src/Illuminate/Database/Console/Migrations/MigrateCommand.php(90): Illuminate\\Database\\Migrations\\Migrator->run(Array, Array)
#17 /Users/meetpatel/_public_html (1)/vendor/laravel/framework/src/Illuminate/Database/Migrations/Migrator.php(641): Illuminate\\Database\\Console\\Migrations\\MigrateCommand->Illuminate\\Database\\Console\\Migrations\\{closure}()
#18 /Users/meetpatel/_public_html (1)/vendor/laravel/framework/src/Illuminate/Database/Console/Migrations/MigrateCommand.php(83): Illuminate\\Database\\Migrations\\Migrator->usingConnection(NULL, Object(Closure))
#19 /Users/meetpatel/_public_html (1)/vendor/laravel/framework/src/Illuminate/Container/BoundMethod.php(36): Illuminate\\Database\\Console\\Migrations\\MigrateCommand->handle()
#20 /Users/meetpatel/_public_html (1)/vendor/laravel/framework/src/Illuminate/Container/Util.php(41): Illuminate\\Container\\BoundMethod::Illuminate\\Container\\{closure}()
#21 /Users/meetpatel/_public_html (1)/vendor/laravel/framework/src/Illuminate/Container/BoundMethod.php(93): Illuminate\\Container\\Util::unwrapIfClosure(Object(Closure))
#22 /Users/meetpatel/_public_html (1)/vendor/laravel/framework/src/Illuminate/Container/BoundMethod.php(35): Illuminate\\Container\\BoundMethod::callBoundMethod(Object(Illuminate\\Foundation\\Application), Array, Object(Closure))
#23 /Users/meetpatel/_public_html (1)/vendor/laravel/framework/src/Illuminate/Container/Container.php(662): Illuminate\\Container\\BoundMethod::call(Object(Illuminate\\Foundation\\Application), Array, Array, NULL)
#24 /Users/meetpatel/_public_html (1)/vendor/laravel/framework/src/Illuminate/Console/Command.php(211): Illuminate\\Container\\Container->call(Array)
#25 /Users/meetpatel/_public_html (1)/vendor/symfony/console/Command/Command.php(326): Illuminate\\Console\\Command->execute(Object(Symfony\\Component\\Console\\Input\\ArgvInput), Object(Illuminate\\Console\\OutputStyle))
#26 /Users/meetpatel/_public_html (1)/vendor/laravel/framework/src/Illuminate/Console/Command.php(180): Symfony\\Component\\Console\\Command\\Command->run(Object(Symfony\\Component\\Console\\Input\\ArgvInput), Object(Illuminate\\Console\\OutputStyle))
#27 /Users/meetpatel/_public_html (1)/vendor/symfony/console/Application.php(1121): Illuminate\\Console\\Command->run(Object(Symfony\\Component\\Console\\Input\\ArgvInput), Object(Symfony\\Component\\Console\\Output\\ConsoleOutput))
#28 /Users/meetpatel/_public_html (1)/vendor/symfony/console/Application.php(324): Symfony\\Component\\Console\\Application->doRunCommand(Object(Illuminate\\Database\\Console\\Migrations\\MigrateCommand), Object(Symfony\\Component\\Console\\Input\\ArgvInput), Object(Symfony\\Component\\Console\\Output\\ConsoleOutput))
#29 /Users/meetpatel/_public_html (1)/vendor/symfony/console/Application.php(175): Symfony\\Component\\Console\\Application->doRun(Object(Symfony\\Component\\Console\\Input\\ArgvInput), Object(Symfony\\Component\\Console\\Output\\ConsoleOutput))
#30 /Users/meetpatel/_public_html (1)/vendor/laravel/framework/src/Illuminate/Foundation/Console/Kernel.php(201): Symfony\\Component\\Console\\Application->run(Object(Symfony\\Component\\Console\\Input\\ArgvInput), Object(Symfony\\Component\\Console\\Output\\ConsoleOutput))
#31 /Users/meetpatel/_public_html (1)/artisan(35): Illuminate\\Foundation\\Console\\Kernel->handle(Object(Symfony\\Component\\Console\\Input\\ArgvInput), Object(Symfony\\Component\\Console\\Output\\ConsoleOutput))
#32 {main}

[previous exception] [object] (PDOException(code: 42S01): SQLSTATE[42S01]: Base table or view already exists: 1050 Table 'users' already exists at /Users/meetpatel/_public_html (1)/vendor/laravel/framework/src/Illuminate/Database/Connection.php:587)
[stacktrace]
#0 /Users/meetpatel/_public_html (1)/vendor/laravel/framework/src/Illuminate/Database/Connection.php(587): PDOStatement->execute()
#1 /Users/meetpatel/_public_html (1)/vendor/laravel/framework/src/Illuminate/Database/Connection.php(816): Illuminate\\Database\\Connection->Illuminate\\Database\\{closure}('create table `u...', Array)
#2 /Users/meetpatel/_public_html (1)/vendor/laravel/framework/src/Illuminate/Database/Connection.php(783): Illuminate\\Database\\Connection->runQueryCallback('create table `u...', Array, Object(Closure))
#3 /Users/meetpatel/_public_html (1)/vendor/laravel/framework/src/Illuminate/Database/Connection.php(576): Illuminate\\Database\\Connection->run('create table `u...', Array, Object(Closure))
#4 /Users/meetpatel/_public_html (1)/vendor/laravel/framework/src/Illuminate/Database/Schema/Blueprint.php(110): Illuminate\\Database\\Connection->statement('create table `u...')
#5 /Users/meetpatel/_public_html (1)/vendor/laravel/framework/src/Illuminate/Database/Schema/Builder.php(602): Illuminate\\Database\\Schema\\Blueprint->build(Object(Illuminate\\Database\\MySqlConnection), Object(Illuminate\\Database\\Schema\\Grammars\\MySqlGrammar))
#6 /Users/meetpatel/_public_html (1)/vendor/laravel/framework/src/Illuminate/Database/Schema/Builder.php(456): Illuminate\\Database\\Schema\\Builder->build(Object(Illuminate\\Database\\Schema\\Blueprint))
#7 /Users/meetpatel/_public_html (1)/vendor/laravel/framework/src/Illuminate/Support/Facades/Facade.php(355): Illuminate\\Database\\Schema\\Builder->create('users', Object(Closure))
#8 /Users/meetpatel/_public_html (1)/database/migrations/2014_10_12_000000_create_users_table.php(18): Illuminate\\Support\\Facades\\Facade::__callStatic('create', Array)
#9 /Users/meetpatel/_public_html (1)/vendor/laravel/framework/src/Illuminate/Database/Migrations/Migrator.php(501): CreateUsersTable->up()
#10 /Users/meetpatel/_public_html (1)/vendor/laravel/framework/src/Illuminate/Database/Migrations/Migrator.php(418): Illuminate\\Database\\Migrations\\Migrator->runMethod(Object(Illuminate\\Database\\MySqlConnection), Object(CreateUsersTable), 'up')
#11 /Users/meetpatel/_public_html (1)/vendor/laravel/framework/src/Illuminate/Database/Migrations/Migrator.php(427): Illuminate\\Database\\Migrations\\Migrator->Illuminate\\Database\\Migrations\\{closure}()
#12 /Users/meetpatel/_public_html (1)/vendor/laravel/framework/src/Illuminate/Database/Migrations/Migrator.php(224): Illuminate\\Database\\Migrations\\Migrator->runMigration(Object(CreateUsersTable), 'up')
#13 /Users/meetpatel/_public_html (1)/vendor/laravel/framework/src/Illuminate/Console/View/Components/Task.php(37): Illuminate\\Database\\Migrations\\Migrator->Illuminate\\Database\\Migrations\\{closure}()
#14 /Users/meetpatel/_public_html (1)/vendor/laravel/framework/src/Illuminate/Database/Migrations/Migrator.php(783): Illuminate\\Console\\View\\Components\\Task->render('2014_10_12_0000...', Object(Closure))
#15 /Users/meetpatel/_public_html (1)/vendor/laravel/framework/src/Illuminate/Database/Migrations/Migrator.php(224): Illuminate\\Database\\Migrations\\Migrator->write('Illuminate\\\\Cons...', '2014_10_12_0000...', Object(Closure))
#16 /Users/meetpatel/_public_html (1)/vendor/laravel/framework/src/Illuminate/Database/Migrations/Migrator.php(189): Illuminate\\Database\\Migrations\\Migrator->runUp('/Users/meetpate...', 1, false)
#17 /Users/meetpatel/_public_html (1)/vendor/laravel/framework/src/Illuminate/Database/Migrations/Migrator.php(132): Illuminate\\Database\\Migrations\\Migrator->runPending(Array, Array)
#18 /Users/meetpatel/_public_html (1)/vendor/laravel/framework/src/Illuminate/Database/Console/Migrations/MigrateCommand.php(90): Illuminate\\Database\\Migrations\\Migrator->run(Array, Array)
#19 /Users/meetpatel/_public_html (1)/vendor/laravel/framework/src/Illuminate/Database/Migrations/Migrator.php(641): Illuminate\\Database\\Console\\Migrations\\MigrateCommand->Illuminate\\Database\\Console\\Migrations\\{closure}()
#20 /Users/meetpatel/_public_html (1)/vendor/laravel/framework/src/Illuminate/Database/Console/Migrations/MigrateCommand.php(83): Illuminate\\Database\\Migrations\\Migrator->usingConnection(NULL, Object(Closure))
#21 /Users/meetpatel/_public_html (1)/vendor/laravel/framework/src/Illuminate/Container/BoundMethod.php(36): Illuminate\\Database\\Console\\Migrations\\MigrateCommand->handle()
#22 /Users/meetpatel/_public_html (1)/vendor/laravel/framework/src/Illuminate/Container/Util.php(41): Illuminate\\Container\\BoundMethod::Illuminate\\Container\\{closure}()
#23 /Users/meetpatel/_public_html (1)/vendor/laravel/framework/src/Illuminate/Container/BoundMethod.php(93): Illuminate\\Container\\Util::unwrapIfClosure(Object(Closure))
#24 /Users/meetpatel/_public_html (1)/vendor/laravel/framework/src/Illuminate/Container/BoundMethod.php(35): Illuminate\\Container\\BoundMethod::callBoundMethod(Object(Illuminate\\Foundation\\Application), Array, Object(Closure))
#25 /Users/meetpatel/_public_html (1)/vendor/laravel/framework/src/Illuminate/Container/Container.php(662): Illuminate\\Container\\BoundMethod::call(Object(Illuminate\\Foundation\\Application), Array, Array, NULL)
#26 /Users/meetpatel/_public_html (1)/vendor/laravel/framework/src/Illuminate/Console/Command.php(211): Illuminate\\Container\\Container->call(Array)
#27 /Users/meetpatel/_public_html (1)/vendor/symfony/console/Command/Command.php(326): Illuminate\\Console\\Command->execute(Object(Symfony\\Component\\Console\\Input\\ArgvInput), Object(Illuminate\\Console\\OutputStyle))
#28 /Users/meetpatel/_public_html (1)/vendor/laravel/framework/src/Illuminate/Console/Command.php(180): Symfony\\Component\\Console\\Command\\Command->run(Object(Symfony\\Component\\Console\\Input\\ArgvInput), Object(Illuminate\\Console\\OutputStyle))
#29 /Users/meetpatel/_public_html (1)/vendor/symfony/console/Application.php(1121): Illuminate\\Console\\Command->run(Object(Symfony\\Component\\Console\\Input\\ArgvInput), Object(Symfony\\Component\\Console\\Output\\ConsoleOutput))
#30 /Users/meetpatel/_public_html (1)/vendor/symfony/console/Application.php(324): Symfony\\Component\\Console\\Application->doRunCommand(Object(Illuminate\\Database\\Console\\Migrations\\MigrateCommand), Object(Symfony\\Component\\Console\\Input\\ArgvInput), Object(Symfony\\Component\\Console\\Output\\ConsoleOutput))
#31 /Users/meetpatel/_public_html (1)/vendor/symfony/console/Application.php(175): Symfony\\Component\\Console\\Application->doRun(Object(Symfony\\Component\\Console\\Input\\ArgvInput), Object(Symfony\\Component\\Console\\Output\\ConsoleOutput))
#32 /Users/meetpatel/_public_html (1)/vendor/laravel/framework/src/Illuminate/Foundation/Console/Kernel.php(201): Symfony\\Component\\Console\\Application->run(Object(Symfony\\Component\\Console\\Input\\ArgvInput), Object(Symfony\\Component\\Console\\Output\\ConsoleOutput))
#33 /Users/meetpatel/_public_html (1)/artisan(35): Illuminate\\Foundation\\Console\\Kernel->handle(Object(Symfony\\Component\\Console\\Input\\ArgvInput), Object(Symfony\\Component\\Console\\Output\\ConsoleOutput))
#34 {main}
"} 
[2026-07-15 02:48:43] local.ERROR: SQLSTATE[42S01]: Base table or view already exists: 1050 Table 'users' already exists (Connection: mysql, SQL: create table `users` (`id` bigint unsigned not null auto_increment primary key, `name` varchar(191) not null, `email` varchar(191) not null, `email_verified_at` timestamp null, `password` varchar(191) not null, `avatar` text not null, `remember_token` varchar(100) null, `created_at` timestamp null, `updated_at` timestamp null) default character set utf8mb4 collate 'utf8mb4_unicode_ci') {"exception":"[object] (Illuminate\\Database\\QueryException(code: 42S01): SQLSTATE[42S01]: Base table or view already exists: 1050 Table 'users' already exists (Connection: mysql, SQL: create table `users` (`id` bigint unsigned not null auto_increment primary key, `name` varchar(191) not null, `email` varchar(191) not null, `email_verified_at` timestamp null, `password` varchar(191) not null, `avatar` text not null, `remember_token` varchar(100) null, `created_at` timestamp null, `updated_at` timestamp null) default character set utf8mb4 collate 'utf8mb4_unicode_ci') at /Users/meetpatel/_public_html (1)/vendor/laravel/framework/src/Illuminate/Database/Connection.php:829)
[stacktrace]
#0 /Users/meetpatel/_public_html (1)/vendor/laravel/framework/src/Illuminate/Database/Connection.php(783): Illuminate\\Database\\Connection->runQueryCallback('create table `u...', Array, Object(Closure))
#1 /Users/meetpatel/_public_html (1)/vendor/laravel/framework/src/Illuminate/Database/Connection.php(576): Illuminate\\Database\\Connection->run('create table `u...', Array, Object(Closure))
#2 /Users/meetpatel/_public_html (1)/vendor/laravel/framework/src/Illuminate/Database/Schema/Blueprint.php(110): Illuminate\\Database\\Connection->statement('create table `u...')
#3 /Users/meetpatel/_public_html (1)/vendor/laravel/framework/src/Illuminate/Database/Schema/Builder.php(602): Illuminate\\Database\\Schema\\Blueprint->build(Object(Illuminate\\Database\\MySqlConnection), Object(Illuminate\\Database\\Schema\\Grammars\\MySqlGrammar))
#4 /Users/meetpatel/_public_html (1)/vendor/laravel/framework/src/Illuminate/Database/Schema/Builder.php(456): Illuminate\\Database\\Schema\\Builder->build(Object(Illuminate\\Database\\Schema\\Blueprint))
#5 /Users/meetpatel/_public_html (1)/vendor/laravel/framework/src/Illuminate/Support/Facades/Facade.php(355): Illuminate\\Database\\Schema\\Builder->create('users', Object(Closure))
#6 /Users/meetpatel/_public_html (1)/database/migrations/2014_10_12_000000_create_users_table.php(18): Illuminate\\Support\\Facades\\Facade::__callStatic('create', Array)
#7 /Users/meetpatel/_public_html (1)/vendor/laravel/framework/src/Illuminate/Database/Migrations/Migrator.php(501): CreateUsersTable->up()
#8 /Users/meetpatel/_public_html (1)/vendor/laravel/framework/src/Illuminate/Database/Migrations/Migrator.php(418): Illuminate\\Database\\Migrations\\Migrator->runMethod(Object(Illuminate\\Database\\MySqlConnection), Object(CreateUsersTable), 'up')
#9 /Users/meetpatel/_public_html (1)/vendor/laravel/framework/src/Illuminate/Database/Migrations/Migrator.php(427): Illuminate\\Database\\Migrations\\Migrator->Illuminate\\Database\\Migrations\\{closure}()
#10 /Users/meetpatel/_public_html (1)/vendor/laravel/framework/src/Illuminate/Database/Migrations/Migrator.php(224): Illuminate\\Database\\Migrations\\Migrator->runMigration(Object(CreateUsersTable), 'up')
#11 /Users/meetpatel/_public_html (1)/vendor/laravel/framework/src/Illuminate/Console/View/Components/Task.php(37): Illuminate\\Database\\Migrations\\Migrator->Illuminate\\Database\\Migrations\\{closure}()
#12 /Users/meetpatel/_public_html (1)/vendor/laravel/framework/src/Illuminate/Database/Migrations/Migrator.php(783): Illuminate\\Console\\View\\Components\\Task->render('2014_10_12_0000...', Object(Closure))
#13 /Users/meetpatel/_public_html (1)/vendor/laravel/framework/src/Illuminate/Database/Migrations/Migrator.php(224): Illuminate\\Database\\Migrations\\Migrator->write('Illuminate\\\\Cons...', '2014_10_12_0000...', Object(Closure))
#14 /Users/meetpatel/_public_html (1)/vendor/laravel/framework/src/Illuminate/Database/Migrations/Migrator.php(189): Illuminate\\Database\\Migrations\\Migrator->runUp('/Users/meetpate...', 1, false)
#15 /Users/meetpatel/_public_html (1)/vendor/laravel/framework/src/Illuminate/Database/Migrations/Migrator.php(132): Illuminate\\Database\\Migrations\\Migrator->runPending(Array, Array)
#16 /Users/meetpatel/_public_html (1)/vendor/laravel/framework/src/Illuminate/Database/Console/Migrations/MigrateCommand.php(90): Illuminate\\Database\\Migrations\\Migrator->run(Array, Array)
#17 /Users/meetpatel/_public_html (1)/vendor/laravel/framework/src/Illuminate/Database/Migrations/Migrator.php(641): Illuminate\\Database\\Console\\Migrations\\MigrateCommand->Illuminate\\Database\\Console\\Migrations\\{closure}()
#18 /Users/meetpatel/_public_html (1)/vendor/laravel/framework/src/Illuminate/Database/Console/Migrations/MigrateCommand.php(83): Illuminate\\Database\\Migrations\\Migrator->usingConnection(NULL, Object(Closure))
#19 /Users/meetpatel/_public_html (1)/vendor/laravel/framework/src/Illuminate/Container/BoundMethod.php(36): Illuminate\\Database\\Console\\Migrations\\MigrateCommand->handle()
#20 /Users/meetpatel/_public_html (1)/vendor/laravel/framework/src/Illuminate/Container/Util.php(41): Illuminate\\Container\\BoundMethod::Illuminate\\Container\\{closure}()
#21 /Users/meetpatel/_public_html (1)/vendor/laravel/framework/src/Illuminate/Container/BoundMethod.php(93): Illuminate\\Container\\Util::unwrapIfClosure(Object(Closure))
#22 /Users/meetpatel/_public_html (1)/vendor/laravel/framework/src/Illuminate/Container/BoundMethod.php(35): Illuminate\\Container\\BoundMethod::callBoundMethod(Object(Illuminate\\Foundation\\Application), Array, Object(Closure))
#23 /Users/meetpatel/_public_html (1)/vendor/laravel/framework/src/Illuminate/Container/Container.php(662): Illuminate\\Container\\BoundMethod::call(Object(Illuminate\\Foundation\\Application), Array, Array, NULL)
#24 /Users/meetpatel/_public_html (1)/vendor/laravel/framework/src/Illuminate/Console/Command.php(211): Illuminate\\Container\\Container->call(Array)
#25 /Users/meetpatel/_public_html (1)/vendor/symfony/console/Command/Command.php(326): Illuminate\\Console\\Command->execute(Object(Symfony\\Component\\Console\\Input\\ArgvInput), Object(Illuminate\\Console\\OutputStyle))
#26 /Users/meetpatel/_public_html (1)/vendor/laravel/framework/src/Illuminate/Console/Command.php(180): Symfony\\Component\\Console\\Command\\Command->run(Object(Symfony\\Component\\Console\\Input\\ArgvInput), Object(Illuminate\\Console\\OutputStyle))
#27 /Users/meetpatel/_public_html (1)/vendor/symfony/console/Application.php(1121): Illuminate\\Console\\Command->run(Object(Symfony\\Component\\Console\\Input\\ArgvInput), Object(Symfony\\Component\\Console\\Output\\ConsoleOutput))
#28 /Users/meetpatel/_public_html (1)/vendor/symfony/console/Application.php(324): Symfony\\Component\\Console\\Application->doRunCommand(Object(Illuminate\\Database\\Console\\Migrations\\MigrateCommand), Object(Symfony\\Component\\Console\\Input\\ArgvInput), Object(Symfony\\Component\\Console\\Output\\ConsoleOutput))
#29 /Users/meetpatel/_public_html (1)/vendor/symfony/console/Application.php(175): Symfony\\Component\\Console\\Application->doRun(Object(Symfony\\Component\\Console\\Input\\ArgvInput), Object(Symfony\\Component\\Console\\Output\\ConsoleOutput))
#30 /Users/meetpatel/_public_html (1)/vendor/laravel/framework/src/Illuminate/Foundation/Console/Kernel.php(201): Symfony\\Component\\Console\\Application->run(Object(Symfony\\Component\\Console\\Input\\ArgvInput), Object(Symfony\\Component\\Console\\Output\\ConsoleOutput))
#31 /Users/meetpatel/_public_html (1)/artisan(35): Illuminate\\Foundation\\Console\\Kernel->handle(Object(Symfony\\Component\\Console\\Input\\ArgvInput), Object(Symfony\\Component\\Console\\Output\\ConsoleOutput))
#32 {main}

[previous exception] [object] (PDOException(code: 42S01): SQLSTATE[42S01]: Base table or view already exists: 1050 Table 'users' already exists at /Users/meetpatel/_public_html (1)/vendor/laravel/framework/src/Illuminate/Database/Connection.php:587)
[stacktrace]
#0 /Users/meetpatel/_public_html (1)/vendor/laravel/framework/src/Illuminate/Database/Connection.php(587): PDOStatement->execute()
#1 /Users/meetpatel/_public_html (1)/vendor/laravel/framework/src/Illuminate/Database/Connection.php(816): Illuminate\\Database\\Connection->Illuminate\\Database\\{closure}('create table `u...', Array)
#2 /Users/meetpatel/_public_html (1)/vendor/laravel/framework/src/Illuminate/Database/Connection.php(783): Illuminate\\Database\\Connection->runQueryCallback('create table `u...', Array, Object(Closure))
#3 /Users/meetpatel/_public_html (1)/vendor/laravel/framework/src/Illuminate/Database/Connection.php(576): Illuminate\\Database\\Connection->run('create table `u...', Array, Object(Closure))
#4 /Users/meetpatel/_public_html (1)/vendor/laravel/framework/src/Illuminate/Database/Schema/Blueprint.php(110): Illuminate\\Database\\Connection->statement('create table `u...')
#5 /Users/meetpatel/_public_html (1)/vendor/laravel/framework/src/Illuminate/Database/Schema/Builder.php(602): Illuminate\\Database\\Schema\\Blueprint->build(Object(Illuminate\\Database\\MySqlConnection), Object(Illuminate\\Database\\Schema\\Grammars\\MySqlGrammar))
#6 /Users/meetpatel/_public_html (1)/vendor/laravel/framework/src/Illuminate/Database/Schema/Builder.php(456): Illuminate\\Database\\Schema\\Builder->build(Object(Illuminate\\Database\\Schema\\Blueprint))
#7 /Users/meetpatel/_public_html (1)/vendor/laravel/framework/src/Illuminate/Support/Facades/Facade.php(355): Illuminate\\Database\\Schema\\Builder->create('users', Object(Closure))
#8 /Users/meetpatel/_public_html (1)/database/migrations/2014_10_12_000000_create_users_table.php(18): Illuminate\\Support\\Facades\\Facade::__callStatic('create', Array)
#9 /Users/meetpatel/_public_html (1)/vendor/laravel/framework/src/Illuminate/Database/Migrations/Migrator.php(501): CreateUsersTable->up()
#10 /Users/meetpatel/_public_html (1)/vendor/laravel/framework/src/Illuminate/Database/Migrations/Migrator.php(418): Illuminate\\Database\\Migrations\\Migrator->runMethod(Object(Illuminate\\Database\\MySqlConnection), Object(CreateUsersTable), 'up')
#11 /Users/meetpatel/_public_html (1)/vendor/laravel/framework/src/Illuminate/Database/Migrations/Migrator.php(427): Illuminate\\Database\\Migrations\\Migrator->Illuminate\\Database\\Migrations\\{closure}()
#12 /Users/meetpatel/_public_html (1)/vendor/laravel/framework/src/Illuminate/Database/Migrations/Migrator.php(224): Illuminate\\Database\\Migrations\\Migrator->runMigration(Object(CreateUsersTable), 'up')
#13 /Users/meetpatel/_public_html (1)/vendor/laravel/framework/src/Illuminate/Console/View/Components/Task.php(37): Illuminate\\Database\\Migrations\\Migrator->Illuminate\\Database\\Migrations\\{closure}()
#14 /Users/meetpatel/_public_html (1)/vendor/laravel/framework/src/Illuminate/Database/Migrations/Migrator.php(783): Illuminate\\Console\\View\\Components\\Task->render('2014_10_12_0000...', Object(Closure))
#15 /Users/meetpatel/_public_html (1)/vendor/laravel/framework/src/Illuminate/Database/Migrations/Migrator.php(224): Illuminate\\Database\\Migrations\\Migrator->write('Illuminate\\\\Cons...', '2014_10_12_0000...', Object(Closure))
#16 /Users/meetpatel/_public_html (1)/vendor/laravel/framework/src/Illuminate/Database/Migrations/Migrator.php(189): Illuminate\\Database\\Migrations\\Migrator->runUp('/Users/meetpate...', 1, false)
#17 /Users/meetpatel/_public_html (1)/vendor/laravel/framework/src/Illuminate/Database/Migrations/Migrator.php(132): Illuminate\\Database\\Migrations\\Migrator->runPending(Array, Array)
#18 /Users/meetpatel/_public_html (1)/vendor/laravel/framework/src/Illuminate/Database/Console/Migrations/MigrateCommand.php(90): Illuminate\\Database\\Migrations\\Migrator->run(Array, Array)
#19 /Users/meetpatel/_public_html (1)/vendor/laravel/framework/src/Illuminate/Database/Migrations/Migrator.php(641): Illuminate\\Database\\Console\\Migrations\\MigrateCommand->Illuminate\\Database\\Console\\Migrations\\{closure}()
#20 /Users/meetpatel/_public_html (1)/vendor/laravel/framework/src/Illuminate/Database/Console/Migrations/MigrateCommand.php(83): Illuminate\\Database\\Migrations\\Migrator->usingConnection(NULL, Object(Closure))
#21 /Users/meetpatel/_public_html (1)/vendor/laravel/framework/src/Illuminate/Container/BoundMethod.php(36): Illuminate\\Database\\Console\\Migrations\\MigrateCommand->handle()
#22 /Users/meetpatel/_public_html (1)/vendor/laravel/framework/src/Illuminate/Container/Util.php(41): Illuminate\\Container\\BoundMethod::Illuminate\\Container\\{closure}()
#23 /Users/meetpatel/_public_html (1)/vendor/laravel/framework/src/Illuminate/Container/BoundMethod.php(93): Illuminate\\Container\\Util::unwrapIfClosure(Object(Closure))
#24 /Users/meetpatel/_public_html (1)/vendor/laravel/framework/src/Illuminate/Container/BoundMethod.php(35): Illuminate\\Container\\BoundMethod::callBoundMethod(Object(Illuminate\\Foundation\\Application), Array, Object(Closure))
#25 /Users/meetpatel/_public_html (1)/vendor/laravel/framework/src/Illuminate/Container/Container.php(662): Illuminate\\Container\\BoundMethod::call(Object(Illuminate\\Foundation\\Application), Array, Array, NULL)
#26 /Users/meetpatel/_public_html (1)/vendor/laravel/framework/src/Illuminate/Console/Command.php(211): Illuminate\\Container\\Container->call(Array)
#27 /Users/meetpatel/_public_html (1)/vendor/symfony/console/Command/Command.php(326): Illuminate\\Console\\Command->execute(Object(Symfony\\Component\\Console\\Input\\ArgvInput), Object(Illuminate\\Console\\OutputStyle))
#28 /Users/meetpatel/_public_html (1)/vendor/laravel/framework/src/Illuminate/Console/Command.php(180): Symfony\\Component\\Console\\Command\\Command->run(Object(Symfony\\Component\\Console\\Input\\ArgvInput), Object(Illuminate\\Console\\OutputStyle))
#29 /Users/meetpatel/_public_html (1)/vendor/symfony/console/Application.php(1121): Illuminate\\Console\\Command->run(Object(Symfony\\Component\\Console\\Input\\ArgvInput), Object(Symfony\\Component\\Console\\Output\\ConsoleOutput))
#30 /Users/meetpatel/_public_html (1)/vendor/symfony/console/Application.php(324): Symfony\\Component\\Console\\Application->doRunCommand(Object(Illuminate\\Database\\Console\\Migrations\\MigrateCommand), Object(Symfony\\Component\\Console\\Input\\ArgvInput), Object(Symfony\\Component\\Console\\Output\\ConsoleOutput))
#31 /Users/meetpatel/_public_html (1)/vendor/symfony/console/Application.php(175): Symfony\\Component\\Console\\Application->doRun(Object(Symfony\\Component\\Console\\Input\\ArgvInput), Object(Symfony\\Component\\Console\\Output\\ConsoleOutput))
#32 /Users/meetpatel/_public_html (1)/vendor/laravel/framework/src/Illuminate/Foundation/Console/Kernel.php(201): Symfony\\Component\\Console\\Application->run(Object(Symfony\\Component\\Console\\Input\\ArgvInput), Object(Symfony\\Component\\Console\\Output\\ConsoleOutput))
#33 /Users/meetpatel/_public_html (1)/artisan(35): Illuminate\\Foundation\\Console\\Kernel->handle(Object(Symfony\\Component\\Console\\Input\\ArgvInput), Object(Symfony\\Component\\Console\\Output\\ConsoleOutput))
#34 {main}
"} 
[2026-07-15 02:49:21] local.ERROR: SQLSTATE[42S01]: Base table or view already exists: 1050 Table 'users' already exists (Connection: mysql, SQL: create table `users` (`id` bigint unsigned not null auto_increment primary key, `name` varchar(191) not null, `email` varchar(191) not null, `email_verified_at` timestamp null, `password` varchar(191) not null, `avatar` text not null, `remember_token` varchar(100) null, `created_at` timestamp null, `updated_at` timestamp null) default character set utf8mb4 collate 'utf8mb4_unicode_ci') {"exception":"[object] (Illuminate\\Database\\QueryException(code: 42S01): SQLSTATE[42S01]: Base table or view already exists: 1050 Table 'users' already exists (Connection: mysql, SQL: create table `users` (`id` bigint unsigned not null auto_increment primary key, `name` varchar(191) not null, `email` varchar(191) not null, `email_verified_at` timestamp null, `password` varchar(191) not null, `avatar` text not null, `remember_token` varchar(100) null, `created_at` timestamp null, `updated_at` timestamp null) default character set utf8mb4 collate 'utf8mb4_unicode_ci') at /Users/meetpatel/_public_html (1)/vendor/laravel/framework/src/Illuminate/Database/Connection.php:829)
[stacktrace]
#0 /Users/meetpatel/_public_html (1)/vendor/laravel/framework/src/Illuminate/Database/Connection.php(783): Illuminate\\Database\\Connection->runQueryCallback('create table `u...', Array, Object(Closure))
#1 /Users/meetpatel/_public_html (1)/vendor/laravel/framework/src/Illuminate/Database/Connection.php(576): Illuminate\\Database\\Connection->run('create table `u...', Array, Object(Closure))
#2 /Users/meetpatel/_public_html (1)/vendor/laravel/framework/src/Illuminate/Database/Schema/Blueprint.php(110): Illuminate\\Database\\Connection->statement('create table `u...')
#3 /Users/meetpatel/_public_html (1)/vendor/laravel/framework/src/Illuminate/Database/Schema/Builder.php(602): Illuminate\\Database\\Schema\\Blueprint->build(Object(Illuminate\\Database\\MySqlConnection), Object(Illuminate\\Database\\Schema\\Grammars\\MySqlGrammar))
#4 /Users/meetpatel/_public_html (1)/vendor/laravel/framework/src/Illuminate/Database/Schema/Builder.php(456): Illuminate\\Database\\Schema\\Builder->build(Object(Illuminate\\Database\\Schema\\Blueprint))
#5 /Users/meetpatel/_public_html (1)/vendor/laravel/framework/src/Illuminate/Support/Facades/Facade.php(355): Illuminate\\Database\\Schema\\Builder->create('users', Object(Closure))
#6 /Users/meetpatel/_public_html (1)/database/migrations/2014_10_12_000000_create_users_table.php(18): Illuminate\\Support\\Facades\\Facade::__callStatic('create', Array)
#7 /Users/meetpatel/_public_html (1)/vendor/laravel/framework/src/Illuminate/Database/Migrations/Migrator.php(501): CreateUsersTable->up()
#8 /Users/meetpatel/_public_html (1)/vendor/laravel/framework/src/Illuminate/Database/Migrations/Migrator.php(418): Illuminate\\Database\\Migrations\\Migrator->runMethod(Object(Illuminate\\Database\\MySqlConnection), Object(CreateUsersTable), 'up')
#9 /Users/meetpatel/_public_html (1)/vendor/laravel/framework/src/Illuminate/Database/Migrations/Migrator.php(427): Illuminate\\Database\\Migrations\\Migrator->Illuminate\\Database\\Migrations\\{closure}()
#10 /Users/meetpatel/_public_html (1)/vendor/laravel/framework/src/Illuminate/Database/Migrations/Migrator.php(224): Illuminate\\Database\\Migrations\\Migrator->runMigration(Object(CreateUsersTable), 'up')
#11 /Users/meetpatel/_public_html (1)/vendor/laravel/framework/src/Illuminate/Console/View/Components/Task.php(37): Illuminate\\Database\\Migrations\\Migrator->Illuminate\\Database\\Migrations\\{closure}()
#12 /Users/meetpatel/_public_html (1)/vendor/laravel/framework/src/Illuminate/Database/Migrations/Migrator.php(783): Illuminate\\Console\\View\\Components\\Task->render('2014_10_12_0000...', Object(Closure))
#13 /Users/meetpatel/_public_html (1)/vendor/laravel/framework/src/Illuminate/Database/Migrations/Migrator.php(224): Illuminate\\Database\\Migrations\\Migrator->write('Illuminate\\\\Cons...', '2014_10_12_0000...', Object(Closure))
#14 /Users/meetpatel/_public_html (1)/vendor/laravel/framework/src/Illuminate/Database/Migrations/Migrator.php(189): Illuminate\\Database\\Migrations\\Migrator->runUp('/Users/meetpate...', 1, false)
#15 /Users/meetpatel/_public_html (1)/vendor/laravel/framework/src/Illuminate/Database/Migrations/Migrator.php(132): Illuminate\\Database\\Migrations\\Migrator->runPending(Array, Array)
#16 /Users/meetpatel/_public_html (1)/vendor/laravel/framework/src/Illuminate/Database/Console/Migrations/MigrateCommand.php(90): Illuminate\\Database\\Migrations\\Migrator->run(Array, Array)
#17 /Users/meetpatel/_public_html (1)/vendor/laravel/framework/src/Illuminate/Database/Migrations/Migrator.php(641): Illuminate\\Database\\Console\\Migrations\\MigrateCommand->Illuminate\\Database\\Console\\Migrations\\{closure}()
#18 /Users/meetpatel/_public_html (1)/vendor/laravel/framework/src/Illuminate/Database/Console/Migrations/MigrateCommand.php(83): Illuminate\\Database\\Migrations\\Migrator->usingConnection(NULL, Object(Closure))
#19 /Users/meetpatel/_public_html (1)/vendor/laravel/framework/src/Illuminate/Container/BoundMethod.php(36): Illuminate\\Database\\Console\\Migrations\\MigrateCommand->handle()
#20 /Users/meetpatel/_public_html (1)/vendor/laravel/framework/src/Illuminate/Container/Util.php(41): Illuminate\\Container\\BoundMethod::Illuminate\\Container\\{closure}()
#21 /Users/meetpatel/_public_html (1)/vendor/laravel/framework/src/Illuminate/Container/BoundMethod.php(93): Illuminate\\Container\\Util::unwrapIfClosure(Object(Closure))
#22 /Users/meetpatel/_public_html (1)/vendor/laravel/framework/src/Illuminate/Container/BoundMethod.php(35): Illuminate\\Container\\BoundMethod::callBoundMethod(Object(Illuminate\\Foundation\\Application), Array, Object(Closure))
#23 /Users/meetpatel/_public_html (1)/vendor/laravel/framework/src/Illuminate/Container/Container.php(662): Illuminate\\Container\\BoundMethod::call(Object(Illuminate\\Foundation\\Application), Array, Array, NULL)
#24 /Users/meetpatel/_public_html (1)/vendor/laravel/framework/src/Illuminate/Console/Command.php(211): Illuminate\\Container\\Container->call(Array)
#25 /Users/meetpatel/_public_html (1)/vendor/symfony/console/Command/Command.php(326): Illuminate\\Console\\Command->execute(Object(Symfony\\Component\\Console\\Input\\ArgvInput), Object(Illuminate\\Console\\OutputStyle))
#26 /Users/meetpatel/_public_html (1)/vendor/laravel/framework/src/Illuminate/Console/Command.php(180): Symfony\\Component\\Console\\Command\\Command->run(Object(Symfony\\Component\\Console\\Input\\ArgvInput), Object(Illuminate\\Console\\OutputStyle))
#27 /Users/meetpatel/_public_html (1)/vendor/symfony/console/Application.php(1121): Illuminate\\Console\\Command->run(Object(Symfony\\Component\\Console\\Input\\ArgvInput), Object(Symfony\\Component\\Console\\Output\\ConsoleOutput))
#28 /Users/meetpatel/_public_html (1)/vendor/symfony/console/Application.php(324): Symfony\\Component\\Console\\Application->doRunCommand(Object(Illuminate\\Database\\Console\\Migrations\\MigrateCommand), Object(Symfony\\Component\\Console\\Input\\ArgvInput), Object(Symfony\\Component\\Console\\Output\\ConsoleOutput))
#29 /Users/meetpatel/_public_html (1)/vendor/symfony/console/Application.php(175): Symfony\\Component\\Console\\Application->doRun(Object(Symfony\\Component\\Console\\Input\\ArgvInput), Object(Symfony\\Component\\Console\\Output\\ConsoleOutput))
#30 /Users/meetpatel/_public_html (1)/vendor/laravel/framework/src/Illuminate/Foundation/Console/Kernel.php(201): Symfony\\Component\\Console\\Application->run(Object(Symfony\\Component\\Console\\Input\\ArgvInput), Object(Symfony\\Component\\Console\\Output\\ConsoleOutput))
#31 /Users/meetpatel/_public_html (1)/artisan(35): Illuminate\\Foundation\\Console\\Kernel->handle(Object(Symfony\\Component\\Console\\Input\\ArgvInput), Object(Symfony\\Component\\Console\\Output\\ConsoleOutput))
#32 {main}

[previous exception] [object] (PDOException(code: 42S01): SQLSTATE[42S01]: Base table or view already exists: 1050 Table 'users' already exists at /Users/meetpatel/_public_html (1)/vendor/laravel/framework/src/Illuminate/Database/Connection.php:587)
[stacktrace]
#0 /Users/meetpatel/_public_html (1)/vendor/laravel/framework/src/Illuminate/Database/Connection.php(587): PDOStatement->execute()
#1 /Users/meetpatel/_public_html (1)/vendor/laravel/framework/src/Illuminate/Database/Connection.php(816): Illuminate\\Database\\Connection->Illuminate\\Database\\{closure}('create table `u...', Array)
#2 /Users/meetpatel/_public_html (1)/vendor/laravel/framework/src/Illuminate/Database/Connection.php(783): Illuminate\\Database\\Connection->runQueryCallback('create table `u...', Array, Object(Closure))
#3 /Users/meetpatel/_public_html (1)/vendor/laravel/framework/src/Illuminate/Database/Connection.php(576): Illuminate\\Database\\Connection->run('create table `u...', Array, Object(Closure))
#4 /Users/meetpatel/_public_html (1)/vendor/laravel/framework/src/Illuminate/Database/Schema/Blueprint.php(110): Illuminate\\Database\\Connection->statement('create table `u...')
#5 /Users/meetpatel/_public_html (1)/vendor/laravel/framework/src/Illuminate/Database/Schema/Builder.php(602): Illuminate\\Database\\Schema\\Blueprint->build(Object(Illuminate\\Database\\MySqlConnection), Object(Illuminate\\Database\\Schema\\Grammars\\MySqlGrammar))
#6 /Users/meetpatel/_public_html (1)/vendor/laravel/framework/src/Illuminate/Database/Schema/Builder.php(456): Illuminate\\Database\\Schema\\Builder->build(Object(Illuminate\\Database\\Schema\\Blueprint))
#7 /Users/meetpatel/_public_html (1)/vendor/laravel/framework/src/Illuminate/Support/Facades/Facade.php(355): Illuminate\\Database\\Schema\\Builder->create('users', Object(Closure))
#8 /Users/meetpatel/_public_html (1)/database/migrations/2014_10_12_000000_create_users_table.php(18): Illuminate\\Support\\Facades\\Facade::__callStatic('create', Array)
#9 /Users/meetpatel/_public_html (1)/vendor/laravel/framework/src/Illuminate/Database/Migrations/Migrator.php(501): CreateUsersTable->up()
#10 /Users/meetpatel/_public_html (1)/vendor/laravel/framework/src/Illuminate/Database/Migrations/Migrator.php(418): Illuminate\\Database\\Migrations\\Migrator->runMethod(Object(Illuminate\\Database\\MySqlConnection), Object(CreateUsersTable), 'up')
#11 /Users/meetpatel/_public_html (1)/vendor/laravel/framework/src/Illuminate/Database/Migrations/Migrator.php(427): Illuminate\\Database\\Migrations\\Migrator->Illuminate\\Database\\Migrations\\{closure}()
#12 /Users/meetpatel/_public_html (1)/vendor/laravel/framework/src/Illuminate/Database/Migrations/Migrator.php(224): Illuminate\\Database\\Migrations\\Migrator->runMigration(Object(CreateUsersTable), 'up')
#13 /Users/meetpatel/_public_html (1)/vendor/laravel/framework/src/Illuminate/Console/View/Components/Task.php(37): Illuminate\\Database\\Migrations\\Migrator->Illuminate\\Database\\Migrations\\{closure}()
#14 /Users/meetpatel/_public_html (1)/vendor/laravel/framework/src/Illuminate/Database/Migrations/Migrator.php(783): Illuminate\\Console\\View\\Components\\Task->render('2014_10_12_0000...', Object(Closure))
#15 /Users/meetpatel/_public_html (1)/vendor/laravel/framework/src/Illuminate/Database/Migrations/Migrator.php(224): Illuminate\\Database\\Migrations\\Migrator->write('Illuminate\\\\Cons...', '2014_10_12_0000...', Object(Closure))
#16 /Users/meetpatel/_public_html (1)/vendor/laravel/framework/src/Illuminate/Database/Migrations/Migrator.php(189): Illuminate\\Database\\Migrations\\Migrator->runUp('/Users/meetpate...', 1, false)
#17 /Users/meetpatel/_public_html (1)/vendor/laravel/framework/src/Illuminate/Database/Migrations/Migrator.php(132): Illuminate\\Database\\Migrations\\Migrator->runPending(Array, Array)
#18 /Users/meetpatel/_public_html (1)/vendor/laravel/framework/src/Illuminate/Database/Console/Migrations/MigrateCommand.php(90): Illuminate\\Database\\Migrations\\Migrator->run(Array, Array)
#19 /Users/meetpatel/_public_html (1)/vendor/laravel/framework/src/Illuminate/Database/Migrations/Migrator.php(641): Illuminate\\Database\\Console\\Migrations\\MigrateCommand->Illuminate\\Database\\Console\\Migrations\\{closure}()
#20 /Users/meetpatel/_public_html (1)/vendor/laravel/framework/src/Illuminate/Database/Console/Migrations/MigrateCommand.php(83): Illuminate\\Database\\Migrations\\Migrator->usingConnection(NULL, Object(Closure))
#21 /Users/meetpatel/_public_html (1)/vendor/laravel/framework/src/Illuminate/Container/BoundMethod.php(36): Illuminate\\Database\\Console\\Migrations\\MigrateCommand->handle()
#22 /Users/meetpatel/_public_html (1)/vendor/laravel/framework/src/Illuminate/Container/Util.php(41): Illuminate\\Container\\BoundMethod::Illuminate\\Container\\{closure}()
#23 /Users/meetpatel/_public_html (1)/vendor/laravel/framework/src/Illuminate/Container/BoundMethod.php(93): Illuminate\\Container\\Util::unwrapIfClosure(Object(Closure))
#24 /Users/meetpatel/_public_html (1)/vendor/laravel/framework/src/Illuminate/Container/BoundMethod.php(35): Illuminate\\Container\\BoundMethod::callBoundMethod(Object(Illuminate\\Foundation\\Application), Array, Object(Closure))
#25 /Users/meetpatel/_public_html (1)/vendor/laravel/framework/src/Illuminate/Container/Container.php(662): Illuminate\\Container\\BoundMethod::call(Object(Illuminate\\Foundation\\Application), Array, Array, NULL)
#26 /Users/meetpatel/_public_html (1)/vendor/laravel/framework/src/Illuminate/Console/Command.php(211): Illuminate\\Container\\Container->call(Array)
#27 /Users/meetpatel/_public_html (1)/vendor/symfony/console/Command/Command.php(326): Illuminate\\Console\\Command->execute(Object(Symfony\\Component\\Console\\Input\\ArgvInput), Object(Illuminate\\Console\\OutputStyle))
#28 /Users/meetpatel/_public_html (1)/vendor/laravel/framework/src/Illuminate/Console/Command.php(180): Symfony\\Component\\Console\\Command\\Command->run(Object(Symfony\\Component\\Console\\Input\\ArgvInput), Object(Illuminate\\Console\\OutputStyle))
#29 /Users/meetpatel/_public_html (1)/vendor/symfony/console/Application.php(1121): Illuminate\\Console\\Command->run(Object(Symfony\\Component\\Console\\Input\\ArgvInput), Object(Symfony\\Component\\Console\\Output\\ConsoleOutput))
#30 /Users/meetpatel/_public_html (1)/vendor/symfony/console/Application.php(324): Symfony\\Component\\Console\\Application->doRunCommand(Object(Illuminate\\Database\\Console\\Migrations\\MigrateCommand), Object(Symfony\\Component\\Console\\Input\\ArgvInput), Object(Symfony\\Component\\Console\\Output\\ConsoleOutput))
#31 /Users/meetpatel/_public_html (1)/vendor/symfony/console/Application.php(175): Symfony\\Component\\Console\\Application->doRun(Object(Symfony\\Component\\Console\\Input\\ArgvInput), Object(Symfony\\Component\\Console\\Output\\ConsoleOutput))
#32 /Users/meetpatel/_public_html (1)/vendor/laravel/framework/src/Illuminate/Foundation/Console/Kernel.php(201): Symfony\\Component\\Console\\Application->run(Object(Symfony\\Component\\Console\\Input\\ArgvInput), Object(Symfony\\Component\\Console\\Output\\ConsoleOutput))
#33 /Users/meetpatel/_public_html (1)/artisan(35): Illuminate\\Foundation\\Console\\Kernel->handle(Object(Symfony\\Component\\Console\\Input\\ArgvInput), Object(Symfony\\Component\\Console\\Output\\ConsoleOutput))
#34 {main}
"} 
[2026-07-15 02:49:41] local.ERROR: SQLSTATE[42S02]: Base table or view not found: 1146 Table 'u411614341_invoice.cutting' doesn't exist (Connection: mysql, SQL: alter table `cutting` add index `cutting_product_id_index`(`product_id`)) {"exception":"[object] (Illuminate\\Database\\QueryException(code: 42S02): SQLSTATE[42S02]: Base table or view not found: 1146 Table 'u411614341_invoice.cutting' doesn't exist (Connection: mysql, SQL: alter table `cutting` add index `cutting_product_id_index`(`product_id`)) at /Users/meetpatel/_public_html (1)/vendor/laravel/framework/src/Illuminate/Database/Connection.php:829)
[stacktrace]
#0 /Users/meetpatel/_public_html (1)/vendor/laravel/framework/src/Illuminate/Database/Connection.php(783): Illuminate\\Database\\Connection->runQueryCallback('alter table `cu...', Array, Object(Closure))
#1 /Users/meetpatel/_public_html (1)/vendor/laravel/framework/src/Illuminate/Database/Connection.php(576): Illuminate\\Database\\Connection->run('alter table `cu...', Array, Object(Closure))
#2 /Users/meetpatel/_public_html (1)/vendor/laravel/framework/src/Illuminate/Database/Schema/Blueprint.php(110): Illuminate\\Database\\Connection->statement('alter table `cu...')
#3 /Users/meetpatel/_public_html (1)/vendor/laravel/framework/src/Illuminate/Database/Schema/Builder.php(602): Illuminate\\Database\\Schema\\Blueprint->build(Object(Illuminate\\Database\\MySqlConnection), Object(Illuminate\\Database\\Schema\\Grammars\\MySqlGrammar))
#4 /Users/meetpatel/_public_html (1)/vendor/laravel/framework/src/Illuminate/Database/Schema/Builder.php(444): Illuminate\\Database\\Schema\\Builder->build(Object(Illuminate\\Database\\Schema\\Blueprint))
#5 /Users/meetpatel/_public_html (1)/vendor/laravel/framework/src/Illuminate/Support/Facades/Facade.php(355): Illuminate\\Database\\Schema\\Builder->table('cutting', Object(Closure))
#6 /Users/meetpatel/_public_html (1)/database/migrations/2026_07_15_024652_add_performance_indexes.php(29): Illuminate\\Support\\Facades\\Facade::__callStatic('table', Array)
#7 /Users/meetpatel/_public_html (1)/vendor/laravel/framework/src/Illuminate/Database/Migrations/Migrator.php(501): Illuminate\\Database\\Migrations\\Migration@anonymous->up()
#8 /Users/meetpatel/_public_html (1)/vendor/laravel/framework/src/Illuminate/Database/Migrations/Migrator.php(418): Illuminate\\Database\\Migrations\\Migrator->runMethod(Object(Illuminate\\Database\\MySqlConnection), Object(Illuminate\\Database\\Migrations\\Migration@anonymous), 'up')
#9 /Users/meetpatel/_public_html (1)/vendor/laravel/framework/src/Illuminate/Database/Migrations/Migrator.php(427): Illuminate\\Database\\Migrations\\Migrator->Illuminate\\Database\\Migrations\\{closure}()
#10 /Users/meetpatel/_public_html (1)/vendor/laravel/framework/src/Illuminate/Database/Migrations/Migrator.php(224): Illuminate\\Database\\Migrations\\Migrator->runMigration(Object(Illuminate\\Database\\Migrations\\Migration@anonymous), 'up')
#11 /Users/meetpatel/_public_html (1)/vendor/laravel/framework/src/Illuminate/Console/View/Components/Task.php(37): Illuminate\\Database\\Migrations\\Migrator->Illuminate\\Database\\Migrations\\{closure}()
#12 /Users/meetpatel/_public_html (1)/vendor/laravel/framework/src/Illuminate/Database/Migrations/Migrator.php(783): Illuminate\\Console\\View\\Components\\Task->render('2026_07_15_0246...', Object(Closure))
#13 /Users/meetpatel/_public_html (1)/vendor/laravel/framework/src/Illuminate/Database/Migrations/Migrator.php(224): Illuminate\\Database\\Migrations\\Migrator->write('Illuminate\\\\Cons...', '2026_07_15_0246...', Object(Closure))
#14 /Users/meetpatel/_public_html (1)/vendor/laravel/framework/src/Illuminate/Database/Migrations/Migrator.php(189): Illuminate\\Database\\Migrations\\Migrator->runUp('/Users/meetpate...', 2, false)
#15 /Users/meetpatel/_public_html (1)/vendor/laravel/framework/src/Illuminate/Database/Migrations/Migrator.php(132): Illuminate\\Database\\Migrations\\Migrator->runPending(Array, Array)
#16 /Users/meetpatel/_public_html (1)/vendor/laravel/framework/src/Illuminate/Database/Console/Migrations/MigrateCommand.php(90): Illuminate\\Database\\Migrations\\Migrator->run(Array, Array)
#17 /Users/meetpatel/_public_html (1)/vendor/laravel/framework/src/Illuminate/Database/Migrations/Migrator.php(641): Illuminate\\Database\\Console\\Migrations\\MigrateCommand->Illuminate\\Database\\Console\\Migrations\\{closure}()
#18 /Users/meetpatel/_public_html (1)/vendor/laravel/framework/src/Illuminate/Database/Console/Migrations/MigrateCommand.php(83): Illuminate\\Database\\Migrations\\Migrator->usingConnection(NULL, Object(Closure))
#19 /Users/meetpatel/_public_html (1)/vendor/laravel/framework/src/Illuminate/Container/BoundMethod.php(36): Illuminate\\Database\\Console\\Migrations\\MigrateCommand->handle()
#20 /Users/meetpatel/_public_html (1)/vendor/laravel/framework/src/Illuminate/Container/Util.php(41): Illuminate\\Container\\BoundMethod::Illuminate\\Container\\{closure}()
#21 /Users/meetpatel/_public_html (1)/vendor/laravel/framework/src/Illuminate/Container/BoundMethod.php(93): Illuminate\\Container\\Util::unwrapIfClosure(Object(Closure))
#22 /Users/meetpatel/_public_html (1)/vendor/laravel/framework/src/Illuminate/Container/BoundMethod.php(35): Illuminate\\Container\\BoundMethod::callBoundMethod(Object(Illuminate\\Foundation\\Application), Array, Object(Closure))
#23 /Users/meetpatel/_public_html (1)/vendor/laravel/framework/src/Illuminate/Container/Container.php(662): Illuminate\\Container\\BoundMethod::call(Object(Illuminate\\Foundation\\Application), Array, Array, NULL)
#24 /Users/meetpatel/_public_html (1)/vendor/laravel/framework/src/Illuminate/Console/Command.php(211): Illuminate\\Container\\Container->call(Array)
#25 /Users/meetpatel/_public_html (1)/vendor/symfony/console/Command/Command.php(326): Illuminate\\Console\\Command->execute(Object(Symfony\\Component\\Console\\Input\\ArgvInput), Object(Illuminate\\Console\\OutputStyle))
#26 /Users/meetpatel/_public_html (1)/vendor/laravel/framework/src/Illuminate/Console/Command.php(180): Symfony\\Component\\Console\\Command\\Command->run(Object(Symfony\\Component\\Console\\Input\\ArgvInput), Object(Illuminate\\Console\\OutputStyle))
#27 /Users/meetpatel/_public_html (1)/vendor/symfony/console/Application.php(1121): Illuminate\\Console\\Command->run(Object(Symfony\\Component\\Console\\Input\\ArgvInput), Object(Symfony\\Component\\Console\\Output\\ConsoleOutput))
#28 /Users/meetpatel/_public_html (1)/vendor/symfony/console/Application.php(324): Symfony\\Component\\Console\\Application->doRunCommand(Object(Illuminate\\Database\\Console\\Migrations\\MigrateCommand), Object(Symfony\\Component\\Console\\Input\\ArgvInput), Object(Symfony\\Component\\Console\\Output\\ConsoleOutput))
#29 /Users/meetpatel/_public_html (1)/vendor/symfony/console/Application.php(175): Symfony\\Component\\Console\\Application->doRun(Object(Symfony\\Component\\Console\\Input\\ArgvInput), Object(Symfony\\Component\\Console\\Output\\ConsoleOutput))
#30 /Users/meetpatel/_public_html (1)/vendor/laravel/framework/src/Illuminate/Foundation/Console/Kernel.php(201): Symfony\\Component\\Console\\Application->run(Object(Symfony\\Component\\Console\\Input\\ArgvInput), Object(Symfony\\Component\\Console\\Output\\ConsoleOutput))
#31 /Users/meetpatel/_public_html (1)/artisan(35): Illuminate\\Foundation\\Console\\Kernel->handle(Object(Symfony\\Component\\Console\\Input\\ArgvInput), Object(Symfony\\Component\\Console\\Output\\ConsoleOutput))
#32 {main}

[previous exception] [object] (PDOException(code: 42S02): SQLSTATE[42S02]: Base table or view not found: 1146 Table 'u411614341_invoice.cutting' doesn't exist at /Users/meetpatel/_public_html (1)/vendor/laravel/framework/src/Illuminate/Database/Connection.php:587)
[stacktrace]
#0 /Users/meetpatel/_public_html (1)/vendor/laravel/framework/src/Illuminate/Database/Connection.php(587): PDOStatement->execute()
#1 /Users/meetpatel/_public_html (1)/vendor/laravel/framework/src/Illuminate/Database/Connection.php(816): Illuminate\\Database\\Connection->Illuminate\\Database\\{closure}('alter table `cu...', Array)
#2 /Users/meetpatel/_public_html (1)/vendor/laravel/framework/src/Illuminate/Database/Connection.php(783): Illuminate\\Database\\Connection->runQueryCallback('alter table `cu...', Array, Object(Closure))
#3 /Users/meetpatel/_public_html (1)/vendor/laravel/framework/src/Illuminate/Database/Connection.php(576): Illuminate\\Database\\Connection->run('alter table `cu...', Array, Object(Closure))
#4 /Users/meetpatel/_public_html (1)/vendor/laravel/framework/src/Illuminate/Database/Schema/Blueprint.php(110): Illuminate\\Database\\Connection->statement('alter table `cu...')
#5 /Users/meetpatel/_public_html (1)/vendor/laravel/framework/src/Illuminate/Database/Schema/Builder.php(602): Illuminate\\Database\\Schema\\Blueprint->build(Object(Illuminate\\Database\\MySqlConnection), Object(Illuminate\\Database\\Schema\\Grammars\\MySqlGrammar))
#6 /Users/meetpatel/_public_html (1)/vendor/laravel/framework/src/Illuminate/Database/Schema/Builder.php(444): Illuminate\\Database\\Schema\\Builder->build(Object(Illuminate\\Database\\Schema\\Blueprint))
#7 /Users/meetpatel/_public_html (1)/vendor/laravel/framework/src/Illuminate/Support/Facades/Facade.php(355): Illuminate\\Database\\Schema\\Builder->table('cutting', Object(Closure))
#8 /Users/meetpatel/_public_html (1)/database/migrations/2026_07_15_024652_add_performance_indexes.php(29): Illuminate\\Support\\Facades\\Facade::__callStatic('table', Array)
#9 /Users/meetpatel/_public_html (1)/vendor/laravel/framework/src/Illuminate/Database/Migrations/Migrator.php(501): Illuminate\\Database\\Migrations\\Migration@anonymous->up()
#10 /Users/meetpatel/_public_html (1)/vendor/laravel/framework/src/Illuminate/Database/Migrations/Migrator.php(418): Illuminate\\Database\\Migrations\\Migrator->runMethod(Object(Illuminate\\Database\\MySqlConnection), Object(Illuminate\\Database\\Migrations\\Migration@anonymous), 'up')
#11 /Users/meetpatel/_public_html (1)/vendor/laravel/framework/src/Illuminate/Database/Migrations/Migrator.php(427): Illuminate\\Database\\Migrations\\Migrator->Illuminate\\Database\\Migrations\\{closure}()
#12 /Users/meetpatel/_public_html (1)/vendor/laravel/framework/src/Illuminate/Database/Migrations/Migrator.php(224): Illuminate\\Database\\Migrations\\Migrator->runMigration(Object(Illuminate\\Database\\Migrations\\Migration@anonymous), 'up')
#13 /Users/meetpatel/_public_html (1)/vendor/laravel/framework/src/Illuminate/Console/View/Components/Task.php(37): Illuminate\\Database\\Migrations\\Migrator->Illuminate\\Database\\Migrations\\{closure}()
#14 /Users/meetpatel/_public_html (1)/vendor/laravel/framework/src/Illuminate/Database/Migrations/Migrator.php(783): Illuminate\\Console\\View\\Components\\Task->render('2026_07_15_0246...', Object(Closure))
#15 /Users/meetpatel/_public_html (1)/vendor/laravel/framework/src/Illuminate/Database/Migrations/Migrator.php(224): Illuminate\\Database\\Migrations\\Migrator->write('Illuminate\\\\Cons...', '2026_07_15_0246...', Object(Closure))
#16 /Users/meetpatel/_public_html (1)/vendor/laravel/framework/src/Illuminate/Database/Migrations/Migrator.php(189): Illuminate\\Database\\Migrations\\Migrator->runUp('/Users/meetpate...', 2, false)
#17 /Users/meetpatel/_public_html (1)/vendor/laravel/framework/src/Illuminate/Database/Migrations/Migrator.php(132): Illuminate\\Database\\Migrations\\Migrator->runPending(Array, Array)
#18 /Users/meetpatel/_public_html (1)/vendor/laravel/framework/src/Illuminate/Database/Console/Migrations/MigrateCommand.php(90): Illuminate\\Database\\Migrations\\Migrator->run(Array, Array)
#19 /Users/meetpatel/_public_html (1)/vendor/laravel/framework/src/Illuminate/Database/Migrations/Migrator.php(641): Illuminate\\Database\\Console\\Migrations\\MigrateCommand->Illuminate\\Database\\Console\\Migrations\\{closure}()
#20 /Users/meetpatel/_public_html (1)/vendor/laravel/framework/src/Illuminate/Database/Console/Migrations/MigrateCommand.php(83): Illuminate\\Database\\Migrations\\Migrator->usingConnection(NULL, Object(Closure))
#21 /Users/meetpatel/_public_html (1)/vendor/laravel/framework/src/Illuminate/Container/BoundMethod.php(36): Illuminate\\Database\\Console\\Migrations\\MigrateCommand->handle()
#22 /Users/meetpatel/_public_html (1)/vendor/laravel/framework/src/Illuminate/Container/Util.php(41): Illuminate\\Container\\BoundMethod::Illuminate\\Container\\{closure}()
#23 /Users/meetpatel/_public_html (1)/vendor/laravel/framework/src/Illuminate/Container/BoundMethod.php(93): Illuminate\\Container\\Util::unwrapIfClosure(Object(Closure))
#24 /Users/meetpatel/_public_html (1)/vendor/laravel/framework/src/Illuminate/Container/BoundMethod.php(35): Illuminate\\Container\\BoundMethod::callBoundMethod(Object(Illuminate\\Foundation\\Application), Array, Object(Closure))
#25 /Users/meetpatel/_public_html (1)/vendor/laravel/framework/src/Illuminate/Container/Container.php(662): Illuminate\\Container\\BoundMethod::call(Object(Illuminate\\Foundation\\Application), Array, Array, NULL)
#26 /Users/meetpatel/_public_html (1)/vendor/laravel/framework/src/Illuminate/Console/Command.php(211): Illuminate\\Container\\Container->call(Array)
#27 /Users/meetpatel/_public_html (1)/vendor/symfony/console/Command/Command.php(326): Illuminate\\Console\\Command->execute(Object(Symfony\\Component\\Console\\Input\\ArgvInput), Object(Illuminate\\Console\\OutputStyle))
#28 /Users/meetpatel/_public_html (1)/vendor/laravel/framework/src/Illuminate/Console/Command.php(180): Symfony\\Component\\Console\\Command\\Command->run(Object(Symfony\\Component\\Console\\Input\\ArgvInput), Object(Illuminate\\Console\\OutputStyle))
#29 /Users/meetpatel/_public_html (1)/vendor/symfony/console/Application.php(1121): Illuminate\\Console\\Command->run(Object(Symfony\\Component\\Console\\Input\\ArgvInput), Object(Symfony\\Component\\Console\\Output\\ConsoleOutput))
#30 /Users/meetpatel/_public_html (1)/vendor/symfony/console/Application.php(324): Symfony\\Component\\Console\\Application->doRunCommand(Object(Illuminate\\Database\\Console\\Migrations\\MigrateCommand), Object(Symfony\\Component\\Console\\Input\\ArgvInput), Object(Symfony\\Component\\Console\\Output\\ConsoleOutput))
#31 /Users/meetpatel/_public_html (1)/vendor/symfony/console/Application.php(175): Symfony\\Component\\Console\\Application->doRun(Object(Symfony\\Component\\Console\\Input\\ArgvInput), Object(Symfony\\Component\\Console\\Output\\ConsoleOutput))
#32 /Users/meetpatel/_public_html (1)/vendor/laravel/framework/src/Illuminate/Foundation/Console/Kernel.php(201): Symfony\\Component\\Console\\Application->run(Object(Symfony\\Component\\Console\\Input\\ArgvInput), Object(Symfony\\Component\\Console\\Output\\ConsoleOutput))
#33 /Users/meetpatel/_public_html (1)/artisan(35): Illuminate\\Foundation\\Console\\Kernel->handle(Object(Symfony\\Component\\Console\\Input\\ArgvInput), Object(Symfony\\Component\\Console\\Output\\ConsoleOutput))
#34 {main}
"} 
[2026-07-15 02:49:51] local.ERROR: SQLSTATE[42000]: Syntax error or access violation: 1061 Duplicate key name 'addlaser_product_id_index' (Connection: mysql, SQL: alter table `addlaser` add index `addlaser_product_id_index`(`product_id`)) {"exception":"[object] (Illuminate\\Database\\QueryException(code: 42000): SQLSTATE[42000]: Syntax error or access violation: 1061 Duplicate key name 'addlaser_product_id_index' (Connection: mysql, SQL: alter table `addlaser` add index `addlaser_product_id_index`(`product_id`)) at /Users/meetpatel/_public_html (1)/vendor/laravel/framework/src/Illuminate/Database/Connection.php:829)
[stacktrace]
#0 /Users/meetpatel/_public_html (1)/vendor/laravel/framework/src/Illuminate/Database/Connection.php(783): Illuminate\\Database\\Connection->runQueryCallback('alter table `ad...', Array, Object(Closure))
#1 /Users/meetpatel/_public_html (1)/vendor/laravel/framework/src/Illuminate/Database/Connection.php(576): Illuminate\\Database\\Connection->run('alter table `ad...', Array, Object(Closure))
#2 /Users/meetpatel/_public_html (1)/vendor/laravel/framework/src/Illuminate/Database/Schema/Blueprint.php(110): Illuminate\\Database\\Connection->statement('alter table `ad...')
#3 /Users/meetpatel/_public_html (1)/vendor/laravel/framework/src/Illuminate/Database/Schema/Builder.php(602): Illuminate\\Database\\Schema\\Blueprint->build(Object(Illuminate\\Database\\MySqlConnection), Object(Illuminate\\Database\\Schema\\Grammars\\MySqlGrammar))
#4 /Users/meetpatel/_public_html (1)/vendor/laravel/framework/src/Illuminate/Database/Schema/Builder.php(444): Illuminate\\Database\\Schema\\Builder->build(Object(Illuminate\\Database\\Schema\\Blueprint))
#5 /Users/meetpatel/_public_html (1)/vendor/laravel/framework/src/Illuminate/Support/Facades/Facade.php(355): Illuminate\\Database\\Schema\\Builder->table('addlaser', Object(Closure))
#6 /Users/meetpatel/_public_html (1)/database/migrations/2026_07_15_024652_add_performance_indexes.php(14): Illuminate\\Support\\Facades\\Facade::__callStatic('table', Array)
#7 /Users/meetpatel/_public_html (1)/vendor/laravel/framework/src/Illuminate/Database/Migrations/Migrator.php(501): Illuminate\\Database\\Migrations\\Migration@anonymous->up()
#8 /Users/meetpatel/_public_html (1)/vendor/laravel/framework/src/Illuminate/Database/Migrations/Migrator.php(418): Illuminate\\Database\\Migrations\\Migrator->runMethod(Object(Illuminate\\Database\\MySqlConnection), Object(Illuminate\\Database\\Migrations\\Migration@anonymous), 'up')
#9 /Users/meetpatel/_public_html (1)/vendor/laravel/framework/src/Illuminate/Database/Migrations/Migrator.php(427): Illuminate\\Database\\Migrations\\Migrator->Illuminate\\Database\\Migrations\\{closure}()
#10 /Users/meetpatel/_public_html (1)/vendor/laravel/framework/src/Illuminate/Database/Migrations/Migrator.php(224): Illuminate\\Database\\Migrations\\Migrator->runMigration(Object(Illuminate\\Database\\Migrations\\Migration@anonymous), 'up')
#11 /Users/meetpatel/_public_html (1)/vendor/laravel/framework/src/Illuminate/Console/View/Components/Task.php(37): Illuminate\\Database\\Migrations\\Migrator->Illuminate\\Database\\Migrations\\{closure}()
#12 /Users/meetpatel/_public_html (1)/vendor/laravel/framework/src/Illuminate/Database/Migrations/Migrator.php(783): Illuminate\\Console\\View\\Components\\Task->render('2026_07_15_0246...', Object(Closure))
#13 /Users/meetpatel/_public_html (1)/vendor/laravel/framework/src/Illuminate/Database/Migrations/Migrator.php(224): Illuminate\\Database\\Migrations\\Migrator->write('Illuminate\\\\Cons...', '2026_07_15_0246...', Object(Closure))
#14 /Users/meetpatel/_public_html (1)/vendor/laravel/framework/src/Illuminate/Database/Migrations/Migrator.php(189): Illuminate\\Database\\Migrations\\Migrator->runUp('/Users/meetpate...', 2, false)
#15 /Users/meetpatel/_public_html (1)/vendor/laravel/framework/src/Illuminate/Database/Migrations/Migrator.php(132): Illuminate\\Database\\Migrations\\Migrator->runPending(Array, Array)
#16 /Users/meetpatel/_public_html (1)/vendor/laravel/framework/src/Illuminate/Database/Console/Migrations/MigrateCommand.php(90): Illuminate\\Database\\Migrations\\Migrator->run(Array, Array)
#17 /Users/meetpatel/_public_html (1)/vendor/laravel/framework/src/Illuminate/Database/Migrations/Migrator.php(641): Illuminate\\Database\\Console\\Migrations\\MigrateCommand->Illuminate\\Database\\Console\\Migrations\\{closure}()
#18 /Users/meetpatel/_public_html (1)/vendor/laravel/framework/src/Illuminate/Database/Console/Migrations/MigrateCommand.php(83): Illuminate\\Database\\Migrations\\Migrator->usingConnection(NULL, Object(Closure))
#19 /Users/meetpatel/_public_html (1)/vendor/laravel/framework/src/Illuminate/Container/BoundMethod.php(36): Illuminate\\Database\\Console\\Migrations\\MigrateCommand->handle()
#20 /Users/meetpatel/_public_html (1)/vendor/laravel/framework/src/Illuminate/Container/Util.php(41): Illuminate\\Container\\BoundMethod::Illuminate\\Container\\{closure}()
#21 /Users/meetpatel/_public_html (1)/vendor/laravel/framework/src/Illuminate/Container/BoundMethod.php(93): Illuminate\\Container\\Util::unwrapIfClosure(Object(Closure))
#22 /Users/meetpatel/_public_html (1)/vendor/laravel/framework/src/Illuminate/Container/BoundMethod.php(35): Illuminate\\Container\\BoundMethod::callBoundMethod(Object(Illuminate\\Foundation\\Application), Array, Object(Closure))
#23 /Users/meetpatel/_public_html (1)/vendor/laravel/framework/src/Illuminate/Container/Container.php(662): Illuminate\\Container\\BoundMethod::call(Object(Illuminate\\Foundation\\Application), Array, Array, NULL)
#24 /Users/meetpatel/_public_html (1)/vendor/laravel/framework/src/Illuminate/Console/Command.php(211): Illuminate\\Container\\Container->call(Array)
#25 /Users/meetpatel/_public_html (1)/vendor/symfony/console/Command/Command.php(326): Illuminate\\Console\\Command->execute(Object(Symfony\\Component\\Console\\Input\\ArgvInput), Object(Illuminate\\Console\\OutputStyle))
#26 /Users/meetpatel/_public_html (1)/vendor/laravel/framework/src/Illuminate/Console/Command.php(180): Symfony\\Component\\Console\\Command\\Command->run(Object(Symfony\\Component\\Console\\Input\\ArgvInput), Object(Illuminate\\Console\\OutputStyle))
#27 /Users/meetpatel/_public_html (1)/vendor/symfony/console/Application.php(1121): Illuminate\\Console\\Command->run(Object(Symfony\\Component\\Console\\Input\\ArgvInput), Object(Symfony\\Component\\Console\\Output\\ConsoleOutput))
#28 /Users/meetpatel/_public_html (1)/vendor/symfony/console/Application.php(324): Symfony\\Component\\Console\\Application->doRunCommand(Object(Illuminate\\Database\\Console\\Migrations\\MigrateCommand), Object(Symfony\\Component\\Console\\Input\\ArgvInput), Object(Symfony\\Component\\Console\\Output\\ConsoleOutput))
#29 /Users/meetpatel/_public_html (1)/vendor/symfony/console/Application.php(175): Symfony\\Component\\Console\\Application->doRun(Object(Symfony\\Component\\Console\\Input\\ArgvInput), Object(Symfony\\Component\\Console\\Output\\ConsoleOutput))
#30 /Users/meetpatel/_public_html (1)/vendor/laravel/framework/src/Illuminate/Foundation/Console/Kernel.php(201): Symfony\\Component\\Console\\Application->run(Object(Symfony\\Component\\Console\\Input\\ArgvInput), Object(Symfony\\Component\\Console\\Output\\ConsoleOutput))
#31 /Users/meetpatel/_public_html (1)/artisan(35): Illuminate\\Foundation\\Console\\Kernel->handle(Object(Symfony\\Component\\Console\\Input\\ArgvInput), Object(Symfony\\Component\\Console\\Output\\ConsoleOutput))
#32 {main}

[previous exception] [object] (PDOException(code: 42000): SQLSTATE[42000]: Syntax error or access violation: 1061 Duplicate key name 'addlaser_product_id_index' at /Users/meetpatel/_public_html (1)/vendor/laravel/framework/src/Illuminate/Database/Connection.php:587)
[stacktrace]
#0 /Users/meetpatel/_public_html (1)/vendor/laravel/framework/src/Illuminate/Database/Connection.php(587): PDOStatement->execute()
#1 /Users/meetpatel/_public_html (1)/vendor/laravel/framework/src/Illuminate/Database/Connection.php(816): Illuminate\\Database\\Connection->Illuminate\\Database\\{closure}('alter table `ad...', Array)
#2 /Users/meetpatel/_public_html (1)/vendor/laravel/framework/src/Illuminate/Database/Connection.php(783): Illuminate\\Database\\Connection->runQueryCallback('alter table `ad...', Array, Object(Closure))
#3 /Users/meetpatel/_public_html (1)/vendor/laravel/framework/src/Illuminate/Database/Connection.php(576): Illuminate\\Database\\Connection->run('alter table `ad...', Array, Object(Closure))
#4 /Users/meetpatel/_public_html (1)/vendor/laravel/framework/src/Illuminate/Database/Schema/Blueprint.php(110): Illuminate\\Database\\Connection->statement('alter table `ad...')
#5 /Users/meetpatel/_public_html (1)/vendor/laravel/framework/src/Illuminate/Database/Schema/Builder.php(602): Illuminate\\Database\\Schema\\Blueprint->build(Object(Illuminate\\Database\\MySqlConnection), Object(Illuminate\\Database\\Schema\\Grammars\\MySqlGrammar))
#6 /Users/meetpatel/_public_html (1)/vendor/laravel/framework/src/Illuminate/Database/Schema/Builder.php(444): Illuminate\\Database\\Schema\\Builder->build(Object(Illuminate\\Database\\Schema\\Blueprint))
#7 /Users/meetpatel/_public_html (1)/vendor/laravel/framework/src/Illuminate/Support/Facades/Facade.php(355): Illuminate\\Database\\Schema\\Builder->table('addlaser', Object(Closure))
#8 /Users/meetpatel/_public_html (1)/database/migrations/2026_07_15_024652_add_performance_indexes.php(14): Illuminate\\Support\\Facades\\Facade::__callStatic('table', Array)
#9 /Users/meetpatel/_public_html (1)/vendor/laravel/framework/src/Illuminate/Database/Migrations/Migrator.php(501): Illuminate\\Database\\Migrations\\Migration@anonymous->up()
#10 /Users/meetpatel/_public_html (1)/vendor/laravel/framework/src/Illuminate/Database/Migrations/Migrator.php(418): Illuminate\\Database\\Migrations\\Migrator->runMethod(Object(Illuminate\\Database\\MySqlConnection), Object(Illuminate\\Database\\Migrations\\Migration@anonymous), 'up')
#11 /Users/meetpatel/_public_html (1)/vendor/laravel/framework/src/Illuminate/Database/Migrations/Migrator.php(427): Illuminate\\Database\\Migrations\\Migrator->Illuminate\\Database\\Migrations\\{closure}()
#12 /Users/meetpatel/_public_html (1)/vendor/laravel/framework/src/Illuminate/Database/Migrations/Migrator.php(224): Illuminate\\Database\\Migrations\\Migrator->runMigration(Object(Illuminate\\Database\\Migrations\\Migration@anonymous), 'up')
#13 /Users/meetpatel/_public_html (1)/vendor/laravel/framework/src/Illuminate/Console/View/Components/Task.php(37): Illuminate\\Database\\Migrations\\Migrator->Illuminate\\Database\\Migrations\\{closure}()
#14 /Users/meetpatel/_public_html (1)/vendor/laravel/framework/src/Illuminate/Database/Migrations/Migrator.php(783): Illuminate\\Console\\View\\Components\\Task->render('2026_07_15_0246...', Object(Closure))
#15 /Users/meetpatel/_public_html (1)/vendor/laravel/framework/src/Illuminate/Database/Migrations/Migrator.php(224): Illuminate\\Database\\Migrations\\Migrator->write('Illuminate\\\\Cons...', '2026_07_15_0246...', Object(Closure))
#16 /Users/meetpatel/_public_html (1)/vendor/laravel/framework/src/Illuminate/Database/Migrations/Migrator.php(189): Illuminate\\Database\\Migrations\\Migrator->runUp('/Users/meetpate...', 2, false)
#17 /Users/meetpatel/_public_html (1)/vendor/laravel/framework/src/Illuminate/Database/Migrations/Migrator.php(132): Illuminate\\Database\\Migrations\\Migrator->runPending(Array, Array)
#18 /Users/meetpatel/_public_html (1)/vendor/laravel/framework/src/Illuminate/Database/Console/Migrations/MigrateCommand.php(90): Illuminate\\Database\\Migrations\\Migrator->run(Array, Array)
#19 /Users/meetpatel/_public_html (1)/vendor/laravel/framework/src/Illuminate/Database/Migrations/Migrator.php(641): Illuminate\\Database\\Console\\Migrations\\MigrateCommand->Illuminate\\Database\\Console\\Migrations\\{closure}()
#20 /Users/meetpatel/_public_html (1)/vendor/laravel/framework/src/Illuminate/Database/Console/Migrations/MigrateCommand.php(83): Illuminate\\Database\\Migrations\\Migrator->usingConnection(NULL, Object(Closure))
#21 /Users/meetpatel/_public_html (1)/vendor/laravel/framework/src/Illuminate/Container/BoundMethod.php(36): Illuminate\\Database\\Console\\Migrations\\MigrateCommand->handle()
#22 /Users/meetpatel/_public_html (1)/vendor/laravel/framework/src/Illuminate/Container/Util.php(41): Illuminate\\Container\\BoundMethod::Illuminate\\Container\\{closure}()
#23 /Users/meetpatel/_public_html (1)/vendor/laravel/framework/src/Illuminate/Container/BoundMethod.php(93): Illuminate\\Container\\Util::unwrapIfClosure(Object(Closure))
#24 /Users/meetpatel/_public_html (1)/vendor/laravel/framework/src/Illuminate/Container/BoundMethod.php(35): Illuminate\\Container\\BoundMethod::callBoundMethod(Object(Illuminate\\Foundation\\Application), Array, Object(Closure))
#25 /Users/meetpatel/_public_html (1)/vendor/laravel/framework/src/Illuminate/Container/Container.php(662): Illuminate\\Container\\BoundMethod::call(Object(Illuminate\\Foundation\\Application), Array, Array, NULL)
#26 /Users/meetpatel/_public_html (1)/vendor/laravel/framework/src/Illuminate/Console/Command.php(211): Illuminate\\Container\\Container->call(Array)
#27 /Users/meetpatel/_public_html (1)/vendor/symfony/console/Command/Command.php(326): Illuminate\\Console\\Command->execute(Object(Symfony\\Component\\Console\\Input\\ArgvInput), Object(Illuminate\\Console\\OutputStyle))
#28 /Users/meetpatel/_public_html (1)/vendor/laravel/framework/src/Illuminate/Console/Command.php(180): Symfony\\Component\\Console\\Command\\Command->run(Object(Symfony\\Component\\Console\\Input\\ArgvInput), Object(Illuminate\\Console\\OutputStyle))
#29 /Users/meetpatel/_public_html (1)/vendor/symfony/console/Application.php(1121): Illuminate\\Console\\Command->run(Object(Symfony\\Component\\Console\\Input\\ArgvInput), Object(Symfony\\Component\\Console\\Output\\ConsoleOutput))
#30 /Users/meetpatel/_public_html (1)/vendor/symfony/console/Application.php(324): Symfony\\Component\\Console\\Application->doRunCommand(Object(Illuminate\\Database\\Console\\Migrations\\MigrateCommand), Object(Symfony\\Component\\Console\\Input\\ArgvInput), Object(Symfony\\Component\\Console\\Output\\ConsoleOutput))
#31 /Users/meetpatel/_public_html (1)/vendor/symfony/console/Application.php(175): Symfony\\Component\\Console\\Application->doRun(Object(Symfony\\Component\\Console\\Input\\ArgvInput), Object(Symfony\\Component\\Console\\Output\\ConsoleOutput))
#32 /Users/meetpatel/_public_html (1)/vendor/laravel/framework/src/Illuminate/Foundation/Console/Kernel.php(201): Symfony\\Component\\Console\\Application->run(Object(Symfony\\Component\\Console\\Input\\ArgvInput), Object(Symfony\\Component\\Console\\Output\\ConsoleOutput))
#33 /Users/meetpatel/_public_html (1)/artisan(35): Illuminate\\Foundation\\Console\\Kernel->handle(Object(Symfony\\Component\\Console\\Input\\ArgvInput), Object(Symfony\\Component\\Console\\Output\\ConsoleOutput))
#34 {main}
"} 
